employee_id,zone,region,urbanity,home_lat,home_lon,job_family,shift_worker,shift_pattern,offpeak_travel,days_on_site_per_week,commute_days_per_month,age,has_children_under12,car_available,green_attitude,already_has_dticket,field_role,boarding_station,boarding_station_id,access_km,access_mode,access_min,wait_min,ride_and_lastmile_min,transfers,pt_total_min,car_km_still_driven,car_km_one_way,car_total_min,car_cost_eur_month,commute_band,pt_vs_car_min,pt_car_time_ratio,active_mobility_candidate
SYN-00001,Hamburg-Wilhelmsburg,Hamburg,urban,53.49111,9.99381,Production & Technical,True,Early (06:00),True,5,19.5,32,False,True,0.852,False,False,Wilhelmsburg,wilhelmsburg,2.39,Feeder bus,16.2,6.0,62.0,1,84.2,0.0,29.77,42.9,348.31,> 60 min,41.3,1.96,False
SYN-00002,Hamburg-Barmbek,Hamburg,urban_core,53.58815,10.02049,Production & Technical,True,Early (06:00),True,5,19.5,48,False,False,1.207,False,False,Alsterdorf,alsterdorf,2.31,Feeder bus,15.9,3.6,33.1,0,52.7,0.0,15.01,27.8,175.62,46–60 min,24.9,1.9,False
SYN-00003,Quickborn,Kr. Pinneberg,suburban,53.72932,9.87636,Office & Commercial,False,Day (08:00),False,2,7.8,45,True,True,-0.133,False,False,Quickborn,quickborn,2.36,Feeder bus,16.1,6.0,42.8,0,64.9,0.0,16.39,23.8,76.72,> 60 min,41.1,2.73,False
SYN-00004,Hamburg-Billstedt/Horn,Hamburg,urban,53.55978,10.07009,Production & Technical,True,Early (06:00),True,5,19.5,51,False,False,-0.299,False,False,Hasselbrook,hasselbrook,2.14,Feeder bus,15.4,6.0,45.8,1,67.2,0.0,19.21,30.1,224.71,> 60 min,37.1,2.23,False
SYN-00005,Hamburg-Langenhorn,Hamburg,urban,53.67301,10.01336,Lab & R&D,False,Day (08:00),False,5,19.5,38,False,True,0.35,False,False,Local bus stop,local_bus,0.4,Walk to bus stop,5.0,6.0,11.4,0,22.4,0.0,3.61,14.3,42.22,≤ 30 min,8.1,1.57,True
SYN-00006,Reinbek/Glinde,Kr. Stormarn,suburban,53.52509,10.2384,Production & Technical,False,Day (08:00),False,5,19.5,32,False,True,-0.35,False,False,Reinbek,reinbek,2.23,Feeder bus,15.7,6.0,75.6,1,97.3,0.0,29.71,41.5,347.62,> 60 min,55.8,2.34,False
SYN-00007,Hamburg-Blankenese/Osdorf,Hamburg,suburban,53.5521,9.78588,Production & Technical,True,Late (14:00),True,5,19.5,52,False,True,0.937,False,False,Blankenese,blankenese,2.51,Feeder bus,16.5,6.0,70.6,1,93.1,0.0,30.79,33.1,360.22,> 60 min,60.0,2.81,False
SYN-00008,Hamburg-Harburg,Hamburg,urban,53.45448,10.01017,Production & Technical,False,Day (08:00),False,5,19.5,36,False,True,2.127,False,False,Harburg,harburg,1.73,Feeder bus,14.2,4.0,65.7,1,83.9,0.0,35.05,44.2,410.04,> 60 min,39.7,1.9,False
SYN-00009,Hamburg-Langenhorn,Hamburg,urban,53.6676,10.03157,Production & Technical,True,Late (14:00),True,5,19.5,44,False,True,1.566,False,False,Local bus stop,local_bus,0.4,Walk to bus stop,5.0,6.0,10.1,0,21.1,0.0,3.19,13.4,37.33,≤ 30 min,7.7,1.57,True
SYN-00010,Hamburg-Eppendorf,Hamburg,urban_core,53.59793,9.97891,Production & Technical,False,Day (08:00),False,5,19.5,25,True,True,-1.518,True,False,Lattenkamp,lattenkamp,1.78,Feeder bus,14.3,2.0,35.3,0,51.6,0.0,14.65,27.5,171.42,46–60 min,24.1,1.88,False
SYN-00011,Hamburg-Winterhude,Hamburg,urban_core,53.58916,9.98842,Office & Commercial,False,Day (08:00),False,3,11.7,36,False,True,0.013,False,False,Kellinghusenstraße,kellinghusenstrasse,0.33,Walk,4.2,2.0,37.8,0,43.9,0.0,15.56,28.1,109.24,31–45 min,15.8,1.56,False
SYN-00012,Uetersen,Kr. Pinneberg,rural,53.6991,9.66071,Production & Technical,False,Day (08:00),False,5,19.5,53,False,False,-0.479,False,False,Tornesch,tornesch,4.92,Feeder bus,23.8,6.0,81.0,1,110.8,0.0,34.33,34.9,401.68,> 60 min,75.9,3.17,False
SYN-00013,Hamburg-Rahlstedt,Hamburg,suburban,53.58867,10.17084,Office & Commercial,False,Day (08:00),False,4,15.6,34,True,True,0.496,False,False,Trabrennbahn,trabrennbahn,7.44,Park+Ride,17.9,2.0,59.3,3,79.2,7.44,18.45,25.4,172.66,> 60 min,53.8,3.12,False
SYN-00014,Henstedt-Ulzburg,Kr. Segeberg,suburban,53.77644,9.9745,Lab & R&D,False,Day (08:00),False,4,15.6,51,True,True,-1.977,False,False,Ulzburg Süd,ulzburg_sued,0.98,Feeder bus,12.0,6.0,36.8,0,54.7,0.0,14.87,22.6,139.22,46–60 min,32.1,2.42,False
SYN-00015,Hamburg-Barmbek,Hamburg,urban_core,53.57661,10.04115,Office & Commercial,False,Day (08:00),False,4,15.6,20,False,False,-1.027,False,False,Friedrichsberg,friedrichsberg,0.62,Walk,7.7,4.0,42.0,1,53.8,0.0,16.57,28.7,155.1,46–60 min,25.1,1.87,False
SYN-00016,Hamburg-Poppenbüttel,Hamburg,suburban,53.66815,10.10004,Office & Commercial,False,Day (08:00),False,2,7.8,36,False,False,1.307,True,False,Local bus stop,local_bus,0.4,Walk to bus stop,5.0,6.0,17.5,0,28.5,0.0,5.54,13.3,25.93,≤ 30 min,15.2,2.14,False
SYN-00017,Hamburg-Altona/Ottensen,Hamburg,urban_core,53.55284,9.94691,Production & Technical,True,Early (06:00),True,5,19.5,40,True,True,-0.176,False,False,Stephansplatz,stephansplatz,3.64,Feeder bus,19.9,3.6,43.4,0,66.9,0.0,22.0,31.4,257.35,> 60 min,35.5,2.13,False
SYN-00018,Norderstedt,Kr. Segeberg,suburban,53.68274,9.98811,Production & Technical,True,Late (14:00),True,5,19.5,61,False,False,-1.904,False,False,Local bus stop,local_bus,0.4,Walk to bus stop,5.0,6.0,16.5,0,27.5,0.0,5.22,12.9,61.1,≤ 30 min,14.6,2.13,False
SYN-00019,Henstedt-Ulzburg,Kr. Segeberg,suburban,53.80684,9.99285,Production & Technical,True,Late (14:00),True,5,19.5,29,False,True,-0.987,False,False,Ulzburg Süd,ulzburg_sued,4.5,Feeder bus,22.5,6.0,36.8,0,65.3,0.0,18.61,25.5,217.79,> 60 min,39.8,2.56,False
SYN-00020,Hamburg-Rahlstedt,Hamburg,suburban,53.61088,10.15045,Field & Sales,False,Day (08:00),False,2,7.8,49,False,True,0.174,False,True,Berne,berne,3.33,Feeder bus,19.0,2.0,63.0,3,84.0,0.0,14.7,22.4,68.8,> 60 min,61.6,3.75,False
SYN-00021,Hamburg-Blankenese/Osdorf,Hamburg,suburban,53.57573,9.80121,Office & Commercial,False,Day (08:00),False,2,7.8,54,False,True,-1.123,True,False,Iserbrook,iserbrook,1.01,Feeder bus,12.0,4.0,71.1,1,87.2,0.0,27.48,31.3,128.61,> 60 min,55.9,2.79,False
SYN-00022,Hamburg-Bramfeld/Farmsen,Hamburg,urban,53.61292,10.10454,Production & Technical,True,Night (22:00),True,5,19.5,34,True,True,0.525,False,False,Wandsbek-Gartenstadt,wandsbek_gartenstadt,4.51,Feeder bus,22.5,3.6,54.7,1,80.8,0.0,12.26,25.8,143.41,> 60 min,55.0,3.13,False
SYN-00023,Bad Oldesloe,Kr. Stormarn,rural,53.81063,10.34736,Office & Commercial,False,Day (08:00),False,3,11.7,38,False,True,-1.212,False,False,Bad Oldesloe,bad_oldesloe,2.46,Feeder bus,16.4,6.0,84.8,2,107.2,0.0,32.53,34.0,228.37,> 60 min,73.2,3.15,False
SYN-00024,Pinneberg,Kr. Pinneberg,suburban,53.66985,9.81454,Lab & R&D,False,Day (08:00),False,5,19.5,44,False,True,-1.878,False,False,Pinneberg,pinneberg,2.09,Feeder bus,15.3,4.0,72.0,1,91.3,0.0,20.78,27.1,243.09,> 60 min,64.2,3.37,False
SYN-00025,Hamburg-Wilhelmsburg,Hamburg,urban,53.51254,10.00082,Office & Commercial,False,Day (08:00),False,4,15.6,26,False,True,1.841,False,False,HafenCity Universität,hafencity_universitaet,3.76,Feeder bus,20.3,2.0,53.3,1,75.6,0.0,26.49,42.0,247.99,> 60 min,33.6,1.8,False
SYN-00026,Hamburg-Niendorf,Hamburg,urban,53.61716,9.91893,Office & Commercial,False,Day (08:00),False,2,7.8,37,True,True,0.632,False,False,Niendorf Markt,niendorf_markt,2.75,Feeder bus,17.2,2.0,50.7,0,69.9,0.0,15.44,28.1,72.26,> 60 min,41.8,2.49,False
SYN-00027,Hamburg-Eppendorf,Hamburg,urban_core,53.59839,9.9915,Lab & R&D,False,Day (08:00),False,5,19.5,56,False,False,-0.217,True,False,Lattenkamp,lattenkamp,0.73,Walk,9.2,2.0,35.3,0,46.4,0.0,14.16,27.2,165.72,46–60 min,19.2,1.71,False
SYN-00028,Norderstedt,Kr. Segeberg,suburban,53.69825,9.96077,Office & Commercial,False,Day (08:00),False,3,11.7,48,True,True,-0.721,False,False,Local bus stop,local_bus,0.4,Walk to bus stop,5.0,6.0,24.6,0,35.6,0.0,7.8,15.8,54.75,31–45 min,19.8,2.25,False
SYN-00029,Hamburg-Fuhlsbüttel,Hamburg,urban,53.62618,10.00682,Office & Commercial,False,Day (08:00),False,2,7.8,40,False,False,1.648,True,False,Fuhlsbüttel,fuhlsbuettel,1.99,Feeder bus,15.0,2.0,26.5,0,43.5,0.0,9.78,23.6,45.77,31–45 min,19.9,1.84,False
SYN-00030,Hamburg-Billstedt/Horn,Hamburg,urban,53.54525,10.08079,Production & Technical,False,Day (08:00),False,5,19.5,43,True,True,0.725,True,False,Hasselbrook,hasselbrook,4.24,Feeder bus,21.7,4.0,43.8,1,69.5,0.0,21.49,31.1,251.44,> 60 min,38.4,2.23,False
SYN-00031,Hamburg-Bahrenfeld/Lurup,Hamburg,urban,53.57992,9.88453,Production & Technical,False,Day (08:00),False,5,19.5,48,False,True,1.197,False,False,Langenfelde,langenfelde,2.82,Feeder bus,17.5,4.0,60.0,2,81.5,0.0,21.58,31.2,252.51,> 60 min,50.3,2.61,False
SYN-00032,Bargteheide,Kr. Stormarn,rural,53.72596,10.24791,Field & Sales,False,Day (08:00),False,3,11.7,50,False,True,-1.017,False,True,Bargteheide,bargteheide,1.49,Feeder bus,13.5,6.0,73.9,2,93.4,0.0,18.84,25.7,132.24,> 60 min,67.7,3.63,False
SYN-00033,Hamburg-Bramfeld/Farmsen,Hamburg,urban,53.60251,10.08241,Office & Commercial,False,Day (08:00),False,2,7.8,36,False,True,0.301,False,False,Rübenkamp,ruebenkamp,4.04,Feeder bus,21.1,4.0,37.2,1,62.3,0.0,13.07,26.4,61.19,> 60 min,35.9,2.36,False
SYN-00034,Hamburg-Winterhude,Hamburg,urban_core,53.58914,10.03017,Production & Technical,False,Day (08:00),False,5,19.5,59,False,True,0.469,False,False,Alsterdorf,alsterdorf,2.46,Feeder bus,16.4,2.0,33.1,0,51.5,0.0,14.75,27.6,172.62,46–60 min,23.9,1.87,False
SYN-00035,Hamburg-Eimsbüttel,Hamburg,urban_core,53.57557,9.94308,Office & Commercial,False,Day (08:00),False,3,11.7,56,False,True,-0.433,False,False,Kellinghusenstraße,kellinghusenstrasse,4.4,Feeder bus,22.2,2.0,37.8,0,62.0,0.0,19.08,30.1,133.96,> 60 min,31.9,2.06,False
SYN-00036,Hamburg-Niendorf,Hamburg,urban,53.626,9.9472,Production & Technical,False,Day (08:00),False,5,19.5,49,False,True,-0.062,True,False,Hamburg Airport,airport,4.39,Feeder bus,22.2,4.0,38.0,1,64.2,0.0,12.71,26.2,148.74,> 60 min,38.0,2.45,False
SYN-00037,Hamburg-Langenhorn,Hamburg,urban,53.66503,10.01079,Lab & R&D,False,Day (08:00),False,4,15.6,33,False,True,-0.284,False,False,Local bus stop,local_bus,0.4,Walk to bus stop,5.0,6.0,14.4,0,25.4,0.0,4.57,16.5,42.76,≤ 30 min,8.9,1.54,True
SYN-00038,Hamburg-Eimsbüttel,Hamburg,urban_core,53.57261,9.9398,Production & Technical,True,Early (06:00),True,5,19.5,31,True,True,0.932,True,False,Kellinghusenstraße,kellinghusenstrasse,4.84,Feeder bus,23.5,3.6,37.8,0,64.9,0.0,19.61,30.3,229.48,> 60 min,34.6,2.14,False
SYN-00039,Hamburg-Poppenbüttel,Hamburg,suburban,53.64934,10.09039,Office & Commercial,False,Day (08:00),False,3,11.7,38,False,True,-1.355,False,False,Local bus stop,local_bus,0.4,Walk to bus stop,5.0,6.0,21.7,0,32.7,0.0,6.87,14.8,48.21,31–45 min,17.9,2.21,False
SYN-00040,Hamburg-Billstedt/Horn,Hamburg,urban,53.54532,10.07614,Office & Commercial,False,Day (08:00),False,4,15.6,43,False,True,0.705,False,False,Hasselbrook,hasselbrook,3.99,Feeder bus,21.0,4.0,43.8,1,68.8,0.0,21.42,31.1,200.54,> 60 min,37.7,2.21,False
SYN-00041,Hamburg-Barmbek,Hamburg,urban_core,53.6,10.03963,Production & Technical,False,Day (08:00),False,5,19.5,23,False,False,0.977,True,False,Sengelmannstraße,sengelmannstrasse,2.12,Feeder bus,15.3,2.0,31.4,0,48.7,0.0,13.07,26.4,152.88,46–60 min,22.3,1.84,False
SYN-00042,Henstedt-Ulzburg,Kr. Segeberg,suburban,53.79679,9.9982,Production & Technical,True,Early (06:00),True,5,19.5,47,True,True,-0.387,False,False,Ulzburg Süd,ulzburg_sued,3.18,Feeder bus,18.5,6.0,36.8,0,61.3,0.0,17.03,24.3,199.31,> 60 min,37.0,2.52,False
SYN-00043,Hamburg-Stellingen/Eidelstedt,Hamburg,urban,53.60318,9.92738,Office & Commercial,False,Day (08:00),False,4,15.6,56,True,True,0.366,False,False,Niendorf Markt,niendorf_markt,2.96,Feeder bus,17.9,2.0,50.7,0,70.5,0.0,16.44,28.7,153.9,> 60 min,41.8,2.46,False
SYN-00044,Hamburg-Volksdorf/Duvenstedt,Hamburg,suburban,53.64427,10.15755,Production & Technical,True,Night (22:00),True,5,19.5,48,False,True,-0.565,True,False,Volksdorf,volksdorf,0.22,Walk,2.8,3.6,73.0,2,79.4,0.0,11.78,19.8,137.82,> 60 min,59.6,4.01,False
SYN-00045,Henstedt-Ulzburg,Kr. Segeberg,suburban,53.77667,9.98265,Production & Technical,True,Late (14:00),True,5,19.5,35,False,False,-0.653,False,False,Ulzburg Süd,ulzburg_sued,0.3,Walk,3.8,6.0,36.8,0,46.6,0.0,14.61,22.3,170.94,46–60 min,24.3,2.09,False
SYN-00046,Hamburg-Neugraben,Hamburg,suburban,53.45951,9.84987,Office & Commercial,False,Day (08:00),False,5,19.5,33,False,True,0.594,False,False,Neugraben,neugraben,2.0,Feeder bus,15.0,4.0,76.7,1,95.6,0.0,38.37,47.0,448.98,> 60 min,48.6,2.03,False
SYN-00047,Hamburg-Winterhude,Hamburg,urban_core,53.60704,10.01646,Production & Technical,True,Early (06:00),True,5,19.5,45,False,False,0.887,True,False,Alsterdorf,alsterdorf,0.46,Walk,5.7,3.6,33.1,0,42.4,0.0,12.29,25.8,143.78,31–45 min,16.6,1.64,False
SYN-00048,Hamburg-Sasel/Wellingsbüttel,Hamburg,suburban,53.65161,10.11972,Production & Technical,False,Day (08:00),False,5,19.5,40,True,True,-0.574,True,False,Poppenbüttel,poppenbuettel,3.1,Feeder bus,18.3,4.0,40.2,0,62.5,0.0,8.41,16.5,98.34,> 60 min,46.0,3.79,False
SYN-00049,Hamburg-Billstedt/Horn,Hamburg,urban,53.52665,10.07226,Production & Technical,True,Early (06:00),True,5,19.5,47,True,True,-0.526,False,False,Billwerder-Moorfleet,billwerder_moorfleet,0.93,Walk,11.6,6.0,62.3,1,79.9,0.0,24.17,41.2,282.83,> 60 min,38.7,1.94,False
SYN-00050,Hamburg-Langenhorn,Hamburg,urban,53.6571,10.00308,Lab & R&D,False,Day (08:00),False,5,19.5,49,False,True,-0.15,False,False,Local bus stop,local_bus,0.4,Walk to bus stop,5.0,6.0,18.7,0,29.7,0.0,5.91,18.9,69.15,≤ 30 min,10.8,1.57,False
SYN-00051,Hamburg-Niendorf,Hamburg,urban,53.61657,9.94121,Production & Technical,True,Early (06:00),True,5,19.5,54,False,True,-0.602,False,False,Niendorf Markt,niendorf_markt,0.86,Walk,10.8,3.6,50.7,0,65.0,0.0,14.12,27.2,165.15,> 60 min,37.8,2.39,False
SYN-00052,Norderstedt,Kr. Segeberg,suburban,53.70408,9.9779,Production & Technical,False,Day (08:00),False,5,19.5,30,True,False,1.625,False,False,Local bus stop,local_bus,0.4,Walk to bus stop,5.0,6.0,20.9,0,31.9,0.0,6.61,14.5,77.34,31–45 min,17.4,2.2,False
SYN-00053,Hamburg-Harburg,Hamburg,urban,53.45424,9.96806,Production & Technical,False,Day (08:00),False,5,19.5,44,False,True,0.433,False,False,Harburg Rathaus,harburg_rathaus,1.26,Feeder bus,12.8,4.0,67.2,1,84.0,0.0,35.62,44.7,416.81,> 60 min,39.3,1.88,False
SYN-00054,Hamburg-Billstedt/Horn,Hamburg,urban,53.54942,10.0612,Production & Technical,True,Early (06:00),True,5,19.5,38,False,False,0.231,False,False,Hasselbrook,hasselbrook,2.85,Feeder bus,17.5,6.0,45.8,1,69.4,0.0,20.69,30.8,242.04,> 60 min,38.6,2.25,False
SYN-00055,Hamburg-Stellingen/Eidelstedt,Hamburg,urban,53.59556,9.90253,Production & Technical,True,Early (06:00),True,5,19.5,41,False,True,-0.766,True,False,Stellingen,stellingen,1.88,Feeder bus,14.6,6.0,65.3,1,85.9,0.0,18.77,29.9,219.57,> 60 min,56.0,2.87,False
SYN-00056,Hamburg-Wilhelmsburg,Hamburg,urban,53.48484,10.00186,Production & Technical,False,Day (08:00),False,5,19.5,52,False,False,0.722,False,False,Wilhelmsburg,wilhelmsburg,2.8,Feeder bus,17.4,4.0,60.0,1,81.4,0.0,30.6,43.1,358.0,> 60 min,38.3,1.89,False
SYN-00057,Hamburg-Eppendorf,Hamburg,urban_core,53.58081,9.9728,Production & Technical,True,Early (06:00),True,5,19.5,53,False,False,-0.445,False,False,Kellinghusenstraße,kellinghusenstrasse,1.78,Feeder bus,14.3,3.6,37.8,0,55.7,0.0,17.23,29.1,201.57,46–60 min,26.6,1.91,False
SYN-00058,Hamburg-Wandsbek,Hamburg,urban,53.5894,10.0879,Production & Technical,False,Day (08:00),False,5,19.5,57,True,True,-0.753,False,False,Barmbek,barmbek,3.89,Feeder bus,20.7,2.0,40.5,1,63.2,0.0,15.1,27.8,176.69,> 60 min,35.4,2.27,False
SYN-00059,Hamburg-Langenhorn,Hamburg,urban,53.67011,10.03976,Lab & R&D,False,Day (08:00),False,5,19.5,47,False,False,0.839,False,False,Local bus stop,local_bus,0.4,Walk to bus stop,5.0,6.0,8.2,0,19.2,0.0,2.6,12.0,30.38,≤ 30 min,7.2,1.6,True
SYN-00060,Hamburg-Langenhorn,Hamburg,urban,53.65433,10.01281,Production & Technical,True,Night (22:00),True,5,19.5,41,False,False,0.554,True,False,Local bus stop,local_bus,0.4,Walk to bus stop,5.0,6.0,18.1,0,29.1,0.0,5.74,18.7,67.12,≤ 30 min,10.4,1.56,False
SYN-00061,Hamburg-Billstedt/Horn,Hamburg,urban,53.5483,10.08431,Production & Technical,True,Late (14:00),True,5,19.5,39,True,True,-2.303,False,False,Hasselbrook,hasselbrook,4.13,Feeder bus,21.4,6.0,45.8,1,73.2,0.0,21.09,31.0,246.7,> 60 min,42.2,2.36,False
SYN-00062,Hamburg-Eimsbüttel,Hamburg,urban_core,53.57358,9.93943,Lab & R&D,False,Day (08:00),False,5,19.5,23,False,False,0.509,False,False,Kellinghusenstraße,kellinghusenstrasse,4.8,Feeder bus,23.4,2.0,37.8,0,63.2,0.0,19.5,30.3,228.18,> 60 min,32.9,2.09,False
SYN-00063,Hamburg-Altona/Ottensen,Hamburg,urban_core,53.56062,9.93926,Lab & R&D,False,Day (08:00),False,5,19.5,57,False,True,0.226,False,False,Hallerstraße,hallerstrasse,4.75,Feeder bus,23.2,2.0,41.4,0,66.6,0.0,21.23,31.0,248.37,> 60 min,35.6,2.15,False
SYN-00064,Hamburg-Blankenese/Osdorf,Hamburg,suburban,53.54938,9.77175,Office & Commercial,False,Day (08:00),False,2,7.8,38,False,True,-0.373,False,False,Blankenese,blankenese,3.77,Feeder bus,20.3,4.0,68.6,1,92.9,0.0,32.01,33.7,149.81,> 60 min,59.2,2.76,False
SYN-00065,Hamburg-Rahlstedt,Hamburg,suburban,53.60837,10.18669,Production & Technical,False,Day (08:00),False,5,19.5,48,True,True,-0.04,False,False,Farmsen,farmsen,7.26,Park+Ride,17.7,2.0,61.3,3,81.0,7.26,17.17,24.4,200.93,> 60 min,56.6,3.32,False
SYN-00066,Hamburg-Altona/Ottensen,Hamburg,urban_core,53.55038,9.90298,Production & Technical,True,Night (22:00),True,5,19.5,49,False,True,-1.576,False,False,Bahrenfeld,bahrenfeld,1.78,Feeder bus,14.3,6.0,61.9,1,82.2,0.0,24.15,32.2,282.6,> 60 min,50.0,2.55,False
SYN-00067,Hamburg-Altona/Ottensen,Hamburg,urban_core,53.55547,9.91897,Production & Technical,True,Early (06:00),True,5,19.5,28,True,True,-2.248,False,False,Sternschanze,sternschanze,4.18,Feeder bus,21.5,3.6,51.3,1,76.4,0.0,22.77,31.7,266.37,> 60 min,44.7,2.41,False
SYN-00068,Hamburg-Volksdorf/Duvenstedt,Hamburg,suburban,53.62929,10.13674,Production & Technical,True,Early (06:00),True,5,19.5,32,False,True,-0.909,False,False,Meiendorfer Weg,meiendorfer_weg,2.61,Feeder bus,16.8,3.6,69.5,2,90.0,0.0,11.81,19.9,138.18,> 60 min,70.1,4.52,False
SYN-00069,Norderstedt,Kr. Segeberg,suburban,53.68736,9.97463,Production & Technical,True,Early (06:00),True,5,19.5,59,False,True,-0.101,False,False,Local bus stop,local_bus,0.4,Walk to bus stop,5.0,6.0,20.2,0,31.2,0.0,6.38,14.3,74.67,31–45 min,16.9,2.18,False
SYN-00070,Hamburg-Barmbek,Hamburg,urban_core,53.579,10.05625,Office & Commercial,False,Day (08:00),False,3,11.7,45,True,False,-2.925,False,False,Friedrichsberg,friedrichsberg,0.75,Walk,9.4,4.0,42.0,1,55.5,0.0,16.23,28.5,113.93,46–60 min,27.0,1.95,False
SYN-00071,Hamburg-Schnelsen,Hamburg,suburban,53.6183,9.92989,Production & Technical,True,Night (22:00),True,5,19.5,36,False,False,-0.844,False,False,Niendorf Markt,niendorf_markt,1.8,Feeder bus,14.4,3.6,50.7,0,68.7,0.0,14.62,22.3,171.03,> 60 min,46.4,3.08,False
SYN-00072,Hamburg-Barmbek,Hamburg,urban_core,53.59156,10.02733,Office & Commercial,False,Day (08:00),False,5,19.5,41,True,False,-1.556,False,False,Alsterdorf,alsterdorf,2.03,Feeder bus,15.1,2.0,33.1,0,50.2,0.0,14.42,27.4,168.71,46–60 min,22.8,1.83,False
SYN-00073,Quickborn,Kr. Pinneberg,suburban,53.72711,9.88512,Production & Technical,False,Day (08:00),False,5,19.5,54,False,False,-0.543,False,False,Quickborn,quickborn,1.64,Feeder bus,13.9,6.0,42.8,0,62.7,0.0,15.55,23.1,181.91,> 60 min,39.6,2.71,False
SYN-00074,Hamburg-Poppenbüttel,Hamburg,suburban,53.642,10.08184,Production & Technical,False,Day (08:00),False,5,19.5,52,False,True,1.691,False,False,Local bus stop,local_bus,0.4,Walk to bus stop,5.0,6.0,23.5,0,34.5,0.0,7.45,15.5,87.13,31–45 min,19.0,2.23,False
SYN-00075,Norderstedt,Kr. Segeberg,suburban,53.69839,10.009,Office & Commercial,False,Day (08:00),False,4,15.6,26,False,True,-0.051,False,False,Local bus stop,local_bus,0.4,Walk to bus stop,5.0,6.0,11.8,0,22.8,0.0,3.74,11.0,35.03,≤ 30 min,11.8,2.07,True
SYN-00076,Hamburg-Sasel/Wellingsbüttel,Hamburg,suburban,53.67209,10.11668,Lab & R&D,False,Day (08:00),False,4,15.6,60,False,False,-0.508,False,False,Local bus stop,local_bus,0.4,Walk to bus stop,5.0,6.0,20.9,0,31.9,0.0,6.63,14.6,62.09,31–45 min,17.3,2.18,False
SYN-00077,Hamburg-Volksdorf/Duvenstedt,Hamburg,suburban,53.65689,10.17459,Production & Technical,True,Late (14:00),True,5,19.5,53,True,True,0.556,True,False,Volksdorf,volksdorf,2.47,Feeder bus,16.4,3.6,73.0,2,93.0,0.0,12.26,20.3,143.43,> 60 min,72.7,4.58,False
SYN-00078,Hamburg-Billstedt/Horn,Hamburg,urban,53.54753,10.10138,Office & Commercial,False,Day (08:00),False,4,15.6,40,True,True,0.205,False,False,Legienstraße,legienstrasse,1.84,Feeder bus,14.5,2.0,60.9,1,77.4,0.0,21.49,31.1,201.18,> 60 min,46.3,2.49,False
SYN-00079,Hamburg-Altona/Ottensen,Hamburg,urban_core,53.5403,9.9501,Production & Technical,True,Early (06:00),True,5,19.5,29,True,True,0.352,False,False,Stephansplatz,stephansplatz,4.16,Feeder bus,21.5,3.6,43.4,0,68.5,0.0,23.63,32.0,276.43,> 60 min,36.5,2.14,False
SYN-00080,Hamburg-Wilhelmsburg,Hamburg,urban,53.52119,10.00003,Production & Technical,True,Night (22:00),True,5,19.5,54,False,True,0.877,False,False,Meßberg,messberg,3.86,Feeder bus,20.6,3.6,46.1,0,70.2,0.0,25.22,41.5,295.12,> 60 min,28.7,1.69,False
SYN-00081,Hamburg-Billstedt/Horn,Hamburg,urban,53.53156,10.08927,Office & Commercial,False,Day (08:00),False,4,15.6,47,False,True,0.539,False,False,Tiefstack,tiefstack,2.27,Feeder bus,15.8,4.0,57.8,1,77.6,0.0,23.64,32.0,221.24,> 60 min,45.6,2.42,False
SYN-00082,Hamburg-Barmbek,Hamburg,urban_core,53.58598,10.05733,Production & Technical,False,Day (08:00),False,5,19.5,26,False,True,0.905,False,False,Barmbek,barmbek,1.25,Feeder bus,12.8,2.0,40.5,1,55.3,0.0,15.19,27.9,177.7,46–60 min,27.4,1.98,False
SYN-00083,Hamburg-Bergedorf,Hamburg,suburban,53.50194,10.22835,Production & Technical,False,Day (08:00),False,5,19.5,39,True,True,-0.189,True,False,Bergedorf,bergedorf,2.53,Feeder bus,16.6,4.0,70.7,2,91.3,0.0,32.16,42.8,376.23,> 60 min,48.5,2.13,False
SYN-00084,Hamburg-Ohlsdorf,Hamburg,urban,53.61935,10.04537,Office & Commercial,False,Day (08:00),False,2,7.8,64,False,True,-0.563,True,False,Ohlsdorf,ohlsdorf,1.16,Feeder bus,12.5,2.0,29.4,0,43.8,0.0,10.15,24.0,47.49,31–45 min,19.8,1.82,False
SYN-00085,Norderstedt,Kr. Segeberg,suburban,53.71815,9.94817,Production & Technical,False,Day (08:00),False,5,19.5,42,True,True,0.817,False,False,Norderstedt Mitte,norderstedt_mitte,4.01,Feeder bus,21.0,2.0,23.0,0,46.0,0.0,9.91,18.0,115.92,46–60 min,28.0,2.56,False
SYN-00086,Norderstedt,Kr. Segeberg,suburban,53.68343,10.02932,Production & Technical,False,Day (08:00),False,5,19.5,34,True,True,-0.303,False,False,Local bus stop,local_bus,0.4,Walk to bus stop,5.0,6.0,5.1,0,16.1,0.0,1.61,8.1,18.83,≤ 30 min,8.0,1.99,True
SYN-00087,Hamburg-Stellingen/Eidelstedt,Hamburg,urban,53.60158,9.89125,Production & Technical,True,Early (06:00),True,5,19.5,31,False,True,1.565,False,False,Elbgaustraße,elbgaustrasse,0.71,Walk,8.8,6.0,69.7,1,84.6,0.0,18.84,29.9,220.41,> 60 min,54.7,2.83,False
SYN-00088,Hamburg-Eppendorf,Hamburg,urban_core,53.59251,9.97268,Field & Sales,False,Day (08:00),False,3,11.7,61,True,True,-1.014,False,True,Hudtwalckerstraße,hudtwalckerstrasse,1.85,Feeder bus,14.5,2.0,36.5,0,53.1,0.0,15.62,28.2,109.67,46–60 min,24.9,1.88,False
SYN-00089,Hamburg-Ohlsdorf,Hamburg,urban,53.63194,10.03979,Office & Commercial,False,Day (08:00),False,3,11.7,51,False,True,1.434,True,False,Fuhlsbüttel,fuhlsbuettel,1.35,Feeder bus,13.1,2.0,26.5,0,41.6,0.0,8.28,22.0,58.12,31–45 min,19.6,1.89,False
SYN-00090,Hamburg-Rotherbaum,Hamburg,urban_core,53.56517,9.97565,Production & Technical,False,Day (08:00),False,5,19.5,57,False,True,0.572,False,False,Schlump,schlump,0.54,Walk,6.8,2.0,47.9,1,56.7,0.0,19.34,30.2,226.23,46–60 min,26.5,1.88,False
SYN-00091,Hamburg-Fuhlsbüttel,Hamburg,urban,53.64386,10.01907,Production & Technical,True,Early (06:00),True,5,19.5,45,False,True,-0.869,False,False,Local bus stop,local_bus,0.4,Walk to bus stop,5.0,6.0,21.8,0,32.8,0.0,6.91,20.3,80.86,31–45 min,12.5,1.62,False
SYN-00092,Hamburg-Billstedt/Horn,Hamburg,urban,53.53011,10.1077,Office & Commercial,False,Day (08:00),False,2,7.8,56,False,False,0.426,False,False,Merkenstraße,merkenstrasse,1.11,Feeder bus,12.3,2.0,65.2,1,79.5,0.0,24.17,32.2,113.11,> 60 min,47.3,2.47,False
SYN-00093,Hamburg-Barmbek,Hamburg,urban_core,53.59643,10.04638,Production & Technical,True,Late (14:00),True,5,19.5,33,False,False,-0.15,False,False,Sengelmannstraße,sengelmannstrasse,2.88,Feeder bus,17.6,3.6,31.4,0,52.6,0.0,13.59,26.8,158.99,46–60 min,25.8,1.96,False
SYN-00094,Hamburg-Winterhude,Hamburg,urban_core,53.60311,10.00285,Office & Commercial,False,Day (08:00),False,2,7.8,44,False,False,0.35,True,False,Alsterdorf,alsterdorf,1.13,Feeder bus,12.4,2.0,33.1,0,47.5,0.0,13.17,26.5,61.63,46–60 min,21.0,1.79,False
SYN-00095,Hamburg-Volksdorf/Duvenstedt,Hamburg,suburban,53.66101,10.14334,Office & Commercial,False,Day (08:00),False,4,15.6,45,False,True,-0.637,False,False,Volksdorf,volksdorf,2.93,Feeder bus,17.8,2.0,67.0,2,86.8,0.0,9.46,17.6,88.52,> 60 min,69.2,4.93,False
SYN-00096,Hamburg-Rahlstedt,Hamburg,suburban,53.58967,10.15138,Production & Technical,True,Early (06:00),True,5,19.5,57,False,False,-0.483,True,False,Farmsen,farmsen,4.46,Feeder bus,22.4,3.6,66.3,2,92.2,0.0,17.34,24.5,202.83,> 60 min,67.7,3.76,False
SYN-00097,Hamburg-Bramfeld/Farmsen,Hamburg,urban,53.60424,10.0867,Production & Technical,True,Early (06:00),True,5,19.5,46,False,True,1.025,False,False,Rübenkamp,ruebenkamp,4.38,Feeder bus,22.2,6.0,39.2,1,67.3,0.0,12.92,26.3,151.2,> 60 min,41.0,2.56,False
SYN-00098,Norderstedt,Kr. Segeberg,suburban,53.70905,10.01602,Production & Technical,True,Late (14:00),True,5,19.5,35,True,True,0.535,False,False,Local bus stop,local_bus,0.4,Walk to bus stop,5.0,6.0,13.5,0,24.5,0.0,4.28,11.7,50.05,≤ 30 min,12.8,2.09,True
SYN-00099,Hamburg-Langenhorn,Hamburg,urban,53.67846,9.99463,Production & Technical,False,Day (08:00),False,5,19.5,43,False,True,-0.992,False,False,Local bus stop,local_bus,0.4,Walk to bus stop,5.0,6.0,15.1,0,26.1,0.0,4.78,17.0,55.9,≤ 30 min,9.1,1.54,True
SYN-00100,Bargteheide,Kr. Stormarn,rural,53.7196,10.26512,Production & Technical,False,Day (08:00),False,5,19.5,24,False,True,-1.068,False,False,Bargteheide,bargteheide,1.21,Feeder bus,12.6,6.0,73.9,2,92.6,0.0,20.04,26.5,234.5,> 60 min,66.1,3.49,False
SYN-00101,Halstenbek/Rellingen,Kr. Pinneberg,suburban,53.63813,9.85296,Lab & R&D,False,Day (08:00),False,3,11.7,20,False,True,0.537,False,False,Halstenbek,halstenbek,2.01,Feeder bus,15.0,4.0,73.1,1,92.1,0.0,18.7,25.6,131.3,> 60 min,66.5,3.6,False
SYN-00102,Hamburg-Stellingen/Eidelstedt,Hamburg,urban,53.59449,9.88927,Production & Technical,True,Early (06:00),True,5,19.5,51,False,True,0.343,False,False,Langenfelde,langenfelde,3.21,Feeder bus,18.6,6.0,63.5,1,88.1,0.0,19.7,30.4,230.53,> 60 min,57.7,2.9,False
SYN-00103,Hamburg-Sasel/Wellingsbüttel,Hamburg,suburban,53.67858,10.09992,Office & Commercial,False,Day (08:00),False,5,19.5,38,False,True,-0.708,False,False,Local bus stop,local_bus,0.4,Walk to bus stop,5.0,6.0,15.5,0,26.5,0.0,4.92,12.6,57.56,≤ 30 min,13.9,2.1,True
SYN-00104,Bad Oldesloe,Kr. Stormarn,rural,53.81335,10.36243,Office & Commercial,False,Day (08:00),False,3,11.7,39,False,True,1.341,False,False,Bad Oldesloe,bad_oldesloe,1.32,Feeder bus,13.0,6.0,84.8,2,103.8,0.0,33.86,34.6,237.73,> 60 min,69.2,3.0,False
SYN-00105,Hamburg-Wilhelmsburg,Hamburg,urban,53.50153,10.04383,Production & Technical,False,Day (08:00),False,5,19.5,51,False,True,0.813,True,False,Wilhelmsburg,wilhelmsburg,2.64,Feeder bus,16.9,4.0,60.0,1,81.0,0.0,27.84,42.4,325.67,> 60 min,38.6,1.91,False
SYN-00106,Hamburg-Stellingen/Eidelstedt,Hamburg,urban,53.61634,9.91959,Production & Technical,False,Day (08:00),False,5,19.5,57,False,True,-0.726,False,False,Niendorf Markt,niendorf_markt,2.7,Feeder bus,17.1,2.0,50.7,0,69.7,0.0,15.48,28.1,181.14,> 60 min,41.6,2.48,False
SYN-00107,Hamburg-Eppendorf,Hamburg,urban_core,53.59969,9.97858,Production & Technical,False,Day (08:00),False,5,19.5,48,False,False,-0.472,False,False,Lattenkamp,lattenkamp,1.85,Feeder bus,14.5,2.0,35.3,0,51.8,0.0,14.42,27.4,168.75,46–60 min,24.4,1.89,False
SYN-00108,Hamburg-Sasel/Wellingsbüttel,Hamburg,suburban,53.67695,10.09806,Office & Commercial,False,Day (08:00),False,4,15.6,63,False,True,-0.678,False,False,Local bus stop,local_bus,0.4,Walk to bus stop,5.0,6.0,15.3,0,26.3,0.0,4.83,12.4,45.21,≤ 30 min,13.9,2.12,True
SYN-00109,Hamburg-Langenhorn,Hamburg,urban,53.66797,10.01659,Production & Technical,False,Day (08:00),False,5,19.5,48,False,True,-0.282,False,False,Local bus stop,local_bus,0.4,Walk to bus stop,5.0,6.0,12.3,0,23.3,0.0,3.89,15.0,45.55,≤ 30 min,8.3,1.55,True
SYN-00110,Halstenbek/Rellingen,Kr. Pinneberg,suburban,53.61906,9.82703,Office & Commercial,False,Day (08:00),False,3,11.7,45,True,True,1.106,True,False,Halstenbek,halstenbek,1.54,Feeder bus,13.6,4.0,73.1,1,90.7,0.0,22.02,27.9,154.57,> 60 min,62.8,3.25,False
SYN-00111,Hamburg-Eppendorf,Hamburg,urban_core,53.58179,9.98831,Lab & R&D,False,Day (08:00),False,4,15.6,45,False,True,1.285,False,False,Kellinghusenstraße,kellinghusenstrasse,0.8,Walk,10.1,2.0,37.8,0,49.8,0.0,16.61,28.8,155.49,46–60 min,21.0,1.73,False
SYN-00112,Hamburg-Niendorf,Hamburg,urban,53.60337,9.96547,Office & Commercial,False,Day (08:00),False,3,11.7,28,False,True,0.418,True,False,Lattenkamp,lattenkamp,3.08,Feeder bus,18.2,2.0,35.3,0,55.5,0.0,14.47,27.4,101.56,46–60 min,28.1,2.03,False
SYN-00113,Hamburg-Volksdorf/Duvenstedt,Hamburg,suburban,53.664,10.18202,Field & Sales,False,Day (08:00),False,3,11.7,53,False,True,0.395,False,True,Buchenkamp,buchenkamp,1.74,Feeder bus,14.2,2.0,72.8,3,89.0,0.0,12.54,20.5,88.03,> 60 min,68.5,4.34,False
SYN-00114,Hamburg-Wandsbek,Hamburg,urban,53.5761,10.07129,Office & Commercial,False,Day (08:00),False,3,11.7,20,False,True,1.34,False,False,Barmbek,barmbek,2.88,Feeder bus,17.6,2.0,40.5,1,60.2,0.0,16.79,28.9,117.84,> 60 min,31.3,2.08,False
SYN-00115,Hamburg-Niendorf,Hamburg,urban,53.62042,9.9565,Lab & R&D,False,Day (08:00),False,4,15.6,36,True,False,0.308,True,False,Niendorf Markt,niendorf_markt,0.58,Walk,7.2,2.0,50.7,0,59.9,0.0,12.8,26.2,119.77,46–60 min,33.7,2.29,False
SYN-00116,Quickborn,Kr. Pinneberg,suburban,53.73668,9.88257,Lab & R&D,False,Day (08:00),False,5,19.5,42,True,True,0.303,False,False,Quickborn,quickborn,2.14,Feeder bus,15.4,6.0,42.8,0,64.2,0.0,16.36,23.8,191.4,> 60 min,40.4,2.7,False
SYN-00117,Hamburg-Blankenese/Osdorf,Hamburg,suburban,53.58936,9.83151,Office & Commercial,False,Day (08:00),False,5,19.5,33,False,True,0.644,False,False,Klein Flottbek,klein_flottbek,4.33,Feeder bus,22.0,4.0,64.6,1,90.6,0.0,24.09,29.2,281.88,> 60 min,61.4,3.1,False
SYN-00118,Hamburg-Stellingen/Eidelstedt,Hamburg,urban,53.60043,9.91488,Office & Commercial,False,Day (08:00),False,5,19.5,37,True,True,0.721,False,False,Niendorf Markt,niendorf_markt,4.02,Feeder bus,21.1,2.0,50.7,0,73.7,0.0,17.48,29.2,204.57,> 60 min,44.5,2.52,False
SYN-00119,Hamburg-Barmbek,Hamburg,urban_core,53.5717,10.03294,Lab & R&D,False,Day (08:00),False,5,19.5,62,False,False,-0.762,True,False,Barmbek,barmbek,2.31,Feeder bus,15.9,2.0,40.5,1,58.5,0.0,17.34,29.2,202.91,46–60 min,29.3,2.0,False
SYN-00120,Hamburg-Rahlstedt,Hamburg,suburban,53.61005,10.1932,Office & Commercial,False,Day (08:00),False,3,11.7,54,True,True,-0.978,False,False,Farmsen,farmsen,7.85,Park+Ride,18.4,2.0,61.3,3,81.7,7.85,17.43,24.6,122.36,> 60 min,57.1,3.32,False
SYN-00121,Hamburg-Wandsbek,Hamburg,urban,53.58222,10.09005,Office & Commercial,False,Day (08:00),False,2,7.8,34,False,False,-0.005,False,False,Barmbek,barmbek,4.1,Feeder bus,21.3,2.0,40.5,1,63.8,0.0,16.19,28.5,75.79,> 60 min,35.3,2.24,False
SYN-00122,Hamburg-Rahlstedt,Hamburg,suburban,53.58917,10.14379,Office & Commercial,False,Day (08:00),False,2,7.8,37,False,True,-0.723,False,False,Farmsen,farmsen,3.89,Feeder bus,20.7,2.0,61.3,3,84.0,0.0,17.05,24.3,79.77,> 60 min,59.7,3.46,False
SYN-00123,Norderstedt,Kr. Segeberg,suburban,53.70443,9.9979,Lab & R&D,False,Day (08:00),False,5,19.5,28,False,True,-1.34,False,False,Local bus stop,local_bus,0.4,Walk to bus stop,5.0,6.0,15.9,0,26.9,0.0,5.05,12.7,59.06,≤ 30 min,14.2,2.12,False
SYN-00124,Hamburg-Barmbek,Hamburg,urban_core,53.57493,10.02279,Production & Technical,False,Day (08:00),False,5,19.5,50,False,False,0.893,True,False,Alsterdorf,alsterdorf,4.23,Feeder bus,21.7,2.0,33.1,0,56.8,0.0,16.95,28.9,198.28,46–60 min,27.9,1.97,False
SYN-00125,Norderstedt,Kr. Segeberg,suburban,53.7214,9.97899,Office & Commercial,False,Day (08:00),False,4,15.6,39,True,True,0.296,False,False,Local bus stop,local_bus,0.4,Walk to bus stop,5.0,6.0,25.0,0,36.0,0.0,7.91,16.0,74.08,31–45 min,20.0,2.25,False
SYN-00126,Hamburg-Eimsbüttel,Hamburg,urban_core,53.58683,9.97575,Office & Commercial,False,Day (08:00),False,3,11.7,20,False,True,-0.623,False,False,Kellinghusenstraße,kellinghusenstrasse,1.27,Feeder bus,12.8,2.0,37.8,0,52.6,0.0,16.29,28.6,114.37,46–60 min,24.0,1.84,False
SYN-00127,Hamburg-Bramfeld/Farmsen,Hamburg,urban,53.62033,10.07947,Field & Sales,False,Day (08:00),False,1,3.9,43,False,True,-0.108,False,True,Ohlsdorf,ohlsdorf,4.02,Feeder bus,21.1,2.0,29.4,0,52.4,0.0,10.42,24.2,24.39,46–60 min,28.2,2.17,False
SYN-00128,Hamburg-Langenhorn,Hamburg,urban,53.68305,10.00489,Production & Technical,True,Early (06:00),True,5,19.5,47,True,True,-0.118,False,False,Local bus stop,local_bus,0.4,Walk to bus stop,5.0,6.0,11.8,0,22.8,0.0,3.74,14.6,43.74,≤ 30 min,8.2,1.56,True
SYN-00129,Hamburg-Langenhorn,Hamburg,urban,53.67645,10.00414,Office & Commercial,False,Day (08:00),False,2,7.8,53,False,True,0.149,False,False,Local bus stop,local_bus,0.4,Walk to bus stop,5.0,6.0,12.9,0,23.9,0.0,4.08,15.4,19.08,≤ 30 min,8.5,1.55,True
SYN-00130,Hamburg-Wandsbek,Hamburg,urban,53.56963,10.0602,Office & Commercial,False,Day (08:00),False,3,11.7,41,True,True,-0.915,False,False,Hasselbrook,hasselbrook,0.98,Feeder bus,11.9,4.0,43.8,1,59.8,0.0,17.65,29.3,123.93,46–60 min,30.5,2.04,False
SYN-00131,Hamburg-Ohlsdorf,Hamburg,urban,53.61636,10.0163,Lab & R&D,False,Day (08:00),False,5,19.5,38,False,True,-1.137,False,False,Klein Borstel,klein_borstel,1.91,Feeder bus,14.7,2.0,28.1,0,44.8,0.0,10.93,24.7,127.89,31–45 min,20.1,1.81,False
SYN-00132,Uetersen,Kr. Pinneberg,rural,53.68091,9.6517,Lab & R&D,False,Day (08:00),False,3,11.7,64,False,True,-0.147,False,False,Uetersen (Bus),uetersen,1.37,Feeder bus,13.1,6.0,104.7,2,123.8,0.0,35.1,35.3,246.43,> 60 min,88.5,3.51,False
SYN-00133,Hamburg-Wandsbek,Hamburg,urban,53.56971,10.04731,Office & Commercial,False,Day (08:00),False,3,11.7,42,False,False,-1.384,False,False,Hasselbrook,hasselbrook,0.32,Walk,4.0,4.0,43.8,1,51.8,0.0,17.6,29.3,123.55,46–60 min,22.5,1.77,False
SYN-00134,Hamburg-Bramfeld/Farmsen,Hamburg,urban,53.62931,10.09338,Office & Commercial,False,Day (08:00),False,4,15.6,50,True,True,-0.216,False,False,Kornweg,kornweg,3.84,Feeder bus,20.5,4.0,37.1,1,61.6,0.0,9.61,23.4,89.94,> 60 min,38.2,2.63,False
SYN-00135,Hamburg-Wandsbek,Hamburg,urban,53.59373,10.0615,Production & Technical,False,Day (08:00),False,5,19.5,36,True,True,-0.076,True,False,Sengelmannstraße,sengelmannstrasse,4.08,Feeder bus,21.2,2.0,31.4,0,54.6,0.0,14.06,27.1,164.48,46–60 min,27.5,2.01,False
SYN-00136,Norderstedt,Kr. Segeberg,suburban,53.68102,9.96983,Field & Sales,False,Day (08:00),False,2,7.8,50,False,True,-0.357,False,True,Local bus stop,local_bus,0.4,Walk to bus stop,5.0,6.0,21.7,0,32.7,0.0,6.87,14.8,32.14,31–45 min,17.9,2.21,False
SYN-00137,Großhansdorf,Kr. Stormarn,rural,53.66315,10.28584,Production & Technical,True,Night (22:00),True,5,19.5,26,False,True,0.219,True,False,Kiekut,kiekut,0.56,Walk,7.0,3.6,87.3,2,97.9,0.0,21.59,27.6,252.57,> 60 min,70.3,3.55,False
SYN-00138,Hamburg-Eimsbüttel,Hamburg,urban_core,53.56906,9.96963,Office & Commercial,False,Day (08:00),False,3,11.7,37,True,False,2.032,False,False,Schlump,schlump,0.22,Walk,2.8,2.0,47.9,1,52.7,0.0,18.97,30.0,133.18,46–60 min,22.7,1.76,False
SYN-00139,Hamburg-Wilhelmsburg,Hamburg,urban,53.52598,10.01275,Office & Commercial,False,Day (08:00),False,2,7.8,29,False,True,-1.233,False,False,Veddel,veddel,0.44,Walk,5.5,4.0,56.9,1,66.4,0.0,24.35,41.2,113.96,> 60 min,25.2,1.61,False
SYN-00140,Norderstedt,Kr. Segeberg,suburban,53.6868,9.99301,Office & Commercial,False,Day (08:00),False,5,19.5,35,False,True,0.893,False,False,Local bus stop,local_bus,0.4,Walk to bus stop,5.0,6.0,15.0,0,26.0,0.0,4.75,12.3,55.55,≤ 30 min,13.7,2.11,True
SYN-00141,Hamburg-Eimsbüttel,Hamburg,urban_core,53.57286,9.95461,Production & Technical,False,Day (08:00),False,5,19.5,56,False,True,-2.395,False,False,Kellinghusenstraße,kellinghusenstrasse,3.71,Feeder bus,20.1,2.0,37.8,0,59.9,0.0,18.98,30.0,222.03,46–60 min,29.9,2.0,False
SYN-00142,Hamburg-Eimsbüttel,Hamburg,urban_core,53.56457,9.96446,Production & Technical,True,Early (06:00),True,5,19.5,35,True,True,1.86,False,False,Sternschanze,sternschanze,0.35,Walk,4.3,3.6,51.3,1,59.2,0.0,19.77,30.4,231.27,46–60 min,28.8,1.95,False
SYN-00143,Barmstedt,Kr. Pinneberg,rural,53.788,9.78238,Lab & R&D,False,Day (08:00),False,4,15.6,50,False,True,-2.476,False,False,Barmstedt,barmstedt,1.35,Feeder bus,13.1,6.0,67.3,1,86.3,0.0,27.92,31.5,261.36,> 60 min,54.8,2.74,False
SYN-00144,Hamburg-Wandsbek,Hamburg,urban,53.57502,10.095,Office & Commercial,False,Day (08:00),False,2,7.8,59,False,False,2.303,False,False,Barmbek,barmbek,4.78,Feeder bus,23.3,2.0,40.5,1,65.9,0.0,17.35,29.2,81.2,> 60 min,36.7,2.26,False
SYN-00145,Hamburg-Eimsbüttel,Hamburg,urban_core,53.56221,9.95035,Production & Technical,True,Late (14:00),True,5,19.5,42,True,False,-0.04,False,False,Hallerstraße,hallerstrasse,3.77,Feeder bus,20.3,3.6,41.4,0,65.3,0.0,20.59,30.8,240.86,> 60 min,34.5,2.12,False
SYN-00146,Hamburg-Sasel/Wellingsbüttel,Hamburg,suburban,53.6476,10.13085,Office & Commercial,False,Day (08:00),False,3,11.7,53,False,True,1.007,True,False,Poppenbüttel,poppenbuettel,4.18,Feeder bus,21.5,4.0,40.2,0,65.8,0.0,9.55,17.7,67.07,> 60 min,48.1,3.72,False
SYN-00147,Hamburg-Bramfeld/Farmsen,Hamburg,urban,53.62265,10.08592,Production & Technical,False,Day (08:00),False,5,19.5,48,False,False,1.134,True,False,Klein Borstel,klein_borstel,4.92,Feeder bus,23.8,2.0,28.1,0,53.9,0.0,10.27,24.1,120.19,46–60 min,29.8,2.24,False
SYN-00148,Hamburg-Uhlenhorst,Hamburg,urban_core,53.57331,10.03559,Lab & R&D,False,Day (08:00),False,5,19.5,43,True,False,-0.103,True,False,Barmbek,barmbek,2.02,Feeder bus,15.1,2.0,40.5,1,57.6,0.0,17.09,29.0,199.91,46–60 min,28.6,1.99,False
SYN-00149,Hamburg-Barmbek,Hamburg,urban_core,53.58057,10.05594,Production & Technical,False,Day (08:00),False,5,19.5,50,False,False,-0.143,False,False,Friedrichsberg,friedrichsberg,0.78,Walk,9.7,4.0,42.0,1,55.8,0.0,15.99,28.4,187.1,46–60 min,27.4,1.96,False
SYN-00150,Norderstedt,Kr. Segeberg,suburban,53.70305,10.01258,Production & Technical,False,Day (08:00),False,5,19.5,62,False,True,-1.27,False,False,Local bus stop,local_bus,0.4,Walk to bus stop,5.0,6.0,12.2,0,23.2,0.0,3.86,11.1,45.14,≤ 30 min,12.1,2.09,True
SYN-00151,Henstedt-Ulzburg,Kr. Segeberg,suburban,53.77072,9.97089,Production & Technical,True,Late (14:00),True,5,19.5,35,False,True,0.804,False,False,Meeschensee,meeschensee,1.69,Feeder bus,14.1,6.0,34.2,0,54.3,0.0,14.25,22.0,166.75,46–60 min,32.3,2.47,False
SYN-00152,Halstenbek/Rellingen,Kr. Pinneberg,suburban,53.61356,9.85013,Office & Commercial,False,Day (08:00),False,2,7.8,31,False,True,-0.34,False,False,Krupunder,krupunder,0.55,Walk,6.9,4.0,70.8,1,81.6,0.0,20.65,27.0,96.64,> 60 min,54.6,3.02,False
SYN-00153,Hamburg-Langenhorn,Hamburg,urban,53.66607,10.0053,Office & Commercial,False,Day (08:00),False,5,19.5,31,False,True,-0.486,True,False,Local bus stop,local_bus,0.4,Walk to bus stop,5.0,6.0,15.2,0,26.2,0.0,4.82,17.1,56.35,≤ 30 min,9.1,1.53,True
SYN-00154,Hamburg-Altona/Ottensen,Hamburg,urban_core,53.56142,9.92485,Office & Commercial,False,Day (08:00),False,3,11.7,53,False,False,0.704,False,False,Sternschanze,sternschanze,3.55,Feeder bus,19.7,2.0,49.3,1,70.9,0.0,21.73,31.2,152.55,> 60 min,39.7,2.27,False
SYN-00155,Hamburg-Langenhorn,Hamburg,urban,53.66831,10.04567,Office & Commercial,False,Day (08:00),False,3,11.7,54,False,True,-0.947,False,False,Local bus stop,local_bus,0.4,Walk to bus stop,5.0,6.0,8.8,0,19.8,0.0,2.8,12.5,19.65,≤ 30 min,7.3,1.58,True
SYN-00156,Hamburg-Billstedt/Horn,Hamburg,urban,53.54378,10.08452,Production & Technical,True,Early (06:00),True,5,19.5,36,True,True,-0.079,False,False,Hasselbrook,hasselbrook,4.61,Feeder bus,22.8,6.0,45.8,1,74.6,0.0,21.76,31.3,254.57,> 60 min,43.3,2.38,False
SYN-00157,Hamburg-Sasel/Wellingsbüttel,Hamburg,suburban,53.676,10.11428,Production & Technical,False,Day (08:00),False,5,19.5,20,False,True,0.374,True,False,Local bus stop,local_bus,0.4,Walk to bus stop,5.0,6.0,19.7,0,30.7,0.0,6.25,14.1,73.17,31–45 min,16.6,2.18,False
SYN-00158,Hamburg-Rahlstedt,Hamburg,suburban,53.60367,10.18378,Production & Technical,True,Early (06:00),True,5,19.5,35,True,True,-0.626,False,False,Farmsen,farmsen,6.94,Park+Ride,17.3,3.6,66.3,2,87.2,6.94,17.48,24.7,204.57,> 60 min,62.5,3.53,False
SYN-00159,Hamburg-Bahrenfeld/Lurup,Hamburg,urban,53.55683,9.9071,Lab & R&D,False,Day (08:00),False,4,15.6,48,True,False,-0.442,False,False,Bahrenfeld,bahrenfeld,0.79,Walk,9.8,4.0,59.9,1,73.8,0.0,23.14,31.8,216.58,> 60 min,42.0,2.32,False
SYN-00160,Hamburg-Blankenese/Osdorf,Hamburg,suburban,53.58747,9.80414,Production & Technical,False,Day (08:00),False,5,19.5,41,False,True,1.452,False,False,Iserbrook,iserbrook,2.26,Feeder bus,15.8,4.0,71.1,1,90.9,0.0,26.23,30.5,306.88,> 60 min,60.4,2.98,False
SYN-00161,Hamburg-Langenhorn,Hamburg,urban,53.66115,10.00129,Field & Sales,False,Day (08:00),False,3,11.7,44,True,True,-0.088,False,True,Local bus stop,local_bus,0.4,Walk to bus stop,5.0,6.0,17.6,0,28.6,0.0,5.58,18.4,39.15,≤ 30 min,10.2,1.55,False
SYN-00162,Schenefeld,Kr. Pinneberg,suburban,53.5964,9.81745,Production & Technical,True,Late (14:00),True,5,19.5,36,True,True,-0.36,False,False,Iserbrook,iserbrook,3.98,Feeder bus,20.9,6.0,73.1,1,100.1,0.0,24.49,29.5,286.58,> 60 min,70.6,3.39,False
SYN-00163,Hamburg-Poppenbüttel,Hamburg,suburban,53.65668,10.05877,Production & Technical,True,Early (06:00),True,5,19.5,53,False,True,-0.458,False,False,Local bus stop,local_bus,0.4,Walk to bus stop,5.0,6.0,14.8,0,25.8,0.0,4.68,12.2,54.7,≤ 30 min,13.6,2.11,True
SYN-00164,Norderstedt,Kr. Segeberg,suburban,53.69974,9.99389,Production & Technical,True,Late (14:00),True,5,19.5,46,True,True,0.288,False,False,Local bus stop,local_bus,0.4,Walk to bus stop,5.0,6.0,15.9,0,26.9,0.0,5.05,12.7,59.06,≤ 30 min,14.2,2.12,False
SYN-00165,Hamburg-Altona/Ottensen,Hamburg,urban_core,53.5423,9.91751,Production & Technical,True,Night (22:00),True,5,19.5,48,True,False,-0.784,False,False,Feldstraße,feldstrasse,4.98,Feeder bus,24.0,3.6,52.6,1,80.1,0.0,24.56,32.3,287.37,> 60 min,47.8,2.48,False
SYN-00166,Hamburg-Winterhude,Hamburg,urban_core,53.58572,10.02196,Office & Commercial,False,Day (08:00),False,2,7.8,44,True,True,0.744,False,False,Alsterdorf,alsterdorf,2.68,Feeder bus,17.0,2.0,33.1,0,52.2,0.0,15.35,28.0,71.84,46–60 min,24.2,1.86,False
SYN-00167,Henstedt-Ulzburg,Kr. Segeberg,suburban,53.80005,9.98451,Office & Commercial,False,Day (08:00),False,2,7.8,48,True,True,0.056,False,False,Ulzburg Süd,ulzburg_sued,3.48,Feeder bus,19.4,6.0,36.8,0,62.2,0.0,17.84,24.9,83.51,> 60 min,37.3,2.5,False
SYN-00168,Hamburg-Neugraben,Hamburg,suburban,53.48015,9.86994,Production & Technical,True,Early (06:00),True,5,19.5,47,False,True,-1.972,True,False,Neugraben,neugraben,1.5,Feeder bus,13.5,6.0,78.7,1,98.1,0.0,34.8,44.1,407.16,> 60 min,54.0,2.22,False
SYN-00169,Hamburg-Bramfeld/Farmsen,Hamburg,urban,53.60518,10.07804,Office & Commercial,False,Day (08:00),False,5,19.5,32,False,True,2.111,False,False,Ohlsdorf,ohlsdorf,4.6,Feeder bus,22.8,2.0,29.4,0,54.2,0.0,12.59,26.1,147.34,46–60 min,28.1,2.08,False
SYN-00170,Ahrensburg,Kr. Stormarn,suburban,53.68254,10.2405,Office & Commercial,False,Day (08:00),False,5,19.5,46,False,True,1.294,False,False,Ahrensburg (DB),ahrensburg,1.52,Feeder bus,13.6,6.0,67.2,2,86.8,0.0,17.27,24.5,202.02,> 60 min,62.3,3.54,False
SYN-00171,Hamburg-Volksdorf/Duvenstedt,Hamburg,suburban,53.65779,10.16131,Lab & R&D,False,Day (08:00),False,5,19.5,51,False,True,-1.051,False,False,Volksdorf,volksdorf,2.18,Feeder bus,15.5,2.0,67.0,2,84.6,0.0,11.12,19.2,130.05,> 60 min,65.4,4.41,False
SYN-00172,Hamburg-Uhlenhorst,Hamburg,urban_core,53.55937,10.01822,Field & Sales,False,Day (08:00),False,2,7.8,55,False,True,-0.989,False,True,Hallerstraße,hallerstrasse,2.57,Feeder bus,16.7,2.0,41.4,0,60.1,0.0,19.32,30.2,90.4,> 60 min,29.9,1.99,False
SYN-00173,Hamburg-Sasel/Wellingsbüttel,Hamburg,suburban,53.66009,10.08588,Office & Commercial,False,Day (08:00),False,3,11.7,47,False,True,0.045,True,False,Local bus stop,local_bus,0.4,Walk to bus stop,5.0,6.0,16.9,0,27.9,0.0,5.35,13.1,37.53,≤ 30 min,14.8,2.13,False
SYN-00174,Elmshorn,Kr. Pinneberg,suburban,53.76125,9.62737,Office & Commercial,False,Day (08:00),False,4,15.6,31,False,True,-1.343,False,False,Elmshorn,elmshorn,2.57,Feeder bus,16.7,6.0,80.1,1,102.8,0.0,38.85,38.4,363.68,> 60 min,64.4,2.68,False
SYN-00175,Hamburg-Ohlsdorf,Hamburg,urban,53.61223,10.02372,Office & Commercial,False,Day (08:00),False,3,11.7,33,False,True,1.664,True,False,Sengelmannstraße,sengelmannstrasse,0.12,Walk,1.5,2.0,31.4,0,34.9,0.0,11.4,25.1,80.01,31–45 min,9.8,1.39,False
SYN-00176,Norderstedt,Kr. Segeberg,suburban,53.69948,9.98467,Office & Commercial,False,Day (08:00),False,2,7.8,37,True,True,-0.485,False,False,Local bus stop,local_bus,0.4,Walk to bus stop,5.0,6.0,18.3,0,29.3,0.0,5.8,13.6,27.15,≤ 30 min,15.7,2.15,False
SYN-00177,Hamburg-Barmbek,Hamburg,urban_core,53.58071,10.01923,Office & Commercial,False,Day (08:00),False,2,7.8,44,True,True,1.938,False,False,Alsterdorf,alsterdorf,3.36,Feeder bus,19.1,2.0,33.1,0,54.2,0.0,16.13,28.5,75.49,46–60 min,25.7,1.9,False
SYN-00178,Buxtehude,Kr. Stade,suburban,53.48141,9.67847,Production & Technical,True,Early (06:00),True,5,19.5,41,True,True,-0.908,False,False,Buxtehude,buxtehude,2.42,Feeder bus,16.3,6.0,102.4,2,124.6,0.0,45.02,52.5,526.78,> 60 min,72.1,2.37,False
SYN-00179,Pinneberg,Kr. Pinneberg,suburban,53.66829,9.81738,Office & Commercial,False,Day (08:00),False,3,11.7,30,True,True,-0.012,False,False,Pinneberg,pinneberg,2.07,Feeder bus,15.2,4.0,72.0,1,91.2,0.0,20.56,26.9,144.31,> 60 min,64.3,3.39,False
SYN-00180,Hamburg-Bahrenfeld/Lurup,Hamburg,urban,53.58816,9.88892,Field & Sales,False,Day (08:00),False,3,11.7,30,False,True,1.617,False,True,Langenfelde,langenfelde,2.73,Feeder bus,17.2,4.0,60.0,2,81.2,0.0,20.41,30.7,143.25,> 60 min,50.5,2.64,False
SYN-00181,Pinneberg,Kr. Pinneberg,suburban,53.66964,9.80384,Production & Technical,False,Day (08:00),False,5,19.5,20,True,True,-0.057,False,False,Pinneberg,pinneberg,1.71,Feeder bus,14.1,4.0,72.0,1,90.1,0.0,21.72,27.7,254.18,> 60 min,62.4,3.25,False
SYN-00182,Pinneberg,Kr. Pinneberg,suburban,53.65975,9.79568,Lab & R&D,False,Day (08:00),False,4,15.6,20,False,True,0.539,True,False,Pinneberg,pinneberg,0.49,Walk,6.1,4.0,72.0,1,82.1,0.0,22.67,28.3,212.17,> 60 min,53.8,2.9,False
SYN-00183,Hamburg-Uhlenhorst,Hamburg,urban_core,53.57757,10.03167,Lab & R&D,False,Day (08:00),False,4,15.6,41,False,True,1.459,False,False,Alsterdorf,alsterdorf,4.04,Feeder bus,21.1,2.0,33.1,0,56.3,0.0,16.47,28.7,154.18,46–60 min,27.6,1.96,False
SYN-00184,Hamburg-Volksdorf/Duvenstedt,Hamburg,suburban,53.65855,10.19976,Production & Technical,True,Late (14:00),True,5,19.5,64,False,True,-1.023,False,False,Buchenkamp,buchenkamp,1.56,Feeder bus,13.7,3.6,77.7,2,95.0,0.0,14.29,22.1,167.16,> 60 min,72.9,4.3,False
SYN-00185,Hamburg-Wilhelmsburg,Hamburg,urban,53.52698,10.0109,Office & Commercial,False,Day (08:00),False,2,7.8,62,True,True,-1.445,False,False,Meßberg,messberg,3.15,Feeder bus,18.5,2.0,46.1,0,66.5,0.0,24.22,41.2,113.36,> 60 min,25.3,1.61,False
SYN-00186,Hamburg-Billstedt/Horn,Hamburg,urban,53.54075,10.09256,Lab & R&D,False,Day (08:00),False,4,15.6,31,False,False,-1.125,True,False,Billstedt,billstedt,0.64,Walk,8.0,2.0,63.7,1,73.7,0.0,22.33,31.5,208.99,> 60 min,42.2,2.34,False
SYN-00187,Hamburg-Winterhude,Hamburg,urban_core,53.58813,10.02975,Field & Sales,False,Day (08:00),False,1,3.9,44,True,True,0.9,False,True,Alsterdorf,alsterdorf,2.57,Feeder bus,16.7,2.0,33.1,0,51.8,0.0,14.91,27.7,34.89,46–60 min,24.1,1.87,False
SYN-00188,Hamburg-Langenhorn,Hamburg,urban,53.67697,10.03239,Production & Technical,True,Early (06:00),True,5,19.5,26,False,True,0.805,False,False,Local bus stop,local_bus,0.4,Walk to bus stop,5.0,6.0,6.2,0,17.2,0.0,1.95,10.5,22.81,≤ 30 min,6.7,1.64,True
SYN-00189,Hamburg-Bahrenfeld/Lurup,Hamburg,urban,53.55466,9.91087,Production & Technical,False,Day (08:00),False,5,19.5,28,False,True,1.445,False,False,Sternschanze,sternschanze,4.88,Feeder bus,23.6,2.0,49.3,1,74.9,0.0,23.24,31.8,271.89,> 60 min,43.1,2.36,False
SYN-00190,Hamburg-Sasel/Wellingsbüttel,Hamburg,suburban,53.6561,10.11463,Office & Commercial,False,Day (08:00),False,2,7.8,29,False,True,-0.157,False,False,Local bus stop,local_bus,0.4,Walk to bus stop,5.0,6.0,24.1,0,35.1,0.0,7.63,15.7,35.72,31–45 min,19.4,2.24,False
SYN-00191,Elmshorn,Kr. Pinneberg,suburban,53.75512,9.62186,Production & Technical,True,Late (14:00),True,5,19.5,40,False,True,-1.497,False,False,Elmshorn,elmshorn,2.76,Feeder bus,17.3,6.0,85.1,1,108.4,0.0,39.07,38.6,457.18,> 60 min,69.8,2.81,False
SYN-00192,Hamburg-Poppenbüttel,Hamburg,suburban,53.67116,10.06601,Production & Technical,False,Day (08:00),False,5,19.5,40,False,False,-2.419,False,False,Local bus stop,local_bus,0.4,Walk to bus stop,5.0,6.0,9.3,0,20.3,0.0,2.94,9.9,34.42,≤ 30 min,10.4,2.05,True
SYN-00193,Hamburg-Langenhorn,Hamburg,urban,53.66846,10.00949,Production & Technical,False,Day (08:00),False,5,19.5,45,False,True,2.968,False,False,Local bus stop,local_bus,0.4,Walk to bus stop,5.0,6.0,13.6,0,24.6,0.0,4.3,15.9,50.31,≤ 30 min,8.7,1.55,True
SYN-00194,Henstedt-Ulzburg,Kr. Segeberg,suburban,53.7939,9.98655,Production & Technical,True,Early (06:00),True,5,19.5,49,True,True,0.31,False,False,Ulzburg Süd,ulzburg_sued,2.59,Feeder bus,16.8,6.0,36.8,0,59.5,0.0,16.91,24.2,197.86,46–60 min,35.3,2.46,False
SYN-00195,Hamburg-Fuhlsbüttel,Hamburg,urban,53.63154,10.04292,Office & Commercial,False,Day (08:00),False,4,15.6,38,True,True,0.353,False,False,Fuhlsbüttel,fuhlsbuettel,1.63,Feeder bus,13.9,2.0,26.5,0,42.4,0.0,8.32,22.1,77.91,31–45 min,20.3,1.92,False
SYN-00196,Hamburg-Niendorf,Hamburg,urban,53.62667,9.94319,Office & Commercial,False,Day (08:00),False,5,19.5,42,True,False,0.429,True,False,Hamburg Airport,airport,4.7,Feeder bus,23.1,4.0,38.0,1,65.1,0.0,12.89,26.3,150.84,> 60 min,38.8,2.48,False
SYN-00197,Hamburg-Wandsbek,Hamburg,urban,53.58727,10.08288,Office & Commercial,False,Day (08:00),False,3,11.7,30,False,True,-1.081,False,False,Barmbek,barmbek,3.44,Feeder bus,19.3,2.0,40.5,1,61.8,0.0,15.31,28.0,107.49,> 60 min,33.8,2.21,False
SYN-00198,Neumünster,Kr. Neumünster,suburban,54.05609,10.00223,Office & Commercial,False,Day (08:00),False,3,11.7,27,False,True,-0.645,False,False,Neumünster,neumuenster,3.11,Feeder bus,18.3,6.0,133.4,2,157.7,0.0,55.55,52.3,389.96,> 60 min,105.4,3.02,False
SYN-00199,Hamburg-Niendorf,Hamburg,urban,53.63393,9.94113,Production & Technical,True,Early (06:00),True,5,19.5,26,False,False,2.16,False,False,Hamburg Airport,airport,4.76,Feeder bus,23.3,6.0,40.0,1,69.3,0.0,12.29,25.8,143.8,> 60 min,43.5,2.69,False
SYN-00200,Hamburg-Volksdorf/Duvenstedt,Hamburg,suburban,53.6651,10.15184,Production & Technical,False,Day (08:00),False,5,19.5,49,False,False,0.442,False,False,Volksdorf,volksdorf,3.27,Feeder bus,18.8,2.0,67.0,2,87.8,0.0,9.93,18.1,116.2,> 60 min,69.7,4.85,False
SYN-00201,Hamburg-Wilhelmsburg,Hamburg,urban,53.49229,10.02334,Production & Technical,True,Late (14:00),True,5,19.5,38,False,True,-0.547,False,False,Wilhelmsburg,wilhelmsburg,1.78,Feeder bus,14.3,6.0,62.0,1,82.4,0.0,29.29,42.8,342.74,> 60 min,39.6,1.93,False
SYN-00202,Bad Oldesloe,Kr. Stormarn,rural,53.80676,10.36936,Production & Technical,False,Day (08:00),False,5,19.5,21,False,True,-1.177,False,False,Bad Oldesloe,bad_oldesloe,0.65,Walk,8.2,6.0,84.8,2,99.0,0.0,33.84,34.6,395.95,> 60 min,64.4,2.86,False
SYN-00203,Hamburg-Rotherbaum,Hamburg,urban_core,53.56093,9.9902,Production & Technical,False,Day (08:00),False,5,19.5,41,True,False,-0.149,False,False,Stephansplatz,stephansplatz,0.48,Walk,5.9,2.0,43.4,0,51.3,0.0,19.57,30.3,228.95,46–60 min,21.0,1.69,False
SYN-00204,Hamburg-Langenhorn,Hamburg,urban,53.67222,10.0011,Production & Technical,True,Early (06:00),True,5,19.5,28,False,False,0.068,True,False,Local bus stop,local_bus,0.4,Walk to bus stop,5.0,6.0,14.5,0,25.5,0.0,4.6,16.6,53.78,≤ 30 min,8.9,1.54,True
SYN-00205,Norderstedt,Kr. Segeberg,suburban,53.71941,9.99956,Production & Technical,True,Early (06:00),True,5,19.5,60,False,True,1.649,False,False,Local bus stop,local_bus,0.4,Walk to bus stop,5.0,6.0,20.2,0,31.2,0.0,6.41,14.3,74.99,31–45 min,16.9,2.18,False
SYN-00206,Hamburg-Poppenbüttel,Hamburg,suburban,53.66352,10.09903,Production & Technical,True,Late (14:00),True,5,19.5,36,False,True,-0.188,True,False,Local bus stop,local_bus,0.4,Walk to bus stop,5.0,6.0,18.5,0,29.5,0.0,5.85,13.7,68.48,≤ 30 min,15.8,2.15,False
SYN-00207,Hamburg-Langenhorn,Hamburg,urban,53.65871,9.99842,Office & Commercial,False,Day (08:00),False,5,19.5,49,False,True,-1.156,False,False,Local bus stop,local_bus,0.4,Walk to bus stop,5.0,6.0,19.0,0,30.0,0.0,6.02,19.1,70.39,31–45 min,10.9,1.57,False
SYN-00208,Hamburg-Billstedt/Horn,Hamburg,urban,53.54575,10.10154,Office & Commercial,False,Day (08:00),False,3,11.7,54,False,True,-0.109,False,False,Billstedt,billstedt,0.76,Walk,9.5,2.0,63.7,1,75.1,0.0,21.76,31.3,152.74,> 60 min,43.8,2.4,False
SYN-00209,Hamburg-Langenhorn,Hamburg,urban,53.66358,9.99359,Lab & R&D,False,Day (08:00),False,4,15.6,31,False,True,0.598,True,False,Local bus stop,local_bus,0.4,Walk to bus stop,5.0,6.0,18.5,0,29.5,0.0,5.86,18.9,54.88,≤ 30 min,10.6,1.56,False
SYN-00210,Hamburg-Rotherbaum,Hamburg,urban_core,53.56616,9.99831,Office & Commercial,False,Day (08:00),False,2,7.8,43,False,False,-0.947,False,False,Hallerstraße,hallerstrasse,0.61,Walk,7.6,2.0,41.4,0,51.0,0.0,18.63,29.8,87.19,46–60 min,21.2,1.71,False
SYN-00211,Hamburg-Billstedt/Horn,Hamburg,urban,53.56049,10.0675,Office & Commercial,False,Day (08:00),False,4,15.6,48,True,True,0.452,True,False,Hasselbrook,hasselbrook,1.89,Feeder bus,14.7,4.0,43.8,1,62.5,0.0,19.08,30.1,178.55,> 60 min,32.4,2.08,False
SYN-00212,Hamburg-Wandsbek,Hamburg,urban,53.58323,10.04018,Production & Technical,True,Late (14:00),True,5,19.5,43,False,True,1.342,False,False,Barmbek,barmbek,0.54,Walk,6.7,3.6,42.5,1,52.8,0.0,15.58,28.1,182.29,46–60 min,24.7,1.88,False
SYN-00213,Hamburg-Niendorf,Hamburg,urban,53.60188,9.95138,Office & Commercial,False,Day (08:00),False,2,7.8,46,False,False,0.222,False,False,Lattenkamp,lattenkamp,4.2,Feeder bus,21.6,2.0,35.3,0,58.9,0.0,15.32,28.0,71.68,46–60 min,30.9,2.1,False
SYN-00214,Hamburg-Neugraben,Hamburg,suburban,53.47575,9.81648,Production & Technical,False,Day (08:00),False,5,19.5,27,False,True,-0.647,False,False,Neugraben,neugraben,3.66,Feeder bus,20.0,4.0,76.7,1,100.6,0.0,37.75,46.5,441.68,> 60 min,54.1,2.16,False
SYN-00215,Hamburg-Stellingen/Eidelstedt,Hamburg,urban,53.59915,9.92069,Production & Technical,True,Early (06:00),True,5,19.5,48,False,True,-0.479,False,False,Niendorf Markt,niendorf_markt,3.78,Feeder bus,20.3,3.6,50.7,0,74.6,0.0,17.29,29.1,202.28,> 60 min,45.5,2.56,False
SYN-00216,Hamburg-Bahrenfeld/Lurup,Hamburg,urban,53.55498,9.90122,Production & Technical,True,Early (06:00),True,5,19.5,37,False,False,-1.426,False,False,Bahrenfeld,bahrenfeld,1.22,Feeder bus,12.7,6.0,61.9,1,80.6,0.0,23.66,32.0,276.77,> 60 min,48.6,2.52,False
SYN-00217,Hamburg-Langenhorn,Hamburg,urban,53.6763,10.03919,Production & Technical,True,Late (14:00),True,5,19.5,46,False,True,-0.051,False,False,Local bus stop,local_bus,0.4,Walk to bus stop,5.0,6.0,5.4,0,16.4,0.0,1.72,10.0,20.16,≤ 30 min,6.4,1.64,True
SYN-00218,Hamburg-Langenhorn,Hamburg,urban,53.6805,10.00085,Production & Technical,True,Late (14:00),True,5,19.5,52,False,False,0.294,False,False,Local bus stop,local_bus,0.4,Walk to bus stop,5.0,6.0,13.2,0,24.2,0.0,4.17,15.6,48.73,≤ 30 min,8.6,1.55,True
SYN-00219,Uetersen,Kr. Pinneberg,rural,53.69266,9.64466,Office & Commercial,False,Day (08:00),False,3,11.7,49,False,True,-1.313,True,False,Uetersen (Bus),uetersen,1.85,Feeder bus,14.5,6.0,104.7,2,125.2,0.0,35.72,35.8,250.77,> 60 min,89.4,3.5,False
SYN-00220,Hamburg-Winterhude,Hamburg,urban_core,53.60802,9.99451,Lab & R&D,False,Day (08:00),False,5,19.5,46,True,True,2.223,False,False,Alsterdorf,alsterdorf,1.94,Feeder bus,14.8,2.0,33.1,0,50.0,0.0,12.72,26.2,148.79,46–60 min,23.8,1.91,False
SYN-00221,Hamburg-Volksdorf/Duvenstedt,Hamburg,suburban,53.66516,10.1352,Office & Commercial,False,Day (08:00),False,2,7.8,49,True,True,0.576,False,False,Poppenbüttel,poppenbuettel,4.48,Feeder bus,22.5,4.0,40.2,0,66.7,0.0,8.55,16.6,39.99,> 60 min,50.1,4.02,False
SYN-00222,Hamburg-Eimsbüttel,Hamburg,urban_core,53.58888,9.95025,Office & Commercial,False,Day (08:00),False,2,7.8,50,False,True,-1.576,False,False,Hudtwalckerstraße,hudtwalckerstrasse,3.8,Feeder bus,20.4,2.0,36.5,0,58.9,0.0,17.03,29.0,79.7,46–60 min,29.9,2.03,False
SYN-00223,Hamburg-Billstedt/Horn,Hamburg,urban,53.54706,10.1153,Office & Commercial,False,Day (08:00),False,3,11.7,58,True,True,-1.889,False,False,Billstedt,billstedt,1.61,Feeder bus,13.8,2.0,63.7,1,79.5,0.0,21.88,31.3,153.58,> 60 min,48.2,2.54,False
SYN-00224,Ahrensburg,Kr. Stormarn,suburban,53.68216,10.23317,Production & Technical,False,Day (08:00),False,5,19.5,42,True,True,-1.084,False,False,Ahrensburg (DB),ahrensburg,1.61,Feeder bus,13.8,6.0,67.2,2,87.1,0.0,16.62,24.0,194.43,> 60 min,63.1,3.63,False
SYN-00225,Hamburg-Sasel/Wellingsbüttel,Hamburg,suburban,53.64782,10.10014,Office & Commercial,False,Day (08:00),False,4,15.6,44,False,True,1.44,False,False,Local bus stop,local_bus,0.4,Walk to bus stop,5.0,6.0,23.9,0,34.9,0.0,7.57,15.6,70.87,31–45 min,19.3,2.24,False
SYN-00226,Tornesch,Kr. Pinneberg,rural,53.69455,9.72466,Office & Commercial,False,Day (08:00),False,2,7.8,52,False,True,0.424,False,False,Tornesch,tornesch,1.22,Feeder bus,12.7,6.0,81.0,1,99.7,0.0,28.62,31.9,133.96,> 60 min,67.8,3.13,False
SYN-00227,Norderstedt,Kr. Segeberg,suburban,53.69725,9.98911,Production & Technical,True,Early (06:00),True,5,19.5,37,True,True,1.607,False,False,Local bus stop,local_bus,0.4,Walk to bus stop,5.0,6.0,16.8,0,27.8,0.0,5.32,13.1,62.28,≤ 30 min,14.7,2.12,False
SYN-00228,Hamburg-Altona/Ottensen,Hamburg,urban_core,53.54925,9.93703,Production & Technical,True,Early (06:00),True,5,19.5,27,False,False,0.61,True,False,Stephansplatz,stephansplatz,4.59,Feeder bus,22.8,3.6,43.4,0,69.8,0.0,22.85,31.7,267.35,> 60 min,38.1,2.2,False
SYN-00229,Hamburg-Rahlstedt,Hamburg,suburban,53.59967,10.19134,Lab & R&D,False,Day (08:00),False,4,15.6,47,False,True,-0.393,False,False,Farmsen,farmsen,7.58,Park+Ride,18.1,2.0,61.3,3,81.4,7.58,18.38,25.3,172.08,> 60 min,56.1,3.22,False
SYN-00230,Hamburg-Langenhorn,Hamburg,urban,53.67265,10.03823,Office & Commercial,False,Day (08:00),False,5,19.5,40,True,True,-1.064,False,False,Local bus stop,local_bus,0.4,Walk to bus stop,5.0,6.0,7.2,0,18.2,0.0,2.27,11.2,26.52,≤ 30 min,7.0,1.62,True
SYN-00231,Hamburg-Langenhorn,Hamburg,urban,53.68706,10.03248,Office & Commercial,False,Day (08:00),False,4,15.6,29,False,True,0.716,False,False,Local bus stop,local_bus,0.4,Walk to bus stop,5.0,6.0,3.9,0,14.9,0.0,1.24,8.9,11.6,≤ 30 min,6.0,1.67,True
SYN-00232,Hamburg-Barmbek,Hamburg,urban_core,53.57235,10.04046,Office & Commercial,False,Day (08:00),False,4,15.6,48,False,True,0.054,False,False,Barmbek,barmbek,2.07,Feeder bus,15.2,2.0,40.5,1,57.7,0.0,17.21,29.1,161.1,46–60 min,28.6,1.98,False
SYN-00233,Bargteheide,Kr. Stormarn,rural,53.72992,10.26223,Production & Technical,True,Late (14:00),True,5,19.5,58,False,True,-0.801,False,False,Bargteheide,bargteheide,0.36,Walk,4.6,6.0,79.9,2,90.5,0.0,20.23,26.7,236.7,> 60 min,63.8,3.39,False
SYN-00234,Hamburg-Wandsbek,Hamburg,urban,53.56964,10.06036,Office & Commercial,False,Day (08:00),False,2,7.8,24,False,True,2.068,False,False,Hasselbrook,hasselbrook,0.99,Feeder bus,12.0,4.0,43.8,1,59.8,0.0,17.65,29.3,82.62,46–60 min,30.5,2.04,False
SYN-00235,Elmshorn,Kr. Pinneberg,suburban,53.74411,9.65201,Production & Technical,False,Day (08:00),False,5,19.5,53,True,True,-0.41,False,False,Elmshorn,elmshorn,1.3,Feeder bus,12.9,6.0,80.1,1,99.0,0.0,36.07,36.1,422.05,> 60 min,62.9,2.74,False
SYN-00236,Hamburg-Neugraben,Hamburg,suburban,53.44801,9.8794,Production & Technical,True,Early (06:00),True,5,19.5,20,False,True,1.598,False,False,Neuwiedenthal,neuwiedenthal,3.43,Feeder bus,19.3,6.0,75.6,1,100.9,0.0,38.84,47.4,454.38,> 60 min,53.5,2.13,False
SYN-00237,Hamburg-Eppendorf,Hamburg,urban_core,53.58386,9.98735,Office & Commercial,False,Day (08:00),False,2,7.8,38,True,False,-1.171,True,False,Kellinghusenstraße,kellinghusenstrasse,0.55,Walk,6.9,2.0,37.8,0,46.7,0.0,16.34,28.6,76.49,46–60 min,18.1,1.63,False
SYN-00238,Hamburg-Wilhelmsburg,Hamburg,urban,53.50908,10.03623,Production & Technical,True,Late (14:00),True,5,19.5,62,True,True,2.505,False,False,Elbbrücken,elbbruecken,3.8,Feeder bus,20.4,3.6,57.2,1,81.2,0.0,26.72,42.0,312.58,> 60 min,39.2,1.93,False
SYN-00239,Norderstedt,Kr. Segeberg,suburban,53.71946,9.94891,Office & Commercial,False,Day (08:00),False,2,7.8,38,True,True,-0.407,True,False,Norderstedt Mitte,norderstedt_mitte,4.03,Feeder bus,21.1,2.0,23.0,0,46.1,0.0,9.94,18.1,46.54,46–60 min,28.0,2.55,False
SYN-00240,Hamburg-Langenhorn,Hamburg,urban,53.67766,10.04642,Production & Technical,False,Day (08:00),False,5,19.5,43,False,True,0.841,False,False,Local bus stop,local_bus,0.4,Walk to bus stop,5.0,6.0,4.4,0,15.4,0.0,1.39,9.2,16.32,≤ 30 min,6.2,1.67,True
SYN-00241,Henstedt-Ulzburg,Kr. Segeberg,suburban,53.78773,9.96192,Office & Commercial,False,Day (08:00),False,5,19.5,50,False,True,0.633,False,False,Ulzburg Süd,ulzburg_sued,2.67,Feeder bus,17.0,6.0,36.8,0,59.8,0.0,16.89,24.2,197.57,46–60 min,35.6,2.47,False
SYN-00242,Hamburg-Harburg,Hamburg,urban,53.46037,9.96999,Office & Commercial,False,Day (08:00),False,4,15.6,23,False,True,-0.031,False,False,Harburg Rathaus,harburg_rathaus,0.75,Walk,9.4,4.0,67.2,1,80.6,0.0,34.69,44.1,324.68,> 60 min,36.5,1.83,False
SYN-00243,Hamburg-Poppenbüttel,Hamburg,suburban,53.6501,10.07908,Office & Commercial,False,Day (08:00),False,4,15.6,43,True,True,0.702,False,False,Local bus stop,local_bus,0.4,Walk to bus stop,5.0,6.0,19.7,0,30.7,0.0,6.25,14.1,58.48,31–45 min,16.6,2.18,False
SYN-00244,Hamburg-St. Pauli/Neustadt,Hamburg,urban_core,53.55421,9.96067,Office & Commercial,False,Day (08:00),False,2,7.8,43,False,True,1.204,True,False,Stephansplatz,stephansplatz,2.45,Feeder bus,16.3,2.0,43.4,0,61.7,0.0,21.34,31.1,99.87,> 60 min,30.6,1.98,False
SYN-00245,Hamburg-Wandsbek,Hamburg,urban,53.57277,10.08422,Field & Sales,False,Day (08:00),False,1,3.9,62,False,True,-0.896,False,True,Barmbek,barmbek,4.08,Feeder bus,21.2,2.0,40.5,1,63.8,0.0,17.47,29.2,40.87,> 60 min,34.6,2.18,False
SYN-00246,Tangstedt,Kr. Stormarn,rural,53.73746,10.06562,Office & Commercial,False,Day (08:00),False,4,15.6,28,False,True,-0.768,False,False,Local bus stop,local_bus,0.4,Walk to bus stop,5.0,6.0,24.5,0,35.5,0.0,7.77,15.8,72.74,31–45 min,19.7,2.25,False
SYN-00247,Hamburg-Wandsbek,Hamburg,urban,53.57256,10.03847,Office & Commercial,False,Day (08:00),False,4,15.6,38,False,True,0.262,False,False,Barmbek,barmbek,2.06,Feeder bus,15.2,2.0,40.5,1,57.7,0.0,17.19,29.1,160.86,46–60 min,28.6,1.98,False
SYN-00248,Hamburg-Barmbek,Hamburg,urban_core,53.58857,10.02096,Office & Commercial,False,Day (08:00),False,3,11.7,32,False,False,0.401,False,False,Alsterdorf,alsterdorf,2.26,Feeder bus,15.8,2.0,33.1,0,50.9,0.0,14.94,27.7,104.89,46–60 min,23.2,1.84,False
SYN-00249,Hamburg-Winterhude,Hamburg,urban_core,53.58846,9.99147,Production & Technical,True,Late (14:00),True,5,19.5,31,False,False,1.926,False,False,Kellinghusenstraße,kellinghusenstrasse,0.2,Walk,2.5,3.6,37.8,0,43.9,0.0,15.57,28.1,182.2,31–45 min,15.8,1.56,False
SYN-00250,Hamburg-Barmbek,Hamburg,urban_core,53.58913,10.02994,Production & Technical,False,Day (08:00),False,5,19.5,54,True,True,0.853,False,False,Alsterdorf,alsterdorf,2.45,Feeder bus,16.3,2.0,33.1,0,51.5,0.0,14.76,27.6,172.66,46–60 min,23.9,1.87,False
SYN-00251,Hamburg-Rahlstedt,Hamburg,suburban,53.62748,10.15336,Production & Technical,True,Late (14:00),True,5,19.5,42,False,True,-0.17,False,False,Volksdorf,volksdorf,2.25,Feeder bus,15.8,3.6,73.0,2,92.4,0.0,13.05,21.0,152.64,> 60 min,71.4,4.4,False
SYN-00252,Tangstedt,Kr. Stormarn,rural,53.70952,10.09935,Production & Technical,True,Early (06:00),True,5,19.5,36,False,True,0.406,False,False,Local bus stop,local_bus,0.4,Walk to bus stop,5.0,6.0,18.3,0,29.3,0.0,5.8,13.6,67.83,≤ 30 min,15.7,2.15,False
SYN-00253,Hamburg-Eppendorf,Hamburg,urban_core,53.5949,9.96558,Production & Technical,False,Day (08:00),False,5,19.5,36,True,True,-1.597,False,False,Hudtwalckerstraße,hudtwalckerstrasse,2.49,Feeder bus,16.5,2.0,36.5,0,55.0,0.0,15.58,28.1,182.27,46–60 min,26.9,1.96,False
SYN-00254,Hamburg-Poppenbüttel,Hamburg,suburban,53.65634,10.05253,Production & Technical,True,Early (06:00),True,5,19.5,36,False,True,-0.615,True,False,Local bus stop,local_bus,0.4,Walk to bus stop,5.0,6.0,14.6,0,25.6,0.0,4.63,12.2,54.14,≤ 30 min,13.4,2.1,True
SYN-00255,Hamburg-Poppenbüttel,Hamburg,suburban,53.64585,10.09074,Office & Commercial,False,Day (08:00),False,5,19.5,37,True,True,0.271,False,False,Local bus stop,local_bus,0.4,Walk to bus stop,5.0,6.0,23.1,0,34.1,0.0,7.32,15.3,85.66,31–45 min,18.8,2.23,False
SYN-00256,Hamburg-Bahrenfeld/Lurup,Hamburg,urban,53.58106,9.89496,Production & Technical,True,Night (22:00),True,5,19.5,28,False,True,1.499,True,False,Langenfelde,langenfelde,1.93,Feeder bus,14.8,6.0,63.5,1,84.3,0.0,20.84,30.9,243.86,> 60 min,53.4,2.73,False
SYN-00257,Hamburg-Bergedorf,Hamburg,suburban,53.47791,10.22326,Office & Commercial,False,Day (08:00),False,4,15.6,39,False,True,0.15,False,False,Bergedorf,bergedorf,2.04,Feeder bus,15.1,4.0,70.7,2,89.9,0.0,35.12,44.3,328.68,> 60 min,45.6,2.03,False
SYN-00258,Hamburg-Langenhorn,Hamburg,urban,53.6611,10.00998,Production & Technical,True,Early (06:00),True,5,19.5,38,False,True,1.675,False,False,Local bus stop,local_bus,0.4,Walk to bus stop,5.0,6.0,16.0,0,27.0,0.0,5.06,17.6,59.15,≤ 30 min,9.4,1.53,False
SYN-00259,Norderstedt,Kr. Segeberg,suburban,53.73005,10.0269,Office & Commercial,False,Day (08:00),False,2,7.8,34,True,False,0.901,True,False,Local bus stop,local_bus,0.4,Walk to bus stop,5.0,6.0,21.2,0,32.2,0.0,6.7,14.6,31.35,31–45 min,17.6,2.21,False
SYN-00260,Hamburg-Wandsbek,Hamburg,urban,53.57684,10.09024,Production & Technical,True,Early (06:00),True,5,19.5,44,False,True,-0.372,False,False,Barmbek,barmbek,4.31,Feeder bus,21.9,3.6,42.5,1,68.1,0.0,16.98,29.0,198.7,> 60 min,39.1,2.35,False
SYN-00261,Hamburg-Langenhorn,Hamburg,urban,53.68051,9.99558,Office & Commercial,False,Day (08:00),False,3,11.7,45,False,False,-0.04,True,False,Local bus stop,local_bus,0.4,Walk to bus stop,5.0,6.0,14.6,0,25.6,0.0,4.62,16.7,32.45,≤ 30 min,8.9,1.53,True
SYN-00262,Henstedt-Ulzburg,Kr. Segeberg,suburban,53.77686,9.99691,Production & Technical,True,Early (06:00),True,5,19.5,36,True,True,0.408,False,False,Ulzburg Süd,ulzburg_sued,0.94,Walk,11.8,6.0,36.8,0,54.5,0.0,14.19,22.0,166.07,46–60 min,32.5,2.48,False
SYN-00263,Hamburg-Volksdorf/Duvenstedt,Hamburg,suburban,53.64154,10.1712,Office & Commercial,False,Day (08:00),False,2,7.8,40,False,True,-0.515,False,False,Volksdorf,volksdorf,1.12,Feeder bus,12.4,2.0,67.0,2,81.4,0.0,13.03,21.0,60.96,> 60 min,60.4,3.88,False
SYN-00264,Hamburg-Langenhorn,Hamburg,urban,53.67226,10.03517,Production & Technical,True,Late (14:00),True,5,19.5,64,False,True,1.315,False,False,Local bus stop,local_bus,0.4,Walk to bus stop,5.0,6.0,7.6,0,18.6,0.0,2.42,11.6,28.33,≤ 30 min,7.0,1.6,True
SYN-00265,Wedel,Kr. Pinneberg,suburban,53.568,9.70599,Field & Sales,False,Day (08:00),False,1,3.9,64,False,True,-1.575,False,True,Wedel,wedel,2.1,Feeder bus,15.3,4.0,78.5,1,97.8,0.0,35.17,35.3,82.31,> 60 min,62.5,2.77,False
SYN-00266,Hamburg-Ohlsdorf,Hamburg,urban,53.6288,10.0125,Production & Technical,True,Late (14:00),True,5,19.5,30,False,True,0.666,False,False,Fuhlsbüttel,fuhlsbuettel,1.37,Feeder bus,13.1,3.6,26.5,0,43.2,0.0,9.24,23.1,108.06,31–45 min,20.1,1.87,False
SYN-00267,Hamburg-Sasel/Wellingsbüttel,Hamburg,suburban,53.67171,10.0947,Office & Commercial,False,Day (08:00),False,2,7.8,32,True,True,0.802,False,False,Local bus stop,local_bus,0.4,Walk to bus stop,5.0,6.0,15.4,0,26.4,0.0,4.86,12.5,22.77,≤ 30 min,13.9,2.11,True
SYN-00268,Hamburg-Fuhlsbüttel,Hamburg,urban,53.64083,10.02763,Production & Technical,True,Late (14:00),True,5,19.5,30,True,True,0.037,True,False,Local bus stop,local_bus,0.4,Walk to bus stop,5.0,6.0,22.5,0,33.5,0.0,7.12,20.6,83.33,31–45 min,12.9,1.63,False
SYN-00269,Hamburg-Langenhorn,Hamburg,urban,53.65839,10.00633,Office & Commercial,False,Day (08:00),False,4,15.6,54,False,True,-0.589,False,False,Local bus stop,local_bus,0.4,Walk to bus stop,5.0,6.0,17.6,0,28.6,0.0,5.58,18.4,52.19,≤ 30 min,10.2,1.55,False
SYN-00270,Norderstedt,Kr. Segeberg,suburban,53.69335,9.99946,Office & Commercial,False,Day (08:00),False,3,11.7,38,True,True,-0.109,False,False,Local bus stop,local_bus,0.4,Walk to bus stop,5.0,6.0,13.5,0,24.5,0.0,4.28,11.7,30.07,≤ 30 min,12.8,2.09,True
SYN-00271,Norderstedt,Kr. Segeberg,suburban,53.68308,9.96118,Production & Technical,True,Early (06:00),True,5,19.5,45,False,True,0.662,True,False,Local bus stop,local_bus,0.4,Walk to bus stop,5.0,6.0,24.0,0,35.0,0.0,7.6,15.6,88.92,31–45 min,19.4,2.24,False
SYN-00272,Hamburg-Ohlsdorf,Hamburg,urban,53.61948,10.0332,Production & Technical,True,Early (06:00),True,5,19.5,64,False,True,-0.717,False,False,Ohlsdorf,ohlsdorf,0.4,Walk,4.9,3.6,29.4,0,37.9,0.0,10.2,24.0,119.3,31–45 min,13.9,1.58,False
SYN-00273,Norderstedt,Kr. Segeberg,suburban,53.69772,10.00535,Production & Technical,True,Late (14:00),True,5,19.5,42,False,True,-1.169,False,False,Local bus stop,local_bus,0.4,Walk to bus stop,5.0,6.0,12.6,0,23.6,0.0,3.99,11.3,46.71,≤ 30 min,12.3,2.09,True
SYN-00274,Hamburg-Wandsbek,Hamburg,urban,53.56128,10.07413,Production & Technical,True,Early (06:00),True,5,19.5,50,False,True,1.167,True,False,Hasselbrook,hasselbrook,2.34,Feeder bus,16.0,6.0,45.8,1,67.8,0.0,19.03,30.0,222.6,> 60 min,37.8,2.26,False
SYN-00275,Hamburg-Billstedt/Horn,Hamburg,urban,53.53091,10.07658,Field & Sales,False,Day (08:00),False,1,3.9,48,True,True,0.449,False,True,Tiefstack,tiefstack,1.45,Feeder bus,13.3,4.0,57.8,1,75.1,0.0,23.58,32.0,55.17,> 60 min,43.1,2.35,False
SYN-00276,Hamburg-Winterhude,Hamburg,urban_core,53.58347,10.00988,Production & Technical,True,Late (14:00),True,5,19.5,36,True,True,1.458,False,False,Lattenkamp,lattenkamp,2.1,Feeder bus,15.3,3.6,35.3,0,54.2,0.0,15.87,28.3,185.69,46–60 min,25.9,1.92,False
SYN-00277,Hamburg-Bramfeld/Farmsen,Hamburg,urban,53.59714,10.09383,Production & Technical,True,Early (06:00),True,5,19.5,54,False,False,0.709,False,False,Barmbek,barmbek,4.64,Feeder bus,22.9,3.6,42.5,1,69.0,0.0,14.13,27.2,165.28,> 60 min,41.8,2.54,False
SYN-00278,Hamburg-Rotherbaum,Hamburg,urban_core,53.57682,9.96714,Field & Sales,False,Day (08:00),False,3,11.7,33,False,True,2.68,True,True,Hoheluftbrücke,hoheluftbruecke,0.63,Walk,7.8,2.0,46.3,1,56.1,0.0,17.98,29.5,126.19,46–60 min,26.6,1.9,False
SYN-00279,Neumünster,Kr. Neumünster,suburban,54.07357,9.95532,Production & Technical,True,Late (14:00),True,5,19.5,57,False,True,0.765,False,False,Neumünster,neumuenster,2.26,Feeder bus,15.8,6.0,138.4,2,160.1,0.0,58.59,54.8,685.55,> 60 min,105.3,2.92,False
SYN-00280,Quickborn,Kr. Pinneberg,suburban,53.72225,9.92163,Production & Technical,False,Day (08:00),False,5,19.5,36,False,True,-0.724,False,False,Quickborn,quickborn,1.8,Feeder bus,14.4,6.0,42.8,0,63.2,0.0,12.29,20.3,143.79,> 60 min,42.9,3.11,False
SYN-00281,Norderstedt,Kr. Segeberg,suburban,53.71238,9.96223,Office & Commercial,False,Day (08:00),False,3,11.7,37,False,True,0.454,False,False,Norderstedt Mitte,norderstedt_mitte,2.57,Feeder bus,16.7,2.0,23.0,0,41.7,0.0,8.4,16.5,58.96,31–45 min,25.2,2.53,False
SYN-00282,Hamburg-Niendorf,Hamburg,urban,53.6231,9.94315,Lab & R&D,False,Day (08:00),False,5,19.5,30,True,True,-0.207,False,False,Niendorf Markt,niendorf_markt,0.97,Feeder bus,11.9,2.0,50.7,0,64.6,0.0,13.28,26.6,155.34,> 60 min,38.0,2.43,False
SYN-00283,Hamburg-Poppenbüttel,Hamburg,suburban,53.66567,10.1061,Office & Commercial,False,Day (08:00),False,3,11.7,32,False,True,-0.387,False,False,Local bus stop,local_bus,0.4,Walk to bus stop,5.0,6.0,19.6,0,30.6,0.0,6.19,14.1,43.48,31–45 min,16.5,2.17,False
SYN-00284,Hamburg-Sasel/Wellingsbüttel,Hamburg,suburban,53.65069,10.10102,Office & Commercial,False,Day (08:00),False,4,15.6,37,False,True,-1.429,False,False,Local bus stop,local_bus,0.4,Walk to bus stop,5.0,6.0,23.0,0,34.0,0.0,7.29,15.3,68.28,31–45 min,18.7,2.22,False
SYN-00285,Hamburg-Wandsbek,Hamburg,urban,53.57153,10.09593,Field & Sales,False,Day (08:00),False,1,3.9,20,False,True,0.231,True,True,Friedrichsberg,friedrichsberg,4.28,Feeder bus,21.8,4.0,42.0,1,67.9,0.0,17.88,29.4,41.83,> 60 min,38.5,2.31,False
SYN-00286,Hamburg-Barmbek,Hamburg,urban_core,53.58475,10.03387,Production & Technical,True,Late (14:00),True,5,19.5,39,False,True,0.945,True,False,Alsterdorf,alsterdorf,3.16,Feeder bus,18.5,3.6,33.1,0,55.2,0.0,15.38,28.0,179.98,46–60 min,27.2,1.97,False
SYN-00287,Norderstedt,Kr. Segeberg,suburban,53.70819,10.04749,Field & Sales,False,Day (08:00),False,2,7.8,36,False,True,-0.066,False,True,Local bus stop,local_bus,0.4,Walk to bus stop,5.0,6.0,10.1,0,21.1,0.0,3.19,10.3,14.93,≤ 30 min,10.8,2.05,True
SYN-00288,Hamburg-Winterhude,Hamburg,urban_core,53.58975,9.99357,Lab & R&D,False,Day (08:00),False,4,15.6,51,False,True,-0.899,False,False,Hudtwalckerstraße,hudtwalckerstrasse,0.32,Walk,3.9,2.0,36.5,0,42.5,0.0,15.33,28.0,143.49,31–45 min,14.5,1.52,False
SYN-00289,Hamburg-Uhlenhorst,Hamburg,urban_core,53.56964,10.04361,Lab & R&D,False,Day (08:00),False,3,11.7,47,False,True,-1.256,False,False,Hasselbrook,hasselbrook,0.55,Walk,6.9,4.0,43.8,1,54.7,0.0,17.61,29.3,123.64,46–60 min,25.4,1.87,False
SYN-00290,Hamburg-Langenhorn,Hamburg,urban,53.65964,10.01654,Production & Technical,True,Night (22:00),True,5,19.5,34,False,True,2.395,True,False,Local bus stop,local_bus,0.4,Walk to bus stop,5.0,6.0,15.4,0,26.4,0.0,4.89,17.3,57.16,≤ 30 min,9.1,1.53,True
SYN-00291,Henstedt-Ulzburg,Kr. Segeberg,suburban,53.79523,9.97704,Production & Technical,True,Late (14:00),True,5,19.5,37,True,True,0.308,False,False,Ulzburg Süd,ulzburg_sued,2.88,Feeder bus,17.6,6.0,36.8,0,60.4,0.0,17.38,24.6,203.37,> 60 min,35.8,2.46,False
SYN-00292,Norderstedt,Kr. Segeberg,suburban,53.68506,10.02768,Office & Commercial,False,Day (08:00),False,5,19.5,39,True,True,-0.874,False,False,Local bus stop,local_bus,0.4,Walk to bus stop,5.0,6.0,5.3,0,16.3,0.0,1.69,8.3,19.77,≤ 30 min,8.0,1.96,True
SYN-00293,Tornesch,Kr. Pinneberg,rural,53.70971,9.7051,Office & Commercial,False,Day (08:00),False,4,15.6,58,False,True,-0.105,False,False,Tornesch,tornesch,1.57,Feeder bus,13.7,6.0,81.0,1,100.7,0.0,30.53,32.9,285.72,> 60 min,67.8,3.06,False
SYN-00294,Hamburg-Langenhorn,Hamburg,urban,53.68783,10.0158,Office & Commercial,False,Day (08:00),False,2,7.8,33,True,True,2.489,False,False,Local bus stop,local_bus,0.4,Walk to bus stop,5.0,6.0,8.6,0,19.6,0.0,2.72,12.3,12.75,≤ 30 min,7.3,1.59,True
SYN-00295,Kaltenkirchen,Kr. Segeberg,suburban,53.84631,9.9459,Lab & R&D,False,Day (08:00),False,5,19.5,34,True,True,0.654,False,False,Kaltenkirchen,kaltenkirchen,1.7,Feeder bus,14.1,6.0,59.9,1,80.0,0.0,25.53,30.1,298.7,> 60 min,49.9,2.66,False
SYN-00296,Halstenbek/Rellingen,Kr. Pinneberg,suburban,53.63724,9.8709,Office & Commercial,False,Day (08:00),False,4,15.6,30,False,True,-2.687,False,False,Schnelsen,schnelsen,3.91,Feeder bus,20.7,6.0,49.9,0,76.6,0.0,17.3,24.5,161.97,> 60 min,52.1,3.13,False
SYN-00297,Reinbek/Glinde,Kr. Stormarn,suburban,53.53381,10.19834,Production & Technical,False,Day (08:00),False,5,19.5,26,False,True,2.819,False,False,Glinde (Bus),glinde,1.44,Feeder bus,13.3,6.0,84.6,2,104.0,0.0,26.67,30.8,312.09,> 60 min,73.2,3.38,False
SYN-00298,Hamburg-Harburg,Hamburg,urban,53.48097,9.98721,Production & Technical,False,Day (08:00),False,5,19.5,45,True,True,-1.749,True,False,Wilhelmsburg,wilhelmsburg,3.89,Feeder bus,20.7,4.0,60.0,1,84.7,0.0,31.37,43.3,367.0,> 60 min,41.4,1.96,False
SYN-00299,Hamburg-Wilhelmsburg,Hamburg,urban,53.49462,10.02383,Production & Technical,False,Day (08:00),False,5,19.5,44,False,True,-0.089,False,False,Wilhelmsburg,wilhelmsburg,1.52,Feeder bus,13.6,4.0,60.0,1,77.6,0.0,28.94,42.7,338.62,> 60 min,34.9,1.82,False
SYN-00300,Hamburg-Rahlstedt,Hamburg,suburban,53.61908,10.12996,Production & Technical,False,Day (08:00),False,5,19.5,56,False,True,-1.467,False,False,Meiendorfer Weg,meiendorfer_weg,1.23,Feeder bus,12.7,2.0,64.6,3,79.3,0.0,12.61,20.6,147.55,> 60 min,58.7,3.85,False
SYN-00301,Hamburg-Wilhelmsburg,Hamburg,urban,53.49809,9.98131,Production & Technical,False,Day (08:00),False,5,19.5,53,False,True,-0.773,False,False,Wilhelmsburg,wilhelmsburg,2.83,Feeder bus,17.5,4.0,60.0,1,81.5,0.0,28.94,42.7,338.58,> 60 min,38.8,1.91,False
SYN-00302,Hamburg-Langenhorn,Hamburg,urban,53.65476,10.01193,Office & Commercial,False,Day (08:00),False,4,15.6,64,False,True,0.068,False,False,Local bus stop,local_bus,0.4,Walk to bus stop,5.0,6.0,18.1,0,29.1,0.0,5.72,18.7,53.57,≤ 30 min,10.4,1.56,False
SYN-00303,Hamburg-St. Pauli/Neustadt,Hamburg,urban_core,53.54575,9.97395,Office & Commercial,False,Day (08:00),False,2,7.8,41,True,False,-1.704,False,False,Landungsbrücken,landungsbruecken,0.39,Walk,4.9,2.0,53.1,1,60.0,0.0,22.16,31.4,103.69,> 60 min,28.6,1.91,False
SYN-00304,Hamburg-Uhlenhorst,Hamburg,urban_core,53.5729,10.01315,Office & Commercial,False,Day (08:00),False,3,11.7,39,True,True,0.31,False,False,Klosterstern,klosterstern,1.63,Feeder bus,13.9,2.0,39.5,0,55.4,0.0,17.37,29.2,121.97,46–60 min,26.2,1.9,False
SYN-00305,Quickborn,Kr. Pinneberg,suburban,53.72493,9.87751,Production & Technical,False,Day (08:00),False,5,19.5,28,False,True,1.281,False,False,Quickborn,quickborn,2.34,Feeder bus,16.0,6.0,42.8,0,64.8,0.0,16.05,23.5,187.84,> 60 min,41.3,2.76,False
SYN-00306,Hamburg-Eppendorf,Hamburg,urban_core,53.58061,9.98818,Office & Commercial,False,Day (08:00),False,4,15.6,50,True,False,-0.627,True,False,Klosterstern,klosterstern,0.8,Walk,10.1,2.0,39.5,0,51.5,0.0,16.78,28.9,157.1,46–60 min,22.6,1.78,False
SYN-00307,Hamburg-Winterhude,Hamburg,urban_core,53.60583,9.99538,Office & Commercial,False,Day (08:00),False,5,19.5,43,False,False,-1.057,True,False,Alsterdorf,alsterdorf,1.79,Feeder bus,14.4,2.0,33.1,0,49.5,0.0,13.0,26.4,152.06,46–60 min,23.1,1.88,False
SYN-00308,Hamburg-Rahlstedt,Hamburg,suburban,53.60714,10.18351,Lab & R&D,False,Day (08:00),False,3,11.7,49,False,True,-0.356,False,False,Farmsen,farmsen,6.96,Park+Ride,17.4,2.0,61.3,3,80.7,6.96,17.1,24.4,120.03,> 60 min,56.3,3.31,False
SYN-00309,Hamburg-Sasel/Wellingsbüttel,Hamburg,suburban,53.665,10.12544,Office & Commercial,False,Day (08:00),False,4,15.6,29,False,False,-0.222,False,False,Local bus stop,local_bus,0.4,Walk to bus stop,5.0,6.0,24.5,0,35.5,0.0,7.76,15.8,72.64,31–45 min,19.7,2.25,False
SYN-00310,Hamburg-Langenhorn,Hamburg,urban,53.66233,9.99754,Office & Commercial,False,Day (08:00),False,3,11.7,46,False,True,-0.512,False,False,Local bus stop,local_bus,0.4,Walk to bus stop,5.0,6.0,18.0,0,29.0,0.0,5.71,18.6,40.05,≤ 30 min,10.4,1.56,False
SYN-00311,Hamburg-Eimsbüttel,Hamburg,urban_core,53.58377,9.95327,Office & Commercial,False,Day (08:00),False,3,11.7,44,False,False,-0.872,False,False,Kellinghusenstraße,kellinghusenstrasse,3.23,Feeder bus,18.7,2.0,37.8,0,58.5,0.0,17.57,29.3,123.33,46–60 min,29.2,2.0,False
SYN-00312,Hamburg-Barmbek,Hamburg,urban_core,53.58512,10.05214,Office & Commercial,False,Day (08:00),False,3,11.7,44,True,True,0.836,False,False,Barmbek,barmbek,0.83,Walk,10.4,2.0,40.5,1,52.9,0.0,15.29,28.0,107.37,46–60 min,24.9,1.89,False
SYN-00313,Hamburg-Poppenbüttel,Hamburg,suburban,53.65703,10.1114,Lab & R&D,False,Day (08:00),False,5,19.5,34,False,True,0.629,False,False,Local bus stop,local_bus,0.4,Walk to bus stop,5.0,6.0,23.1,0,34.1,0.0,7.32,15.3,85.63,31–45 min,18.8,2.23,False
SYN-00314,Hamburg-Winterhude,Hamburg,urban_core,53.60394,10.0281,Production & Technical,False,Day (08:00),False,5,19.5,55,False,True,-0.932,False,False,Sengelmannstraße,sengelmannstrasse,1.16,Feeder bus,12.5,2.0,31.4,0,45.9,0.0,12.57,26.1,147.04,46–60 min,19.8,1.76,False
SYN-00315,Hamburg-Bramfeld/Farmsen,Hamburg,urban,53.62197,10.06579,Production & Technical,True,Late (14:00),True,5,19.5,64,False,False,-1.144,False,False,Klein Borstel,klein_borstel,3.24,Feeder bus,18.7,3.6,28.1,0,50.4,0.0,9.91,23.7,115.9,46–60 min,26.7,2.13,False
SYN-00316,Hamburg-Bramfeld/Farmsen,Hamburg,urban,53.61152,10.1072,Production & Technical,False,Day (08:00),False,5,19.5,30,True,False,0.486,False,False,Berne,berne,0.62,Walk,7.7,2.0,63.0,3,72.7,0.0,12.55,26.0,146.82,> 60 min,46.7,2.8,False
SYN-00317,Hamburg-Winterhude,Hamburg,urban_core,53.58962,10.00982,Office & Commercial,False,Day (08:00),False,5,19.5,50,False,True,-0.748,True,False,Lattenkamp,lattenkamp,1.34,Feeder bus,13.0,2.0,35.3,0,50.3,0.0,14.97,27.8,175.14,46–60 min,22.5,1.81,False
SYN-00318,Hamburg-Billstedt/Horn,Hamburg,urban,53.56692,10.08788,Office & Commercial,False,Day (08:00),False,4,15.6,20,False,True,0.695,False,False,Barmbek,barmbek,4.8,Feeder bus,23.4,2.0,40.5,1,65.9,0.0,18.39,29.7,172.15,> 60 min,36.2,2.22,False
SYN-00319,Hamburg-Volksdorf/Duvenstedt,Hamburg,suburban,53.65986,10.16127,Office & Commercial,False,Day (08:00),False,3,11.7,49,False,True,1.251,True,False,Volksdorf,volksdorf,2.48,Feeder bus,16.4,2.0,67.0,2,85.5,0.0,10.99,19.1,77.17,> 60 min,66.4,4.48,False
SYN-00320,Ahrensburg,Kr. Stormarn,suburban,53.66451,10.23631,Production & Technical,True,Late (14:00),True,5,19.5,21,False,True,0.19,False,False,Ahrensburg (DB),ahrensburg,1.15,Feeder bus,12.5,6.0,73.2,2,91.7,0.0,17.22,24.4,201.45,> 60 min,67.3,3.76,False
SYN-00321,Schenefeld,Kr. Pinneberg,suburban,53.59275,9.82905,Production & Technical,False,Day (08:00),False,5,19.5,36,False,True,-1.214,False,False,Klein Flottbek,klein_flottbek,4.86,Feeder bus,23.6,4.0,64.6,1,92.2,0.0,23.96,29.2,280.36,> 60 min,63.0,3.16,False
SYN-00322,Hamburg-Eimsbüttel,Hamburg,urban_core,53.58215,9.93646,Lab & R&D,False,Day (08:00),False,4,15.6,28,False,True,0.975,True,False,Kellinghusenstraße,kellinghusenstrasse,4.69,Feeder bus,23.1,2.0,37.8,0,62.8,0.0,18.53,29.8,173.42,> 60 min,33.0,2.11,False
SYN-00323,Hamburg-Bramfeld/Farmsen,Hamburg,urban,53.59859,10.1147,Production & Technical,True,Night (22:00),True,5,19.5,40,False,False,0.006,False,False,Wandsbek-Gartenstadt,wandsbek_gartenstadt,4.1,Feeder bus,21.3,3.6,54.7,1,79.6,0.0,14.59,27.5,170.7,> 60 min,52.1,2.89,False
SYN-00324,Hamburg-St. Pauli/Neustadt,Hamburg,urban_core,53.54206,9.97556,Lab & R&D,False,Day (08:00),False,5,19.5,51,False,False,0.05,True,False,Stephansplatz,stephansplatz,2.53,Feeder bus,16.6,2.0,43.4,0,62.0,0.0,22.65,31.6,264.97,> 60 min,30.4,1.96,False
SYN-00325,Quickborn,Kr. Pinneberg,suburban,53.73645,9.92623,Production & Technical,False,Day (08:00),False,5,19.5,22,False,True,0.709,False,False,Haslohfurth,haslohfurth,4.86,Feeder bus,23.6,6.0,31.1,0,60.7,0.0,13.01,21.0,152.2,> 60 min,39.7,2.89,False
SYN-00326,Hamburg-Rahlstedt,Hamburg,suburban,53.60439,10.13729,Office & Commercial,False,Day (08:00),False,2,7.8,38,False,True,0.658,False,False,Berne,berne,2.25,Feeder bus,15.7,2.0,63.0,3,80.8,0.0,14.8,22.5,69.26,> 60 min,58.3,3.59,False
SYN-00327,Hamburg-Neugraben,Hamburg,suburban,53.47549,9.83356,Office & Commercial,False,Day (08:00),False,4,15.6,36,True,False,0.036,True,False,Neugraben,neugraben,2.2,Feeder bus,15.6,4.0,76.7,1,96.3,0.0,36.98,45.8,346.13,> 60 min,50.5,2.1,False
SYN-00328,Hamburg-St. Pauli/Neustadt,Hamburg,urban_core,53.55809,9.97688,Lab & R&D,False,Day (08:00),False,4,15.6,59,False,False,0.006,False,False,Messehallen,messehallen,0.15,Walk,1.9,2.0,52.8,1,56.6,0.0,20.31,30.6,190.11,46–60 min,26.0,1.85,False
SYN-00329,Hamburg-Rahlstedt,Hamburg,suburban,53.59743,10.1651,Production & Technical,False,Day (08:00),False,5,19.5,47,False,True,1.88,False,False,Berne,berne,4.83,Feeder bus,23.5,2.0,63.0,3,88.5,0.0,17.09,24.4,199.98,> 60 min,64.1,3.63,False
SYN-00330,Hamburg-Sasel/Wellingsbüttel,Hamburg,suburban,53.66918,10.09765,Lab & R&D,False,Day (08:00),False,4,15.6,29,True,True,1.317,False,False,Local bus stop,local_bus,0.4,Walk to bus stop,5.0,6.0,16.7,0,27.7,0.0,5.28,13.0,49.41,≤ 30 min,14.7,2.13,False
SYN-00331,Hamburg-Bahrenfeld/Lurup,Hamburg,urban,53.58747,9.90036,Office & Commercial,False,Day (08:00),False,2,7.8,37,False,True,1.067,True,False,Langenfelde,langenfelde,1.84,Feeder bus,14.5,4.0,60.0,2,78.6,0.0,19.8,30.4,92.66,> 60 min,48.2,2.59,False
SYN-00332,Hamburg-Niendorf,Hamburg,urban,53.61787,9.96133,Office & Commercial,False,Day (08:00),False,2,7.8,59,False,False,-0.002,False,False,Lattenkamp,lattenkamp,4.49,Feeder bus,22.5,2.0,35.3,0,59.7,0.0,12.84,26.3,60.09,46–60 min,33.4,2.27,False
SYN-00333,Hamburg-Billstedt/Horn,Hamburg,urban,53.52933,10.0805,Office & Commercial,False,Day (08:00),False,3,11.7,50,False,True,-0.989,False,False,Tiefstack,tiefstack,1.84,Feeder bus,14.5,4.0,57.8,1,76.3,0.0,23.86,41.1,167.46,> 60 min,35.2,1.86,False
SYN-00334,Ellerau,Kr. Segeberg,rural,53.74844,9.93422,Production & Technical,True,Early (06:00),True,5,19.5,32,False,True,0.994,False,False,Haslohfurth,haslohfurth,4.16,Feeder bus,21.5,6.0,31.1,0,58.6,0.0,13.58,21.5,158.94,46–60 min,37.1,2.73,False
SYN-00335,Hamburg-Langenhorn,Hamburg,urban,53.67134,10.02594,Office & Commercial,False,Day (08:00),False,3,11.7,39,False,False,0.344,False,False,Local bus stop,local_bus,0.4,Walk to bus stop,5.0,6.0,9.4,0,20.4,0.0,2.97,12.8,20.83,≤ 30 min,7.6,1.59,True
SYN-00336,Hamburg-Rahlstedt,Hamburg,suburban,53.5881,10.16231,Production & Technical,True,Early (06:00),True,5,19.5,39,False,True,-0.627,False,False,Wandsbek-Gartenstadt,wandsbek_gartenstadt,7.98,Park+Ride,18.6,3.6,54.7,1,76.9,7.98,18.07,25.1,211.44,> 60 min,51.8,3.06,False
SYN-00337,Hamburg-Langenhorn,Hamburg,urban,53.67863,10.04238,Production & Technical,True,Early (06:00),True,5,19.5,36,True,True,0.007,False,False,Local bus stop,local_bus,0.4,Walk to bus stop,5.0,6.0,4.1,0,15.1,0.0,1.3,9.0,15.21,≤ 30 min,6.1,1.68,True
SYN-00338,Hamburg-Bahrenfeld/Lurup,Hamburg,urban,53.55591,9.89395,Office & Commercial,False,Day (08:00),False,4,15.6,23,False,True,-0.5,False,False,Bahrenfeld,bahrenfeld,1.55,Feeder bus,13.7,4.0,59.9,1,77.6,0.0,23.9,32.1,223.71,> 60 min,45.5,2.42,False
SYN-00339,Norderstedt,Kr. Segeberg,suburban,53.69837,9.94881,Office & Commercial,False,Day (08:00),False,2,7.8,35,True,True,1.074,False,False,Norderstedt Mitte,norderstedt_mitte,3.75,Feeder bus,20.2,2.0,23.0,0,45.2,0.0,8.84,16.9,41.39,46–60 min,28.3,2.67,False
SYN-00340,Elmshorn,Kr. Pinneberg,suburban,53.74122,9.6438,Production & Technical,False,Day (08:00),False,5,19.5,57,False,True,0.333,False,False,Elmshorn,elmshorn,1.91,Feeder bus,14.7,6.0,80.1,1,100.9,0.0,36.68,36.6,429.21,> 60 min,64.3,2.76,False
SYN-00341,Hamburg-Langenhorn,Hamburg,urban,53.68557,10.03317,Production & Technical,False,Day (08:00),False,5,19.5,38,True,True,0.398,True,False,Local bus stop,local_bus,0.4,Walk to bus stop,5.0,6.0,3.8,0,14.8,0.0,1.2,8.8,13.99,≤ 30 min,6.0,1.68,True
SYN-00342,Großhansdorf,Kr. Stormarn,rural,53.6657,10.28625,Production & Technical,False,Day (08:00),False,5,19.5,41,True,True,-0.326,False,False,Kiekut,kiekut,0.63,Walk,7.9,2.0,82.4,3,92.2,0.0,21.56,27.6,252.29,> 60 min,64.6,3.34,False
SYN-00343,Hamburg-Harburg,Hamburg,urban,53.46735,10.00422,Production & Technical,True,Night (22:00),True,5,19.5,44,True,True,-0.564,True,False,Harburg,harburg,2.01,Feeder bus,15.0,6.0,67.7,1,88.7,0.0,33.18,43.8,388.19,> 60 min,44.9,2.03,False
SYN-00344,Hamburg-Wandsbek,Hamburg,urban,53.57577,10.05608,Office & Commercial,False,Day (08:00),False,5,19.5,64,False,True,-2.347,False,False,Friedrichsberg,friedrichsberg,0.84,Walk,10.5,4.0,42.0,1,56.6,0.0,16.71,28.8,195.53,46–60 min,27.8,1.97,False
SYN-00345,Hamburg-Wilhelmsburg,Hamburg,urban,53.49517,10.02983,Production & Technical,True,Early (06:00),True,5,19.5,42,True,False,-1.263,False,False,Wilhelmsburg,wilhelmsburg,1.82,Feeder bus,14.5,6.0,62.0,1,82.5,0.0,28.83,42.7,337.28,> 60 min,39.8,1.93,False
SYN-00346,Hamburg-Harburg,Hamburg,urban,53.46345,9.95226,Lab & R&D,False,Day (08:00),False,4,15.6,54,True,True,-0.793,False,False,Heimfeld,heimfeld,0.98,Feeder bus,11.9,4.0,68.9,1,84.9,0.0,34.58,44.1,323.71,> 60 min,40.8,1.93,False
SYN-00347,Ahrensburg,Kr. Stormarn,suburban,53.67439,10.25533,Production & Technical,False,Day (08:00),False,5,19.5,35,False,False,-0.876,False,False,Ahrensburg (DB),ahrensburg,1.27,Feeder bus,12.8,6.0,67.2,2,86.0,0.0,18.67,25.5,218.44,> 60 min,60.5,3.37,False
SYN-00348,Hamburg-Sasel/Wellingsbüttel,Hamburg,suburban,53.66755,10.14029,Production & Technical,True,Late (14:00),True,5,19.5,39,False,True,0.239,False,False,Poppenbüttel,poppenbuettel,5.0,Feeder bus,24.0,6.0,40.2,0,70.2,0.0,8.84,16.9,103.43,> 60 min,53.3,4.15,False
SYN-00349,Hamburg-Wandsbek,Hamburg,urban,53.56393,10.07035,Lab & R&D,False,Day (08:00),False,5,19.5,42,True,True,0.961,False,False,Hasselbrook,hasselbrook,1.9,Feeder bus,14.7,4.0,43.8,1,62.5,0.0,18.59,29.8,217.5,> 60 min,32.7,2.1,False
SYN-00350,Hamburg-Langenhorn,Hamburg,urban,53.68118,10.02125,Production & Technical,True,Late (14:00),True,5,19.5,33,False,True,0.172,False,False,Local bus stop,local_bus,0.4,Walk to bus stop,5.0,6.0,7.6,0,18.6,0.0,2.4,11.5,28.07,≤ 30 min,7.1,1.62,True
SYN-00351,Hamburg-Rahlstedt,Hamburg,suburban,53.60641,10.17015,Production & Technical,False,Day (08:00),False,5,19.5,40,False,True,1.342,False,False,Meiendorfer Weg,meiendorfer_weg,4.74,Feeder bus,23.2,2.0,64.6,3,89.8,0.0,16.35,23.8,191.32,> 60 min,66.0,3.77,False
SYN-00352,Hamburg-Ohlsdorf,Hamburg,urban,53.62355,10.01515,Field & Sales,False,Day (08:00),False,3,11.7,52,False,True,-0.8,True,True,Klein Borstel,klein_borstel,1.3,Feeder bus,12.9,2.0,28.1,0,43.0,0.0,9.92,23.7,69.61,31–45 min,19.3,1.81,False
SYN-00353,Hamburg-Altona/Ottensen,Hamburg,urban_core,53.55716,9.9158,Field & Sales,False,Day (08:00),False,3,11.7,33,True,True,0.364,False,True,Sternschanze,sternschanze,4.39,Feeder bus,22.2,2.0,49.3,1,73.4,0.0,22.69,31.6,159.29,> 60 min,41.8,2.32,False
SYN-00354,Hamburg-Wandsbek,Hamburg,urban,53.5855,10.07983,Office & Commercial,False,Day (08:00),False,2,7.8,42,False,True,0.099,True,False,Barmbek,barmbek,3.18,Feeder bus,18.5,2.0,40.5,1,61.1,0.0,15.52,28.1,72.62,> 60 min,33.0,2.17,False
SYN-00355,Hamburg-Eppendorf,Hamburg,urban_core,53.59483,9.97756,Production & Technical,True,Early (06:00),True,5,19.5,50,False,False,1.309,True,False,Lattenkamp,lattenkamp,1.9,Feeder bus,14.7,3.6,35.3,0,53.6,0.0,15.13,27.9,176.97,46–60 min,25.7,1.92,False
SYN-00356,Hamburg-Uhlenhorst,Hamburg,urban_core,53.573,10.00858,Office & Commercial,False,Day (08:00),False,5,19.5,33,True,True,0.606,False,False,Klosterstern,klosterstern,1.3,Feeder bus,12.9,2.0,39.5,0,54.4,0.0,17.43,29.2,203.98,46–60 min,25.2,1.86,False
SYN-00357,Hamburg-Blankenese/Osdorf,Hamburg,suburban,53.59571,9.76271,Field & Sales,False,Day (08:00),False,2,7.8,54,False,True,-0.166,False,True,Rissen,rissen,1.98,Feeder bus,15.0,4.0,74.8,1,93.8,0.0,28.72,32.0,134.43,> 60 min,61.8,2.93,False
SYN-00358,Hamburg-Harburg,Hamburg,urban,53.45395,9.94972,Field & Sales,False,Day (08:00),False,1,3.9,43,False,True,-1.522,False,True,Heimfeld,heimfeld,1.26,Feeder bus,12.8,4.0,68.9,1,85.7,0.0,36.02,45.0,84.29,> 60 min,40.7,1.9,False
SYN-00359,Hamburg-Eimsbüttel,Hamburg,urban_core,53.57205,9.9356,Production & Technical,True,Late (14:00),True,5,19.5,40,False,True,-0.517,True,False,Hallerstraße,hallerstrasse,4.93,Feeder bus,23.8,3.6,41.4,0,68.8,0.0,19.87,30.4,232.48,> 60 min,38.4,2.26,False
SYN-00360,Hamburg-Wandsbek,Hamburg,urban,53.55682,10.06513,Production & Technical,True,Early (06:00),True,5,19.5,20,False,True,1.613,False,False,Hasselbrook,hasselbrook,2.1,Feeder bus,15.3,6.0,45.8,1,67.1,0.0,19.61,30.3,229.38,> 60 min,36.8,2.21,False
SYN-00361,Elmshorn,Kr. Pinneberg,suburban,53.74167,9.62664,Production & Technical,False,Day (08:00),False,5,19.5,38,False,True,-2.109,False,False,Elmshorn,elmshorn,2.86,Feeder bus,17.6,6.0,80.1,1,103.7,0.0,38.19,37.8,446.78,> 60 min,65.9,2.74,False
SYN-00362,Hamburg-Langenhorn,Hamburg,urban,53.68429,10.00644,Production & Technical,False,Day (08:00),False,5,19.5,46,False,True,1.426,False,False,Local bus stop,local_bus,0.4,Walk to bus stop,5.0,6.0,11.3,0,22.3,0.0,3.58,14.3,41.84,≤ 30 min,8.0,1.56,True
SYN-00363,Hamburg-Langenhorn,Hamburg,urban,53.68568,10.03489,Office & Commercial,False,Day (08:00),False,2,7.8,61,True,True,0.333,False,False,Local bus stop,local_bus,0.4,Walk to bus stop,5.0,6.0,3.3,0,14.3,0.0,1.04,8.4,4.88,≤ 30 min,5.9,1.7,True
SYN-00364,Norderstedt,Kr. Segeberg,suburban,53.69397,10.04137,Production & Technical,True,Early (06:00),True,5,19.5,48,True,True,-0.948,False,False,Local bus stop,local_bus,0.4,Walk to bus stop,5.0,6.0,3.6,0,14.6,0.0,1.15,7.5,13.4,≤ 30 min,7.1,1.95,True
SYN-00365,Hamburg-Rahlstedt,Hamburg,suburban,53.6251,10.17158,Production & Technical,False,Day (08:00),False,5,19.5,54,False,True,-1.132,False,False,Volksdorf,volksdorf,2.8,Feeder bus,17.4,2.0,67.0,2,86.4,0.0,14.5,22.2,169.63,> 60 min,64.2,3.89,False
SYN-00366,Hamburg-Barmbek,Hamburg,urban_core,53.59532,10.03371,Production & Technical,False,Day (08:00),False,5,19.5,29,False,True,2.463,False,False,Alte Wöhr,alte_woehr,0.49,Walk,6.1,4.0,38.9,1,49.0,0.0,13.8,27.0,161.48,46–60 min,22.0,1.81,False
SYN-00367,Hamburg-Wilhelmsburg,Hamburg,urban,53.49898,10.01363,Office & Commercial,False,Day (08:00),False,2,7.8,41,True,False,1.578,False,False,Wilhelmsburg,wilhelmsburg,0.58,Walk,7.3,4.0,60.0,1,71.3,0.0,28.37,42.5,132.76,> 60 min,28.8,1.68,False
SYN-00368,Hamburg-Billstedt/Horn,Hamburg,urban,53.54372,10.08576,Production & Technical,False,Day (08:00),False,5,19.5,55,True,True,-0.186,False,False,Hasselbrook,hasselbrook,4.69,Feeder bus,23.1,4.0,43.8,1,70.9,0.0,21.78,31.3,254.88,> 60 min,39.6,2.27,False
SYN-00369,Hamburg-Bramfeld/Farmsen,Hamburg,urban,53.6174,10.07066,Production & Technical,True,Late (14:00),True,5,19.5,32,False,True,0.451,False,False,Ohlsdorf,ohlsdorf,3.33,Feeder bus,19.0,3.6,29.4,0,51.9,0.0,10.66,24.4,124.74,46–60 min,27.5,2.13,False
SYN-00370,Halstenbek/Rellingen,Kr. Pinneberg,suburban,53.64261,9.8488,Production & Technical,True,Late (14:00),True,5,19.5,53,False,True,-0.93,False,False,Halstenbek,halstenbek,2.41,Feeder bus,16.2,6.0,75.1,1,97.3,0.0,18.79,25.6,219.9,> 60 min,71.7,3.8,False
SYN-00371,Hamburg-Blankenese/Osdorf,Hamburg,suburban,53.58556,9.82874,Field & Sales,False,Day (08:00),False,2,7.8,50,False,True,-0.099,True,True,Klein Flottbek,klein_flottbek,3.99,Feeder bus,21.0,4.0,64.6,1,89.5,0.0,24.64,29.6,115.3,> 60 min,59.9,3.02,False
SYN-00372,Hamburg-Sasel/Wellingsbüttel,Hamburg,suburban,53.66518,10.0828,Production & Technical,False,Day (08:00),False,5,19.5,45,False,True,-0.824,False,False,Local bus stop,local_bus,0.4,Walk to bus stop,5.0,6.0,14.5,0,25.5,0.0,4.6,12.1,53.8,≤ 30 min,13.4,2.11,True
SYN-00373,Hamburg-Bramfeld/Farmsen,Hamburg,urban,53.62116,10.07392,Office & Commercial,False,Day (08:00),False,2,7.8,38,True,True,0.138,False,False,Klein Borstel,klein_borstel,3.95,Feeder bus,20.8,2.0,28.1,0,51.0,0.0,10.17,24.0,47.62,46–60 min,27.0,2.12,False
SYN-00374,Hamburg-Volksdorf/Duvenstedt,Hamburg,suburban,53.67193,10.17173,Production & Technical,True,Late (14:00),True,5,19.5,31,False,True,1.894,False,False,Volksdorf,volksdorf,4.37,Feeder bus,22.1,3.6,73.0,2,98.7,0.0,11.37,19.4,133.0,> 60 min,79.3,5.09,False
SYN-00375,Hamburg-Fuhlsbüttel,Hamburg,urban,53.63511,10.01551,Production & Technical,True,Early (06:00),True,5,19.5,62,False,True,-0.279,True,False,Fuhlsbüttel,fuhlsbuettel,0.8,Walk,10.0,3.6,26.5,0,40.1,0.0,8.25,22.0,96.57,31–45 min,18.1,1.82,False
SYN-00376,Hamburg-Langenhorn,Hamburg,urban,53.66679,10.02939,Production & Technical,True,Early (06:00),True,5,19.5,49,False,True,-1.015,False,False,Local bus stop,local_bus,0.4,Walk to bus stop,5.0,6.0,10.7,0,21.7,0.0,3.38,13.8,39.59,≤ 30 min,7.9,1.57,True
SYN-00377,Elmshorn,Kr. Pinneberg,suburban,53.74253,9.63007,Production & Technical,True,Early (06:00),True,5,19.5,46,True,False,-1.533,False,False,Elmshorn,elmshorn,2.54,Feeder bus,16.6,6.0,85.1,1,107.7,0.0,37.92,37.6,443.63,> 60 min,70.1,2.86,False
SYN-00378,Hamburg-Barmbek,Hamburg,urban_core,53.57017,10.03779,Production & Technical,True,Night (22:00),True,5,19.5,37,False,True,0.56,True,False,Barmbek,barmbek,2.41,Feeder bus,16.2,3.6,42.5,1,62.4,0.0,17.55,29.3,205.3,> 60 min,33.1,2.13,False
SYN-00379,Hamburg-Winterhude,Hamburg,urban_core,53.59401,10.03712,Office & Commercial,False,Day (08:00),False,2,7.8,42,False,True,-0.411,False,False,Alte Wöhr,alte_woehr,0.34,Walk,4.3,4.0,38.9,1,47.2,0.0,13.98,27.1,65.41,46–60 min,20.1,1.74,False
SYN-00380,Hamburg-Bahrenfeld/Lurup,Hamburg,urban,53.58885,9.92654,Office & Commercial,False,Day (08:00),False,3,11.7,44,False,False,0.363,False,False,Hoheluftbrücke,hoheluftbruecke,4.5,Feeder bus,22.5,2.0,46.3,1,70.8,0.0,18.19,29.6,127.66,> 60 min,41.2,2.39,False
SYN-00381,Hamburg-Altona/Ottensen,Hamburg,urban_core,53.56458,9.94913,Production & Technical,False,Day (08:00),False,5,19.5,46,False,True,-1.336,True,False,Kellinghusenstraße,kellinghusenstrasse,4.83,Feeder bus,23.5,2.0,37.8,0,63.2,0.0,20.31,30.6,237.62,> 60 min,32.6,2.07,False
SYN-00382,Elmshorn,Kr. Pinneberg,suburban,53.76183,9.66533,Office & Commercial,False,Day (08:00),False,4,15.6,50,False,True,0.457,False,False,Sparrieshoop,sparrieshoop,1.71,Feeder bus,14.1,6.0,76.7,1,96.8,0.0,35.66,35.7,333.82,> 60 min,61.1,2.71,False
SYN-00383,Hamburg-Wilhelmsburg,Hamburg,urban,53.49578,9.99177,Office & Commercial,False,Day (08:00),False,2,7.8,33,False,True,-0.76,False,False,Wilhelmsburg,wilhelmsburg,2.12,Feeder bus,15.4,4.0,60.0,1,79.4,0.0,29.11,42.7,136.22,> 60 min,36.7,1.86,False
SYN-00384,Hamburg-Eimsbüttel,Hamburg,urban_core,53.57302,9.96633,Production & Technical,False,Day (08:00),False,5,19.5,26,False,False,0.663,False,False,Kellinghusenstraße,kellinghusenstrasse,2.92,Feeder bus,17.7,2.0,37.8,0,57.5,0.0,18.53,29.8,216.79,46–60 min,27.7,1.93,False
SYN-00385,Hamburg-Winterhude,Hamburg,urban_core,53.59762,10.03075,Production & Technical,True,Early (06:00),True,5,19.5,43,False,True,-0.005,False,False,Sengelmannstraße,sengelmannstrasse,2.1,Feeder bus,15.3,3.6,31.4,0,50.3,0.0,13.48,26.7,157.74,46–60 min,23.6,1.88,False
SYN-00386,Seevetal/Neu Wulmstorf,Kr. Harburg,rural,53.43068,9.85905,Production & Technical,False,Day (08:00),False,5,19.5,23,False,True,1.735,False,False,Neuwiedenthal,neuwiedenthal,6.47,Park+Ride,16.8,4.0,73.6,1,94.4,6.47,41.94,50.0,490.71,> 60 min,44.4,1.89,False
SYN-00387,Hamburg-Stellingen/Eidelstedt,Hamburg,urban,53.59592,9.89361,Production & Technical,True,Early (06:00),True,5,19.5,38,True,False,0.388,False,False,Langenfelde,langenfelde,3.1,Feeder bus,18.3,6.0,63.5,1,87.8,0.0,19.28,30.2,225.56,> 60 min,57.6,2.91,False
SYN-00388,Ahrensburg,Kr. Stormarn,suburban,53.659,10.23549,Office & Commercial,False,Day (08:00),False,5,19.5,36,False,True,1.945,False,False,Ahrensburg (DB),ahrensburg,1.94,Feeder bus,14.8,6.0,67.2,2,88.0,0.0,17.33,24.5,202.75,> 60 min,63.5,3.59,False
SYN-00389,Hamburg-Langenhorn,Hamburg,urban,53.68097,10.01144,Field & Sales,False,Day (08:00),False,1,3.9,47,True,True,0.627,False,True,Local bus stop,local_bus,0.4,Walk to bus stop,5.0,6.0,10.2,0,21.2,0.0,3.24,13.5,7.57,≤ 30 min,7.7,1.57,True
SYN-00390,Quickborn,Kr. Pinneberg,suburban,53.72343,9.91225,Field & Sales,False,Day (08:00),False,1,3.9,64,False,True,0.959,False,True,Quickborn,quickborn,1.07,Feeder bus,12.2,6.0,42.8,0,61.0,0.0,13.12,21.0,30.7,> 60 min,40.0,2.9,False
SYN-00391,Hamburg-Rahlstedt,Hamburg,suburban,53.61071,10.13893,Field & Sales,False,Day (08:00),False,1,3.9,21,False,True,0.041,False,True,Berne,berne,2.34,Feeder bus,16.0,2.0,63.0,3,81.1,0.0,14.1,21.9,32.99,> 60 min,59.2,3.7,False
SYN-00392,Hamburg-Langenhorn,Hamburg,urban,53.67585,10.02132,Production & Technical,False,Day (08:00),False,5,19.5,64,False,False,0.129,False,False,Local bus stop,local_bus,0.4,Walk to bus stop,5.0,6.0,8.8,0,19.8,0.0,2.79,12.4,32.59,≤ 30 min,7.4,1.6,True
SYN-00393,Hamburg-Wandsbek,Hamburg,urban,53.57377,10.03764,Production & Technical,True,Early (06:00),True,5,19.5,39,True,False,1.419,False,False,Alsterdorf,alsterdorf,4.73,Feeder bus,23.2,3.6,33.1,0,59.9,0.0,17.01,29.0,198.99,46–60 min,30.9,2.07,False
SYN-00394,Hamburg-Billstedt/Horn,Hamburg,urban,53.55922,10.08826,Production & Technical,False,Day (08:00),False,5,19.5,46,True,True,0.988,False,False,Hasselbrook,hasselbrook,3.58,Feeder bus,19.7,4.0,43.8,1,67.5,0.0,19.53,30.3,228.53,> 60 min,37.2,2.23,False
SYN-00395,Norderstedt,Kr. Segeberg,suburban,53.72238,9.95515,Production & Technical,False,Day (08:00),False,5,19.5,26,True,True,0.698,False,False,Norderstedt Mitte,norderstedt_mitte,3.81,Feeder bus,20.4,2.0,23.0,0,45.4,0.0,9.7,17.8,113.47,46–60 min,27.6,2.55,False
SYN-00396,Hamburg-Eppendorf,Hamburg,urban_core,53.58024,9.97601,Production & Technical,False,Day (08:00),False,5,19.5,53,False,False,-0.161,False,False,Kellinghusenstraße,kellinghusenstrasse,1.6,Feeder bus,13.8,2.0,37.8,0,53.6,0.0,17.2,29.1,201.25,46–60 min,24.5,1.84,False
SYN-00397,Henstedt-Ulzburg,Kr. Segeberg,suburban,53.78312,9.96809,Production & Technical,True,Late (14:00),True,5,19.5,42,False,True,-0.259,False,False,Ulzburg Süd,ulzburg_sued,1.84,Feeder bus,14.5,6.0,36.8,0,57.3,0.0,16.02,23.5,187.48,46–60 min,33.8,2.44,False
SYN-00398,Hamburg-Volksdorf/Duvenstedt,Hamburg,suburban,53.64363,10.17416,Office & Commercial,False,Day (08:00),False,4,15.6,41,False,False,1.054,False,False,Volksdorf,volksdorf,1.36,Feeder bus,13.1,2.0,67.0,2,82.1,0.0,13.09,21.0,122.53,> 60 min,61.1,3.91,False
SYN-00399,Hamburg-Eppendorf,Hamburg,urban_core,53.58479,9.96652,Production & Technical,False,Day (08:00),False,5,19.5,21,False,True,2.046,False,False,Kellinghusenstraße,kellinghusenstrasse,2.09,Feeder bus,15.3,2.0,37.8,0,55.0,0.0,16.9,28.9,197.78,46–60 min,26.1,1.9,False
SYN-00400,Hamburg-Barmbek,Hamburg,urban_core,53.58606,10.0261,Production & Technical,True,Late (14:00),True,5,19.5,43,True,True,-0.26,True,False,Alsterdorf,alsterdorf,2.72,Feeder bus,17.2,3.6,33.1,0,53.9,0.0,15.25,27.9,178.46,46–60 min,26.0,1.93,False
SYN-00401,Hamburg-Volksdorf/Duvenstedt,Hamburg,suburban,53.67404,10.15955,Office & Commercial,False,Day (08:00),False,5,19.5,51,False,True,-0.994,False,False,Volksdorf,volksdorf,4.52,Feeder bus,22.6,2.0,67.0,2,91.6,0.0,10.24,18.4,119.85,> 60 min,73.2,4.98,False
SYN-00402,Wedel,Kr. Pinneberg,suburban,53.57578,9.70524,Production & Technical,True,Early (06:00),True,5,19.5,39,True,False,-0.954,False,False,Wedel,wedel,0.97,Feeder bus,11.9,6.0,80.5,1,98.4,0.0,34.65,35.0,405.44,> 60 min,63.4,2.81,False
SYN-00403,Hamburg-Wilhelmsburg,Hamburg,urban,53.52213,10.02168,Lab & R&D,False,Day (08:00),False,3,11.7,55,False,True,0.763,False,False,Meßberg,messberg,4.14,Feeder bus,21.4,2.0,46.1,0,69.5,0.0,24.84,41.4,174.38,> 60 min,28.1,1.68,False
SYN-00404,Hamburg-Langenhorn,Hamburg,urban,53.65864,10.00249,Production & Technical,True,Late (14:00),True,5,19.5,54,False,False,-0.979,False,False,Local bus stop,local_bus,0.4,Walk to bus stop,5.0,6.0,18.2,0,29.2,0.0,5.77,18.7,67.54,≤ 30 min,10.5,1.56,False
SYN-00405,Buchholz i.d.N.,Kr. Harburg,rural,53.33339,9.88192,Office & Commercial,False,Day (08:00),False,5,19.5,35,False,True,0.634,False,False,Buchholz i.d.N.,buchholz,1.26,Feeder bus,12.8,6.0,103.4,2,122.2,0.0,55.07,60.9,644.3,> 60 min,61.3,2.01,False
SYN-00406,Pinneberg,Kr. Pinneberg,suburban,53.65831,9.81652,Production & Technical,True,Late (14:00),True,5,19.5,60,True,True,0.146,False,False,Pinneberg,pinneberg,1.36,Feeder bus,13.1,6.0,74.0,1,93.1,0.0,20.89,27.1,244.43,> 60 min,66.0,3.44,False
SYN-00407,Hamburg-Sasel/Wellingsbüttel,Hamburg,suburban,53.64952,10.14275,Office & Commercial,False,Day (08:00),False,4,15.6,42,True,True,-0.645,False,False,Volksdorf,volksdorf,1.65,Feeder bus,13.9,2.0,67.0,2,83.0,0.0,10.25,18.4,95.9,> 60 min,64.6,4.51,False
SYN-00408,Henstedt-Ulzburg,Kr. Segeberg,suburban,53.78863,9.96058,Production & Technical,False,Day (08:00),False,5,19.5,43,False,True,1.447,True,False,Ulzburg Süd,ulzburg_sued,2.84,Feeder bus,17.5,6.0,36.8,0,60.3,0.0,17.06,24.3,199.61,> 60 min,36.0,2.48,False
SYN-00409,Hamburg-Langenhorn,Hamburg,urban,53.67676,10.03619,Production & Technical,True,Late (14:00),True,5,19.5,43,True,True,-1.329,True,False,Local bus stop,local_bus,0.4,Walk to bus stop,5.0,6.0,5.6,0,16.6,0.0,1.78,10.1,20.82,≤ 30 min,6.5,1.64,True
SYN-00410,Winsen (Luhe),Kr. Harburg,rural,53.36597,10.22809,Office & Commercial,False,Day (08:00),False,5,19.5,43,False,True,1.343,False,False,Winsen (Luhe),winsen,1.71,Feeder bus,14.1,6.0,83.4,2,103.5,0.0,50.84,57.4,594.8,> 60 min,46.1,1.8,False
SYN-00411,Hamburg-Billstedt/Horn,Hamburg,urban,53.55585,10.0953,Production & Technical,True,Early (06:00),True,5,19.5,20,False,False,0.836,False,False,Hasselbrook,hasselbrook,4.32,Feeder bus,22.0,6.0,45.8,1,73.8,0.0,20.16,30.6,235.82,> 60 min,43.2,2.41,False
SYN-00412,Hamburg-Rahlstedt,Hamburg,suburban,53.62049,10.12831,Production & Technical,True,Late (14:00),True,5,19.5,40,False,True,-2.14,False,False,Meiendorfer Weg,meiendorfer_weg,1.21,Feeder bus,12.6,3.6,69.5,2,85.8,0.0,12.35,20.4,144.54,> 60 min,65.4,4.21,False
SYN-00413,Norderstedt,Kr. Segeberg,suburban,53.6964,9.95124,Lab & R&D,False,Day (08:00),False,5,19.5,27,False,True,1.742,False,False,Garstedt,garstedt,4.17,Feeder bus,21.5,2.0,21.3,0,44.8,0.0,8.58,16.7,100.36,31–45 min,28.1,2.68,False
SYN-00414,Halstenbek/Rellingen,Kr. Pinneberg,suburban,53.6407,9.85463,Production & Technical,False,Day (08:00),False,5,19.5,60,False,True,0.572,False,False,Halstenbek,halstenbek,2.39,Feeder bus,16.2,4.0,73.1,1,93.2,0.0,18.42,25.4,215.48,> 60 min,67.8,3.67,False
SYN-00415,Norderstedt,Kr. Segeberg,suburban,53.73428,10.00358,Office & Commercial,False,Day (08:00),False,3,11.7,59,False,True,-0.812,True,False,Local bus stop,local_bus,0.4,Walk to bus stop,5.0,6.0,25.5,0,36.5,0.0,8.06,16.1,56.58,31–45 min,20.4,2.27,False
SYN-00416,Hamburg-Poppenbüttel,Hamburg,suburban,53.64849,10.07945,Office & Commercial,False,Day (08:00),False,4,15.6,51,False,True,-1.215,False,False,Local bus stop,local_bus,0.4,Walk to bus stop,5.0,6.0,20.5,0,31.5,0.0,6.48,14.4,60.63,31–45 min,17.1,2.19,False
SYN-00417,Hamburg-Langenhorn,Hamburg,urban,53.67176,10.01995,Production & Technical,True,Early (06:00),True,5,19.5,39,False,False,-1.369,True,False,Local bus stop,local_bus,0.4,Walk to bus stop,5.0,6.0,10.3,0,21.3,0.0,3.28,13.6,38.34,≤ 30 min,7.7,1.57,True
SYN-00418,Hamburg-Wilhelmsburg,Hamburg,urban,53.49107,9.9937,Office & Commercial,False,Day (08:00),False,4,15.6,31,False,True,2.749,True,False,Wilhelmsburg,wilhelmsburg,2.41,Feeder bus,16.2,4.0,60.0,1,80.3,0.0,29.78,42.9,278.72,> 60 min,37.4,1.87,False
SYN-00419,Hamburg-Niendorf,Hamburg,urban,53.60194,9.96327,Production & Technical,True,Night (22:00),True,5,19.5,35,False,True,-0.657,True,False,Lattenkamp,lattenkamp,3.2,Feeder bus,18.6,3.6,35.3,0,57.5,0.0,14.75,27.6,172.59,46–60 min,29.9,2.08,False
SYN-00420,Schenefeld,Kr. Pinneberg,suburban,53.60235,9.82793,Office & Commercial,False,Day (08:00),False,4,15.6,63,False,True,-1.714,False,False,Krupunder,krupunder,3.01,Feeder bus,18.0,4.0,70.8,1,92.8,0.0,23.22,28.7,217.36,> 60 min,64.1,3.23,False
SYN-00421,Hamburg-Rahlstedt,Hamburg,suburban,53.6023,10.17379,Production & Technical,True,Early (06:00),True,5,19.5,34,False,True,0.301,False,False,Trabrennbahn,trabrennbahn,7.67,Park+Ride,18.2,3.6,64.2,2,86.0,7.67,17.03,24.3,199.22,> 60 min,61.7,3.54,False
SYN-00422,Norderstedt,Kr. Segeberg,suburban,53.69625,9.96047,Production & Technical,False,Day (08:00),False,5,19.5,20,False,True,-1.371,False,False,Local bus stop,local_bus,0.4,Walk to bus stop,5.0,6.0,24.5,0,35.5,0.0,7.77,15.8,90.86,31–45 min,19.7,2.25,False
SYN-00423,Norderstedt,Kr. Segeberg,suburban,53.73268,10.01093,Production & Technical,True,Late (14:00),True,5,19.5,53,False,True,-1.265,False,False,Local bus stop,local_bus,0.4,Walk to bus stop,5.0,6.0,23.9,0,34.9,0.0,7.55,15.6,88.38,31–45 min,19.3,2.24,False
SYN-00424,Norderstedt,Kr. Segeberg,suburban,53.71502,9.99066,Lab & R&D,False,Day (08:00),False,5,19.5,59,False,True,0.612,False,False,Local bus stop,local_bus,0.4,Walk to bus stop,5.0,6.0,20.5,0,31.5,0.0,6.5,14.4,76.1,31–45 min,17.1,2.19,False
SYN-00425,Hamburg-Wandsbek,Hamburg,urban,53.58733,10.06748,Office & Commercial,False,Day (08:00),False,3,11.7,60,False,True,0.314,False,False,Barmbek,barmbek,2.12,Feeder bus,15.4,2.0,40.5,1,57.9,0.0,15.07,27.8,105.8,46–60 min,30.1,2.08,False
SYN-00426,Hamburg-Harburg,Hamburg,urban,53.4584,9.94097,Field & Sales,False,Day (08:00),False,1,3.9,53,False,True,-0.42,True,True,Heimfeld,heimfeld,1.75,Feeder bus,14.3,4.0,68.9,1,87.2,0.0,35.57,44.6,83.24,> 60 min,42.6,1.96,False
SYN-00427,Hamburg-Poppenbüttel,Hamburg,suburban,53.64524,10.08941,Office & Commercial,False,Day (08:00),False,5,19.5,55,False,True,-0.298,False,False,Local bus stop,local_bus,0.4,Walk to bus stop,5.0,6.0,23.2,0,34.2,0.0,7.34,15.3,85.84,31–45 min,18.9,2.24,False
SYN-00428,Quickborn,Kr. Pinneberg,suburban,53.73046,9.91696,Office & Commercial,False,Day (08:00),False,5,19.5,43,False,True,-0.559,False,False,Quickborn,quickborn,1.13,Feeder bus,12.4,6.0,42.8,0,61.2,0.0,13.23,21.1,154.76,> 60 min,40.1,2.9,False
SYN-00429,Norderstedt,Kr. Segeberg,suburban,53.71132,9.9733,Office & Commercial,False,Day (08:00),False,2,7.8,20,False,True,0.205,False,False,Local bus stop,local_bus,0.4,Walk to bus stop,5.0,6.0,23.5,0,34.5,0.0,7.46,15.5,34.9,31–45 min,19.0,2.23,False
SYN-00430,Hamburg-Harburg,Hamburg,urban,53.45852,9.95112,Lab & R&D,False,Day (08:00),False,5,19.5,42,False,True,-0.612,False,False,Heimfeld,heimfeld,0.88,Walk,11.0,4.0,68.9,1,83.9,0.0,35.33,44.4,413.33,> 60 min,39.5,1.89,False
SYN-00431,Uetersen,Kr. Pinneberg,rural,53.68864,9.67951,Office & Commercial,False,Day (08:00),False,3,11.7,49,False,True,-0.997,False,False,Tornesch,tornesch,3.82,Feeder bus,20.5,6.0,81.0,1,107.5,0.0,32.62,34.0,228.97,> 60 min,73.5,3.16,False
SYN-00432,Hamburg-Wilhelmsburg,Hamburg,urban,53.48512,10.02058,Production & Technical,False,Day (08:00),False,5,19.5,41,True,False,-0.444,True,False,Wilhelmsburg,wilhelmsburg,2.66,Feeder bus,17.0,4.0,60.0,1,81.0,0.0,30.39,43.1,355.5,> 60 min,37.9,1.88,False
SYN-00433,Hamburg-Stellingen/Eidelstedt,Hamburg,urban,53.58599,9.91562,Office & Commercial,False,Day (08:00),False,5,19.5,40,True,True,-0.543,False,False,Langenfelde,langenfelde,0.91,Walk,11.3,4.0,60.0,2,75.4,0.0,19.11,30.1,223.6,> 60 min,45.3,2.5,False
SYN-00434,Kaltenkirchen,Kr. Segeberg,suburban,53.84489,9.93756,Office & Commercial,False,Day (08:00),False,3,11.7,31,False,True,1.127,False,False,Kaltenkirchen,kaltenkirchen,2.16,Feeder bus,15.5,6.0,59.9,1,81.3,0.0,25.6,30.2,179.72,> 60 min,51.1,2.69,False
SYN-00435,Norderstedt,Kr. Segeberg,suburban,53.69341,9.94682,Production & Technical,False,Day (08:00),False,5,19.5,31,False,True,0.853,False,False,Garstedt,garstedt,4.55,Feeder bus,22.6,2.0,21.3,0,45.9,0.0,8.91,17.0,104.2,46–60 min,28.9,2.7,False
SYN-00436,Hamburg-Niendorf,Hamburg,urban,53.61211,9.93326,Production & Technical,False,Day (08:00),False,5,19.5,62,False,True,-1.116,True,False,Niendorf Markt,niendorf_markt,1.75,Feeder bus,14.3,2.0,50.7,0,66.9,0.0,15.09,27.8,176.51,> 60 min,39.1,2.41,False
SYN-00437,Hamburg-Langenhorn,Hamburg,urban,53.66528,10.00243,Production & Technical,True,Late (14:00),True,5,19.5,63,True,False,-1.394,False,False,Local bus stop,local_bus,0.4,Walk to bus stop,5.0,6.0,16.1,0,27.1,0.0,5.09,17.7,59.52,≤ 30 min,9.4,1.53,False
SYN-00438,Hamburg-Rotherbaum,Hamburg,urban_core,53.57056,10.00374,Lab & R&D,False,Day (08:00),False,5,19.5,42,True,True,0.193,False,False,Klosterstern,klosterstern,1.33,Feeder bus,13.0,2.0,39.5,0,54.5,0.0,17.88,29.4,209.2,46–60 min,25.1,1.85,False
SYN-00439,Hamburg-Bahrenfeld/Lurup,Hamburg,urban,53.56729,9.91353,Production & Technical,True,Night (22:00),True,5,19.5,45,True,True,2.255,False,False,Diebsteich,diebsteich,0.61,Walk,7.6,6.0,61.6,1,75.2,0.0,21.51,31.1,251.65,> 60 min,44.1,2.42,False
SYN-00440,Hamburg-Rahlstedt,Hamburg,suburban,53.62561,10.16525,Lab & R&D,False,Day (08:00),False,5,19.5,31,False,True,-0.944,False,False,Volksdorf,volksdorf,2.56,Feeder bus,16.7,2.0,67.0,2,85.7,0.0,14.02,21.8,164.03,> 60 min,63.9,3.93,False
SYN-00441,Quickborn,Kr. Pinneberg,suburban,53.73259,9.87833,Office & Commercial,False,Day (08:00),False,2,7.8,49,False,False,-0.378,False,False,Quickborn,quickborn,2.26,Feeder bus,15.8,6.0,42.8,0,64.6,0.0,16.43,23.8,76.9,> 60 min,40.8,2.71,False
SYN-00442,Hamburg-Fuhlsbüttel,Hamburg,urban,53.63115,10.0259,Office & Commercial,False,Day (08:00),False,5,19.5,61,False,True,-0.078,False,False,Fuhlsbüttel,fuhlsbuettel,0.55,Walk,6.9,2.0,26.5,0,35.4,0.0,8.57,22.3,100.31,31–45 min,13.1,1.59,False
SYN-00443,Hamburg-Bahrenfeld/Lurup,Hamburg,urban,53.56078,9.90979,Production & Technical,True,Late (14:00),True,5,19.5,25,True,True,0.325,False,False,Bahrenfeld,bahrenfeld,0.23,Walk,2.9,6.0,61.9,1,70.8,0.0,22.51,31.6,263.36,> 60 min,39.2,2.24,False
SYN-00444,Hamburg-Niendorf,Hamburg,urban,53.62026,9.96492,Lab & R&D,False,Day (08:00),False,5,19.5,47,False,True,-0.392,False,False,Alsterdorf,alsterdorf,4.98,Feeder bus,23.9,2.0,33.1,0,59.1,0.0,12.36,25.9,144.63,46–60 min,33.2,2.28,False
SYN-00445,Hamburg-Sasel/Wellingsbüttel,Hamburg,suburban,53.66244,10.12579,Office & Commercial,False,Day (08:00),False,4,15.6,48,False,False,0.955,False,False,Local bus stop,local_bus,0.4,Walk to bus stop,5.0,6.0,25.1,0,36.1,0.0,7.96,16.0,74.5,31–45 min,20.1,2.26,False
SYN-00446,Hamburg-Stellingen/Eidelstedt,Hamburg,urban,53.58958,9.89919,Production & Technical,False,Day (08:00),False,5,19.5,48,False,True,0.504,False,False,Langenfelde,langenfelde,2.11,Feeder bus,15.3,4.0,60.0,2,79.4,0.0,19.63,30.3,229.67,> 60 min,49.1,2.62,False
SYN-00447,Reinbek/Glinde,Kr. Stormarn,suburban,53.52632,10.2502,Production & Technical,True,Late (14:00),True,5,19.5,60,False,True,0.446,False,False,Reinbek,reinbek,2.29,Feeder bus,15.9,6.0,77.6,1,99.4,0.0,30.18,41.8,353.11,> 60 min,57.6,2.38,False
SYN-00448,Hamburg-Rahlstedt,Hamburg,suburban,53.62564,10.16985,Production & Technical,True,Early (06:00),True,5,19.5,64,False,True,0.123,False,False,Volksdorf,volksdorf,2.67,Feeder bus,17.0,3.6,73.0,2,93.6,0.0,14.33,22.1,167.63,> 60 min,71.5,4.24,False
SYN-00449,Norderstedt,Kr. Segeberg,suburban,53.70929,9.9447,Production & Technical,True,Late (14:00),True,5,19.5,39,False,True,0.844,False,False,Norderstedt Mitte,norderstedt_mitte,3.94,Feeder bus,20.8,3.6,23.0,0,47.4,0.0,9.64,17.8,112.81,46–60 min,29.6,2.66,False
SYN-00450,Hamburg-Rahlstedt,Hamburg,suburban,53.58892,10.18161,Office & Commercial,False,Day (08:00),False,4,15.6,49,False,True,1.368,False,False,Farmsen,farmsen,6.96,Park+Ride,17.4,2.0,61.3,3,80.7,6.96,19.01,25.8,177.92,> 60 min,54.9,3.13,False
SYN-00451,Norderstedt,Kr. Segeberg,suburban,53.69416,10.01372,Field & Sales,False,Day (08:00),False,1,3.9,43,False,True,1.214,False,True,Local bus stop,local_bus,0.4,Walk to bus stop,5.0,6.0,9.8,0,20.8,0.0,3.1,10.1,7.26,≤ 30 min,10.7,2.06,True
SYN-00452,Pinneberg,Kr. Pinneberg,suburban,53.64946,9.80724,Office & Commercial,False,Day (08:00),False,2,7.8,35,True,True,2.341,False,False,Pinneberg,pinneberg,1.36,Feeder bus,13.1,4.0,72.0,1,89.1,0.0,22.0,27.9,102.98,> 60 min,61.2,3.19,False
SYN-00453,Hamburg-Stellingen/Eidelstedt,Hamburg,urban,53.6036,9.89598,Office & Commercial,False,Day (08:00),False,3,11.7,45,False,False,1.317,True,False,Eidelstedt,eidelstedt,0.77,Walk,9.6,4.0,64.5,2,78.1,0.0,18.32,29.7,128.63,> 60 min,48.4,2.63,False
SYN-00454,Hamburg-Ohlsdorf,Hamburg,urban,53.62287,10.03754,Office & Commercial,False,Day (08:00),False,2,7.8,49,False,True,-0.636,False,False,Ohlsdorf,ohlsdorf,0.43,Walk,5.3,2.0,29.4,0,36.7,0.0,9.65,23.5,45.17,31–45 min,13.2,1.56,False
SYN-00455,Hamburg-Langenhorn,Hamburg,urban,53.67288,9.98857,Lab & R&D,False,Day (08:00),False,4,15.6,44,False,True,0.964,True,False,Local bus stop,local_bus,0.4,Walk to bus stop,5.0,6.0,17.6,0,28.6,0.0,5.56,18.4,52.04,≤ 30 min,10.2,1.55,False
SYN-00456,Hamburg-Niendorf,Hamburg,urban,53.63164,9.94217,Lab & R&D,False,Day (08:00),False,3,11.7,32,True,True,1.027,False,False,Hamburg Airport,airport,4.68,Feeder bus,23.1,4.0,38.0,1,65.1,0.0,12.45,26.0,87.38,> 60 min,39.1,2.5,False
SYN-00457,Reinbek/Glinde,Kr. Stormarn,suburban,53.51935,10.21483,Production & Technical,False,Day (08:00),False,5,19.5,37,False,True,1.904,False,False,Bergedorf,bergedorf,4.42,Feeder bus,22.3,4.0,70.7,2,97.0,0.0,29.29,41.3,342.72,> 60 min,55.7,2.35,False
SYN-00458,Hamburg-Eppendorf,Hamburg,urban_core,53.57873,9.99369,Field & Sales,False,Day (08:00),False,1,3.9,37,False,True,-0.534,False,True,Klosterstern,klosterstern,0.29,Walk,3.7,2.0,39.5,0,45.2,0.0,16.91,28.9,39.57,46–60 min,16.3,1.56,False
SYN-00459,Hamburg-Wilhelmsburg,Hamburg,urban,53.5048,9.98614,Production & Technical,True,Late (14:00),True,5,19.5,33,True,True,0.858,False,False,Wilhelmsburg,wilhelmsburg,2.34,Feeder bus,16.0,6.0,62.0,1,84.1,0.0,27.87,42.4,326.03,> 60 min,41.7,1.98,False
SYN-00460,Hamburg-Rahlstedt,Hamburg,suburban,53.60045,10.15708,Office & Commercial,False,Day (08:00),False,3,11.7,45,True,True,-0.831,False,False,Berne,berne,4.04,Feeder bus,21.1,2.0,63.0,3,86.2,0.0,16.3,23.7,114.4,> 60 min,62.5,3.64,False
SYN-00461,Hamburg-Wandsbek,Hamburg,urban,53.56817,10.07686,Field & Sales,False,Day (08:00),False,3,11.7,47,True,True,0.579,True,True,Barmbek,barmbek,3.96,Feeder bus,20.9,2.0,40.5,1,63.4,0.0,18.04,29.5,126.61,> 60 min,33.9,2.15,False
SYN-00462,Hamburg-Langenhorn,Hamburg,urban,53.65782,10.01416,Office & Commercial,False,Day (08:00),False,5,19.5,53,False,True,-0.248,True,False,Local bus stop,local_bus,0.4,Walk to bus stop,5.0,6.0,16.5,0,27.5,0.0,5.23,17.9,61.19,≤ 30 min,9.6,1.54,False
SYN-00463,Ahrensburg,Kr. Stormarn,suburban,53.66544,10.26544,Production & Technical,True,Late (14:00),True,5,19.5,33,False,True,0.529,False,False,Schmalenbeck,schmalenbeck,0.42,Walk,5.2,3.6,85.6,2,94.5,0.0,19.74,26.3,230.97,> 60 min,68.2,3.59,False
SYN-00464,Hamburg-Volksdorf/Duvenstedt,Hamburg,suburban,53.65916,10.17187,Office & Commercial,False,Day (08:00),False,5,19.5,36,False,True,-1.41,False,False,Volksdorf,volksdorf,2.64,Feeder bus,16.9,2.0,67.0,2,85.9,0.0,11.91,20.0,139.35,> 60 min,65.9,4.3,False
SYN-00465,Hamburg-Wandsbek,Hamburg,urban,53.55872,10.08625,Production & Technical,True,Late (14:00),True,5,19.5,59,False,True,0.66,False,False,Hasselbrook,hasselbrook,3.44,Feeder bus,19.3,6.0,45.8,1,71.1,0.0,19.57,30.3,229.01,> 60 min,40.8,2.35,False
SYN-00466,Hamburg-Stellingen/Eidelstedt,Hamburg,urban,53.6118,9.92961,Office & Commercial,False,Day (08:00),False,3,11.7,40,False,True,0.389,False,False,Niendorf Markt,niendorf_markt,2.05,Feeder bus,15.1,2.0,50.7,0,67.8,0.0,15.34,28.0,107.68,> 60 min,39.8,2.42,False
SYN-00467,Hamburg-Rahlstedt,Hamburg,suburban,53.5854,10.17583,Production & Technical,True,Early (06:00),True,5,19.5,42,True,True,0.052,False,False,Trabrennbahn,trabrennbahn,7.94,Park+Ride,18.5,3.6,64.2,2,86.3,7.94,19.11,25.9,223.55,> 60 min,60.4,3.33,False
SYN-00468,Ahrensburg,Kr. Stormarn,suburban,53.66397,10.23593,Office & Commercial,False,Day (08:00),False,3,11.7,40,True,True,1.884,False,False,Ahrensburg (DB),ahrensburg,1.24,Feeder bus,12.7,6.0,67.2,2,85.9,0.0,17.2,24.4,120.75,> 60 min,61.5,3.52,False
SYN-00469,Hamburg-Langenhorn,Hamburg,urban,53.67566,10.01512,Lab & R&D,False,Day (08:00),False,4,15.6,54,False,True,-0.432,True,False,Local bus stop,local_bus,0.4,Walk to bus stop,5.0,6.0,10.3,0,21.3,0.0,3.26,13.5,30.5,≤ 30 min,7.8,1.58,True
SYN-00470,Hamburg-Rotherbaum,Hamburg,urban_core,53.5826,9.98913,Production & Technical,True,Night (22:00),True,5,19.5,55,False,False,0.476,False,False,Kellinghusenstraße,kellinghusenstrasse,0.68,Walk,8.4,3.6,37.8,0,49.8,0.0,16.47,28.7,192.74,46–60 min,21.1,1.74,False
SYN-00471,Hamburg-Barmbek,Hamburg,urban_core,53.57854,10.02959,Production & Technical,False,Day (08:00),False,5,19.5,54,True,True,0.25,False,False,Alsterdorf,alsterdorf,3.85,Feeder bus,20.5,2.0,33.1,0,55.7,0.0,16.34,28.6,191.21,46–60 min,27.1,1.95,False
SYN-00472,Hamburg-Eimsbüttel,Hamburg,urban_core,53.56573,9.96062,Office & Commercial,False,Day (08:00),False,2,7.8,42,True,True,0.548,True,False,Sternschanze,sternschanze,0.68,Walk,8.5,2.0,49.3,1,59.7,0.0,19.74,30.4,92.36,46–60 min,29.3,1.96,False
SYN-00473,Hamburg-Langenhorn,Hamburg,urban,53.68754,10.02136,Production & Technical,False,Day (08:00),False,5,19.5,32,False,True,2.538,False,False,Local bus stop,local_bus,0.4,Walk to bus stop,5.0,6.0,7.0,0,18.0,0.0,2.23,11.1,26.08,≤ 30 min,6.9,1.62,True
SYN-00474,Hamburg-Langenhorn,Hamburg,urban,53.67202,10.02886,Production & Technical,False,Day (08:00),False,5,19.5,63,False,True,-0.136,False,False,Local bus stop,local_bus,0.4,Walk to bus stop,5.0,6.0,8.6,0,19.6,0.0,2.73,12.3,31.96,≤ 30 min,7.3,1.59,True
SYN-00475,Hamburg-Sasel/Wellingsbüttel,Hamburg,suburban,53.67459,10.13269,Production & Technical,True,Early (06:00),True,5,19.5,51,True,True,-0.817,False,False,Local bus stop,local_bus,0.4,Walk to bus stop,5.0,6.0,24.9,0,35.9,0.0,7.89,15.9,92.33,31–45 min,20.0,2.26,False
SYN-00476,Hamburg-Volksdorf/Duvenstedt,Hamburg,suburban,53.65505,10.20022,Production & Technical,False,Day (08:00),False,5,19.5,37,False,True,1.854,False,False,Buchenkamp,buchenkamp,1.36,Feeder bus,13.1,2.0,72.8,3,87.9,0.0,14.49,22.2,169.55,> 60 min,65.7,3.96,False
SYN-00477,Hamburg-Barmbek,Hamburg,urban_core,53.58288,10.06297,Office & Commercial,False,Day (08:00),False,2,7.8,58,False,True,-0.224,True,False,Barmbek,barmbek,1.81,Feeder bus,14.4,2.0,40.5,1,57.0,0.0,15.69,28.2,73.44,46–60 min,28.8,2.02,False
SYN-00478,Hamburg-Rahlstedt,Hamburg,suburban,53.5914,10.17136,Office & Commercial,False,Day (08:00),False,5,19.5,36,False,False,-1.605,False,False,Ohlsdorf,ohlsdorf,12.7,Long feeder bus,53.1,2.0,29.4,0,84.5,0.0,18.15,25.2,212.34,> 60 min,59.3,3.35,False
SYN-00479,Hamburg-Rahlstedt,Hamburg,suburban,53.58184,10.1478,Production & Technical,True,Early (06:00),True,5,19.5,58,False,True,-1.108,False,False,Farmsen,farmsen,4.73,Feeder bus,23.2,3.6,66.3,2,93.1,0.0,18.18,25.2,212.67,> 60 min,67.9,3.69,False
SYN-00480,Hamburg-Barmbek,Hamburg,urban_core,53.59674,10.04012,Office & Commercial,False,Day (08:00),False,5,19.5,58,True,True,-1.163,False,False,Alte Wöhr,alte_woehr,0.13,Walk,1.6,4.0,38.9,1,44.5,0.0,13.55,26.8,158.58,31–45 min,17.7,1.66,False
SYN-00481,Hamburg-Barmbek,Hamburg,urban_core,53.59234,10.05999,Production & Technical,False,Day (08:00),False,5,19.5,32,True,True,-1.283,True,False,Sengelmannstraße,sengelmannstrasse,4.12,Feeder bus,21.3,2.0,31.4,0,54.7,0.0,14.25,27.3,166.77,46–60 min,27.4,2.0,False
SYN-00482,Hamburg-Schnelsen,Hamburg,suburban,53.64854,9.93522,Production & Technical,True,Early (06:00),True,5,19.5,48,True,False,-0.563,False,False,Schnelsen,schnelsen,2.79,Feeder bus,17.4,6.0,49.9,0,73.2,0.0,11.45,19.5,133.94,> 60 min,53.7,3.75,False
SYN-00483,Hamburg-Wandsbek,Hamburg,urban,53.55872,10.06115,Office & Commercial,False,Day (08:00),False,3,11.7,51,False,True,-0.07,False,False,Hasselbrook,hasselbrook,1.67,Feeder bus,14.0,4.0,43.8,1,61.8,0.0,19.29,30.2,135.44,> 60 min,31.6,2.05,False
SYN-00484,Hamburg-Bramfeld/Farmsen,Hamburg,urban,53.60495,10.10571,Production & Technical,True,Late (14:00),True,5,19.5,64,False,True,0.964,True,False,Farmsen,farmsen,0.63,Walk,7.9,3.6,66.3,2,77.7,0.0,13.39,26.7,156.69,> 60 min,51.0,2.91,False
SYN-00485,Norderstedt,Kr. Segeberg,suburban,53.6957,9.98954,Office & Commercial,False,Day (08:00),False,2,7.8,34,False,True,0.663,True,False,Local bus stop,local_bus,0.4,Walk to bus stop,5.0,6.0,16.5,0,27.5,0.0,5.22,12.9,24.45,≤ 30 min,14.6,2.13,False
SYN-00486,Hamburg-Barmbek,Hamburg,urban_core,53.58639,10.05309,Lab & R&D,False,Day (08:00),False,3,11.7,58,False,False,0.667,True,False,Barmbek,barmbek,0.88,Walk,11.0,2.0,40.5,1,53.6,0.0,15.11,27.8,106.05,46–60 min,25.8,1.93,False
SYN-00487,Hamburg-Eimsbüttel,Hamburg,urban_core,53.58933,9.95793,Office & Commercial,False,Day (08:00),False,3,11.7,42,True,True,-0.543,True,False,Hudtwalckerstraße,hudtwalckerstrasse,3.13,Feeder bus,18.4,2.0,36.5,0,56.9,0.0,16.64,28.8,116.79,46–60 min,28.1,1.98,False
SYN-00488,Hamburg-Poppenbüttel,Hamburg,suburban,53.67011,10.07646,Office & Commercial,False,Day (08:00),False,4,15.6,28,True,True,1.018,True,False,Local bus stop,local_bus,0.4,Walk to bus stop,5.0,6.0,11.6,0,22.6,0.0,3.68,10.9,34.43,≤ 30 min,11.7,2.07,True
SYN-00489,Hamburg-Wandsbek,Hamburg,urban,53.58672,10.08599,Production & Technical,True,Early (06:00),True,5,19.5,41,True,True,1.558,True,False,Barmbek,barmbek,3.71,Feeder bus,20.1,3.6,42.5,1,66.2,0.0,15.45,28.1,180.8,> 60 min,38.1,2.36,False
SYN-00490,Hamburg-Altona/Ottensen,Hamburg,urban_core,53.55989,9.9436,Production & Technical,False,Day (08:00),False,5,19.5,42,True,True,0.745,True,False,Hallerstraße,hallerstrasse,4.42,Feeder bus,22.2,2.0,41.4,0,65.6,0.0,21.16,31.0,247.53,> 60 min,34.6,2.12,False
SYN-00491,Hamburg-Stellingen/Eidelstedt,Hamburg,urban,53.60965,9.93138,Production & Technical,True,Early (06:00),True,5,19.5,30,False,True,0.773,False,False,Niendorf Markt,niendorf_markt,2.08,Feeder bus,15.2,3.6,50.7,0,69.5,0.0,15.47,28.1,181.04,> 60 min,41.4,2.47,False
SYN-00492,Hamburg-Rahlstedt,Hamburg,suburban,53.62887,10.15025,Office & Commercial,False,Day (08:00),False,3,11.7,45,False,True,-1.415,False,False,Volksdorf,volksdorf,2.13,Feeder bus,15.4,2.0,67.0,2,84.4,0.0,12.7,20.7,89.17,> 60 min,63.7,4.08,False
SYN-00493,Hamburg-Rahlstedt,Hamburg,suburban,53.59577,10.14081,Lab & R&D,False,Day (08:00),False,5,19.5,53,False,True,0.771,False,False,Farmsen,farmsen,3.33,Feeder bus,19.0,2.0,61.3,3,82.3,0.0,16.06,23.5,187.9,> 60 min,58.8,3.5,False
SYN-00494,Hamburg-Bramfeld/Farmsen,Hamburg,urban,53.59695,10.07174,Production & Technical,False,Day (08:00),False,5,19.5,45,False,False,1.881,False,False,Ohlsdorf,ohlsdorf,4.95,Feeder bus,23.9,2.0,29.4,0,55.2,0.0,13.7,26.9,160.26,46–60 min,28.3,2.05,False
SYN-00495,Hamburg-Harburg,Hamburg,urban,53.48211,9.97689,Production & Technical,False,Day (08:00),False,5,19.5,36,True,False,0.573,False,False,Wilhelmsburg,wilhelmsburg,4.34,Feeder bus,22.0,4.0,60.0,1,86.1,0.0,31.37,43.3,367.0,> 60 min,42.8,1.99,False
SYN-00496,Hamburg-Altona/Ottensen,Hamburg,urban_core,53.56304,9.94154,Production & Technical,False,Day (08:00),False,5,19.5,40,False,True,-0.211,False,False,Hallerstraße,hallerstrasse,4.48,Feeder bus,22.4,2.0,41.4,0,65.8,0.0,20.81,30.9,243.51,> 60 min,34.9,2.13,False
SYN-00497,Hamburg-Barmbek,Hamburg,urban_core,53.59193,10.03811,Office & Commercial,False,Day (08:00),False,3,11.7,42,True,False,0.188,False,False,Alte Wöhr,alte_woehr,0.6,Walk,7.5,4.0,38.9,1,50.4,0.0,14.28,27.3,100.27,46–60 min,23.1,1.85,False
SYN-00498,Hamburg-Rahlstedt,Hamburg,suburban,53.61139,10.19124,Office & Commercial,False,Day (08:00),False,4,15.6,44,False,True,-0.554,False,False,Farmsen,farmsen,7.72,Park+Ride,18.3,2.0,61.3,3,81.6,7.72,17.17,24.4,160.68,> 60 min,57.2,3.34,False
SYN-00499,Hamburg-Bramfeld/Farmsen,Hamburg,urban,53.59614,10.0672,Office & Commercial,False,Day (08:00),False,2,7.8,54,False,False,-0.41,True,False,Ohlsdorf,ohlsdorf,4.79,Feeder bus,23.4,2.0,29.4,0,54.7,0.0,13.76,26.9,64.38,46–60 min,27.8,2.03,False
SYN-00500,Hamburg-Uhlenhorst,Hamburg,urban_core,53.5613,10.03304,Lab & R&D,False,Day (08:00),False,3,11.7,45,True,True,0.948,True,False,Landwehr,landwehr,0.88,Walk,10.9,4.0,45.1,1,60.1,0.0,18.9,30.0,132.68,> 60 min,30.1,2.0,False
SYN-00501,Hamburg-Bahrenfeld/Lurup,Hamburg,urban,53.55895,9.92414,Production & Technical,False,Day (08:00),False,5,19.5,27,False,True,0.679,False,False,Sternschanze,sternschanze,3.65,Feeder bus,19.9,2.0,49.3,1,71.2,0.0,22.08,31.4,258.39,> 60 min,39.8,2.27,False
SYN-00502,Pinneberg,Kr. Pinneberg,suburban,53.67419,9.78801,Office & Commercial,False,Day (08:00),False,3,11.7,36,True,True,1.004,False,False,Pinneberg,pinneberg,2.58,Feeder bus,16.7,4.0,72.0,1,92.7,0.0,23.05,28.6,161.84,> 60 min,64.1,3.24,False
SYN-00503,Wedel,Kr. Pinneberg,suburban,53.58881,9.71918,Office & Commercial,False,Day (08:00),False,3,11.7,44,False,True,0.238,True,False,Wedel,wedel,1.54,Feeder bus,13.6,4.0,78.5,1,96.1,0.0,32.64,34.0,229.12,> 60 min,62.1,2.83,False
SYN-00504,Hamburg-Rotherbaum,Hamburg,urban_core,53.58133,9.98471,Production & Technical,True,Night (22:00),True,5,19.5,54,False,False,-0.714,True,False,Eppendorfer Baum,eppendorfer_baum,0.17,Walk,2.1,3.6,46.8,1,52.5,0.0,16.78,28.8,196.32,46–60 min,23.7,1.82,False
SYN-00505,Hamburg-Uhlenhorst,Hamburg,urban_core,53.56417,10.03432,Lab & R&D,False,Day (08:00),False,5,19.5,56,False,False,-0.384,False,False,Landwehr,landwehr,0.78,Walk,9.7,4.0,45.1,1,58.9,0.0,18.46,29.7,216.01,46–60 min,29.2,1.98,False
SYN-00506,Hamburg-Harburg,Hamburg,urban,53.4441,9.94383,Production & Technical,False,Day (08:00),False,5,19.5,62,False,True,-0.746,False,False,Heimfeld,heimfeld,2.66,Feeder bus,17.0,4.0,68.9,1,89.9,0.0,37.59,46.3,439.75,> 60 min,43.6,1.94,False
SYN-00507,Hamburg-Volksdorf/Duvenstedt,Hamburg,suburban,53.65755,10.1574,Office & Commercial,False,Day (08:00),False,2,7.8,43,False,True,-0.303,False,False,Volksdorf,volksdorf,2.13,Feeder bus,15.4,2.0,67.0,2,84.4,0.0,10.81,18.9,50.6,> 60 min,65.5,4.47,False
SYN-00508,Henstedt-Ulzburg,Kr. Segeberg,suburban,53.80349,9.98864,Office & Commercial,False,Day (08:00),False,3,11.7,50,False,False,1.561,False,False,Ulzburg Süd,ulzburg_sued,3.98,Feeder bus,20.9,6.0,36.8,0,63.7,0.0,18.23,25.2,127.98,> 60 min,38.5,2.53,False
SYN-00509,Hamburg-Eimsbüttel,Hamburg,urban_core,53.59139,9.94313,Lab & R&D,False,Day (08:00),False,4,15.6,26,False,False,2.572,False,False,Hudtwalckerstraße,hudtwalckerstrasse,4.38,Feeder bus,22.1,2.0,36.5,0,60.7,0.0,17.04,29.0,159.47,> 60 min,31.7,2.09,False
SYN-00510,Hamburg-Langenhorn,Hamburg,urban,53.66328,10.01132,Office & Commercial,False,Day (08:00),False,4,15.6,47,True,True,0.903,True,False,Local bus stop,local_bus,0.4,Walk to bus stop,5.0,6.0,14.9,0,25.9,0.0,4.73,16.9,44.27,≤ 30 min,9.0,1.53,True
SYN-00511,Norderstedt,Kr. Segeberg,suburban,53.69811,9.94978,Production & Technical,True,Late (14:00),True,5,19.5,30,False,True,0.219,False,False,Norderstedt Mitte,norderstedt_mitte,3.68,Feeder bus,20.0,3.6,23.0,0,46.6,0.0,8.75,16.9,102.39,46–60 min,29.7,2.76,False
SYN-00512,Kaltenkirchen,Kr. Segeberg,suburban,53.84458,9.97518,Lab & R&D,False,Day (08:00),False,4,15.6,41,True,True,-1.445,True,False,Kaltenkirchen,kaltenkirchen,1.61,Feeder bus,13.8,6.0,59.9,1,79.7,0.0,24.49,29.5,229.24,> 60 min,50.2,2.7,False
SYN-00513,Norderstedt,Kr. Segeberg,suburban,53.67556,9.98405,Office & Commercial,False,Day (08:00),False,3,11.7,64,False,True,-0.247,False,False,Local bus stop,local_bus,0.4,Walk to bus stop,5.0,6.0,18.3,0,29.3,0.0,5.8,13.6,40.74,≤ 30 min,15.7,2.15,False
SYN-00514,Hamburg-Sasel/Wellingsbüttel,Hamburg,suburban,53.65024,10.07841,Office & Commercial,False,Day (08:00),False,2,7.8,45,False,True,-0.94,False,False,Local bus stop,local_bus,0.4,Walk to bus stop,5.0,6.0,19.6,0,30.6,0.0,6.2,14.1,29.03,31–45 min,16.5,2.17,False
SYN-00515,Hamburg-Bramfeld/Farmsen,Hamburg,urban,53.59956,10.09496,Office & Commercial,False,Day (08:00),False,2,7.8,32,False,False,1.947,False,False,Barmbek,barmbek,4.85,Feeder bus,23.6,2.0,40.5,1,66.1,0.0,13.81,27.0,64.64,> 60 min,39.1,2.45,False
SYN-00516,Hamburg-Ohlsdorf,Hamburg,urban,53.63165,10.04649,Production & Technical,True,Early (06:00),True,5,19.5,46,False,False,-1.523,False,False,Fuhlsbüttel,fuhlsbuettel,1.92,Feeder bus,14.8,3.6,26.5,0,44.9,0.0,8.3,22.0,97.13,31–45 min,22.9,2.04,False
SYN-00517,Hamburg-Volksdorf/Duvenstedt,Hamburg,suburban,53.65054,10.18461,Office & Commercial,False,Day (08:00),False,3,11.7,36,True,True,0.384,False,False,Buchenkamp,buchenkamp,0.23,Walk,2.9,2.0,72.8,3,77.7,0.0,13.45,21.3,94.42,> 60 min,56.4,3.65,False
SYN-00518,Hamburg-Bahrenfeld/Lurup,Hamburg,urban,53.58567,9.87666,Lab & R&D,False,Day (08:00),False,4,15.6,31,True,True,-0.541,False,False,Langenfelde,langenfelde,3.6,Feeder bus,19.8,4.0,60.0,2,83.8,0.0,21.43,31.1,200.63,> 60 min,52.7,2.69,False
SYN-00519,Norderstedt,Kr. Segeberg,suburban,53.73092,10.00426,Production & Technical,True,Early (06:00),True,5,19.5,64,False,True,-0.476,False,False,Local bus stop,local_bus,0.4,Walk to bus stop,5.0,6.0,24.0,0,35.0,0.0,7.59,15.6,88.79,31–45 min,19.4,2.24,False
SYN-00520,Henstedt-Ulzburg,Kr. Segeberg,suburban,53.78477,9.94652,Office & Commercial,False,Day (08:00),False,3,11.7,54,False,True,0.366,False,False,Ulzburg Süd,ulzburg_sued,3.6,Feeder bus,19.8,6.0,36.8,0,62.6,0.0,17.16,24.4,120.43,> 60 min,38.2,2.57,False
SYN-00521,Quickborn,Kr. Pinneberg,suburban,53.73181,9.90398,Field & Sales,False,Day (08:00),False,1,3.9,46,True,True,0.855,False,True,Quickborn,quickborn,0.41,Walk,5.1,6.0,42.8,0,53.9,0.0,14.34,22.1,33.55,46–60 min,31.8,2.44,False
SYN-00522,Hamburg-Winterhude,Hamburg,urban_core,53.60258,10.0106,Office & Commercial,False,Day (08:00),False,5,19.5,38,False,False,0.356,True,False,Alsterdorf,alsterdorf,0.5,Walk,6.3,2.0,33.1,0,41.4,0.0,13.06,26.4,152.8,31–45 min,15.0,1.57,False
SYN-00523,Hamburg-Fuhlsbüttel,Hamburg,urban,53.64103,10.03926,Lab & R&D,False,Day (08:00),False,3,11.7,39,False,True,0.961,True,False,Local bus stop,local_bus,0.4,Walk to bus stop,5.0,6.0,21.9,0,32.9,0.0,6.92,20.3,48.6,31–45 min,12.6,1.62,False
SYN-00524,Hamburg-Wandsbek,Hamburg,urban,53.56819,10.0478,Production & Technical,True,Early (06:00),True,5,19.5,59,False,True,-0.796,True,False,Hasselbrook,hasselbrook,0.13,Walk,1.7,6.0,45.8,1,53.5,0.0,17.83,29.4,208.59,46–60 min,24.1,1.82,False
SYN-00525,Hamburg-Langenhorn,Hamburg,urban,53.68376,10.02586,Field & Sales,False,Day (08:00),False,1,3.9,45,True,True,0.346,False,True,Local bus stop,local_bus,0.4,Walk to bus stop,5.0,6.0,6.0,0,17.0,0.0,1.89,10.4,4.42,≤ 30 min,6.6,1.63,True
SYN-00526,Hamburg-Bramfeld/Farmsen,Hamburg,urban,53.60608,10.08581,Production & Technical,True,Night (22:00),True,5,19.5,20,True,False,1.519,False,False,Rübenkamp,ruebenkamp,4.3,Feeder bus,21.9,6.0,39.2,1,67.1,0.0,12.64,26.1,147.84,> 60 min,41.0,2.57,False
SYN-00527,Großhansdorf,Kr. Stormarn,rural,53.6588,10.28322,Office & Commercial,False,Day (08:00),False,2,7.8,64,False,True,-0.335,False,False,Ahrensburg (DB),ahrensburg,4.09,Feeder bus,21.3,6.0,67.2,2,94.5,0.0,21.48,27.5,100.52,> 60 min,67.0,3.44,False
SYN-00528,Buxtehude,Kr. Stade,suburban,53.45659,9.68553,Office & Commercial,False,Day (08:00),False,2,7.8,44,False,True,-0.663,False,False,Buxtehude,buxtehude,2.42,Feeder bus,16.2,6.0,96.4,2,118.6,0.0,47.23,54.4,221.04,> 60 min,64.2,2.18,False
SYN-00529,Hamburg-Wilhelmsburg,Hamburg,urban,53.50239,10.01497,Office & Commercial,False,Day (08:00),False,3,11.7,46,True,True,-0.196,False,False,Wilhelmsburg,wilhelmsburg,0.18,Walk,2.2,4.0,60.0,1,66.2,0.0,27.85,42.4,195.48,> 60 min,23.8,1.56,False
SYN-00530,Hamburg-Volksdorf/Duvenstedt,Hamburg,suburban,53.64485,10.13473,Lab & R&D,False,Day (08:00),False,4,15.6,54,False,True,0.716,True,False,Poppenbüttel,poppenbuettel,4.63,Feeder bus,22.9,4.0,40.2,0,67.1,0.0,10.08,18.2,94.36,> 60 min,48.9,3.69,False
SYN-00531,Hamburg-Billstedt/Horn,Hamburg,urban,53.52689,10.06948,Office & Commercial,False,Day (08:00),False,4,15.6,47,True,True,-1.025,False,False,Tiefstack,tiefstack,1.71,Feeder bus,14.1,4.0,57.8,1,75.9,0.0,24.12,41.2,225.72,> 60 min,34.7,1.84,False
SYN-00532,Hamburg-Stellingen/Eidelstedt,Hamburg,urban,53.60107,9.91659,Office & Commercial,False,Day (08:00),False,3,11.7,50,False,True,-0.928,False,False,Niendorf Markt,niendorf_markt,3.85,Feeder bus,20.5,2.0,50.7,0,73.2,0.0,17.31,29.1,121.52,> 60 min,44.1,2.52,False
SYN-00533,Hamburg-Winterhude,Hamburg,urban_core,53.58209,10.00089,Production & Technical,True,Late (14:00),True,5,19.5,37,False,True,1.035,False,False,Klosterstern,klosterstern,0.56,Walk,7.1,3.6,39.5,0,50.1,0.0,16.25,28.5,190.18,46–60 min,21.6,1.76,False
SYN-00534,Hamburg-Rahlstedt,Hamburg,suburban,53.61441,10.14046,Office & Commercial,False,Day (08:00),False,2,7.8,28,False,True,-0.306,False,False,Meiendorfer Weg,meiendorfer_weg,2.02,Feeder bus,15.1,2.0,64.6,3,81.7,0.0,13.73,21.6,64.27,> 60 min,60.1,3.78,False
SYN-00535,Norderstedt,Kr. Segeberg,suburban,53.69139,9.95215,Office & Commercial,False,Day (08:00),False,4,15.6,45,True,True,-1.603,False,False,Garstedt,garstedt,4.12,Feeder bus,21.4,2.0,21.3,0,44.7,0.0,8.41,16.5,78.68,31–45 min,28.2,2.71,False
SYN-00536,Hamburg-Schnelsen,Hamburg,suburban,53.61972,9.92461,Production & Technical,False,Day (08:00),False,5,19.5,58,False,True,0.984,False,False,Niendorf Markt,niendorf_markt,2.26,Feeder bus,15.8,2.0,50.7,0,68.4,0.0,14.81,22.5,173.26,> 60 min,45.9,3.04,False
SYN-00537,Hamburg-Uhlenhorst,Hamburg,urban_core,53.56522,10.04167,Office & Commercial,False,Day (08:00),False,4,15.6,35,True,True,-0.633,True,False,Landwehr,landwehr,0.4,Walk,4.9,4.0,45.1,1,54.1,0.0,18.28,29.7,171.09,46–60 min,24.4,1.82,False
SYN-00538,Hamburg-Ohlsdorf,Hamburg,urban,53.63037,10.03542,Lab & R&D,False,Day (08:00),False,3,11.7,34,False,True,0.084,False,False,Klein Borstel,klein_borstel,0.72,Walk,9.0,2.0,28.1,0,39.1,0.0,8.55,22.3,60.02,31–45 min,16.8,1.75,False
SYN-00539,Hamburg-Ohlsdorf,Hamburg,urban,53.62533,10.04655,Office & Commercial,False,Day (08:00),False,2,7.8,55,False,True,-0.686,False,False,Klein Borstel,klein_borstel,1.53,Feeder bus,13.6,2.0,28.1,0,43.7,0.0,9.25,23.1,43.29,31–45 min,20.6,1.89,False
SYN-00540,Henstedt-Ulzburg,Kr. Segeberg,suburban,53.80978,9.98236,Office & Commercial,False,Day (08:00),False,3,11.7,37,False,False,-0.314,False,False,Ulzburg Süd,ulzburg_sued,4.89,Feeder bus,23.7,6.0,36.8,0,66.5,0.0,19.3,26.0,135.45,> 60 min,40.5,2.56,False
SYN-00541,Seevetal/Neu Wulmstorf,Kr. Harburg,rural,53.45331,9.89812,Production & Technical,True,Night (22:00),True,5,19.5,37,False,True,-1.101,False,False,Neuwiedenthal,neuwiedenthal,2.33,Feeder bus,16.0,6.0,75.6,1,97.6,0.0,37.48,46.2,438.53,> 60 min,51.4,2.11,False
SYN-00542,Hamburg-Altona/Ottensen,Hamburg,urban_core,53.55348,9.94431,Office & Commercial,False,Day (08:00),False,3,11.7,38,False,False,1.131,False,False,Stephansplatz,stephansplatz,3.85,Feeder bus,20.5,2.0,43.4,0,65.9,0.0,22.0,31.4,154.45,> 60 min,34.5,2.1,False
SYN-00543,Kaltenkirchen,Kr. Segeberg,suburban,53.83917,9.95539,Production & Technical,False,Day (08:00),False,5,19.5,41,True,True,0.027,False,False,Kaltenkirchen,kaltenkirchen,0.43,Walk,5.4,6.0,59.9,1,71.2,0.0,24.24,29.3,283.56,> 60 min,41.9,2.43,False
SYN-00544,Seevetal/Neu Wulmstorf,Kr. Harburg,rural,53.45291,9.93863,Production & Technical,False,Day (08:00),False,5,19.5,25,False,True,0.967,False,False,Heimfeld,heimfeld,2.16,Feeder bus,15.5,4.0,68.9,1,88.4,0.0,36.42,45.4,426.15,> 60 min,43.0,1.95,False
SYN-00545,Hamburg-Langenhorn,Hamburg,urban,53.66883,10.04299,Office & Commercial,False,Day (08:00),False,4,15.6,36,True,True,-0.359,False,False,Local bus stop,local_bus,0.4,Walk to bus stop,5.0,6.0,8.6,0,19.6,0.0,2.74,12.3,25.62,≤ 30 min,7.3,1.59,True
SYN-00546,Hamburg-Barmbek,Hamburg,urban_core,53.57377,10.05067,Production & Technical,True,Late (14:00),True,5,19.5,45,False,True,2.433,False,False,Friedrichsberg,friedrichsberg,0.75,Walk,9.4,6.0,44.0,1,59.4,0.0,16.99,29.0,198.83,46–60 min,30.4,2.05,False
SYN-00547,Hamburg-Winterhude,Hamburg,urban_core,53.58871,10.03098,Production & Technical,False,Day (08:00),False,5,19.5,44,False,False,-1.588,False,False,Alsterdorf,alsterdorf,2.54,Feeder bus,16.6,2.0,33.1,0,51.8,0.0,14.81,27.7,173.29,46–60 min,24.1,1.87,False
SYN-00548,Norderstedt,Kr. Segeberg,suburban,53.71286,9.95805,Office & Commercial,False,Day (08:00),False,4,15.6,55,False,True,-1.902,True,False,Norderstedt Mitte,norderstedt_mitte,2.93,Feeder bus,17.8,2.0,23.0,0,42.8,0.0,8.76,16.9,82.03,31–45 min,25.9,2.53,False
SYN-00549,Hamburg-Blankenese/Osdorf,Hamburg,suburban,53.59593,9.7904,Production & Technical,False,Day (08:00),False,5,19.5,62,False,True,1.32,False,False,Iserbrook,iserbrook,3.11,Feeder bus,18.3,4.0,71.1,1,93.5,0.0,26.57,30.7,310.83,> 60 min,62.8,3.05,False
SYN-00550,Hamburg-Barmbek,Hamburg,urban_core,53.59268,10.02711,Production & Technical,True,Early (06:00),True,5,19.5,59,False,True,0.541,False,False,Alsterdorf,alsterdorf,1.88,Feeder bus,14.6,3.6,33.1,0,51.4,0.0,14.26,27.3,166.79,46–60 min,24.1,1.88,False
SYN-00551,Hamburg-Eppendorf,Hamburg,urban_core,53.59614,9.99993,Production & Technical,False,Day (08:00),False,5,19.5,52,False,False,0.525,True,False,Lattenkamp,lattenkamp,0.08,Walk,1.0,2.0,35.3,0,38.2,0.0,14.25,27.3,166.68,31–45 min,10.9,1.4,False
SYN-00552,Hamburg-Fuhlsbüttel,Hamburg,urban,53.63601,10.01294,Office & Commercial,False,Day (08:00),False,2,7.8,40,False,False,0.615,True,False,Fuhlsbüttel,fuhlsbuettel,1.03,Feeder bus,12.1,2.0,26.5,0,40.6,0.0,8.21,21.9,38.41,31–45 min,18.7,1.85,False
SYN-00553,Hamburg-Niendorf,Hamburg,urban,53.63114,9.97516,Production & Technical,False,Day (08:00),False,5,19.5,35,False,True,0.838,False,False,Fuhlsbüttel Nord,fuhlsbuettel_nord,4.82,Feeder bus,23.5,2.0,24.4,0,49.9,0.0,10.51,24.3,122.92,46–60 min,25.6,2.05,False
SYN-00554,Halstenbek/Rellingen,Kr. Pinneberg,suburban,53.64385,9.83587,Office & Commercial,False,Day (08:00),False,4,15.6,42,False,True,0.2,False,False,Thesdorf,thesdorf,1.05,Feeder bus,12.2,4.0,75.7,1,91.9,0.0,19.81,26.4,185.45,> 60 min,65.5,3.48,False
SYN-00555,Norderstedt,Kr. Segeberg,suburban,53.68753,9.99148,Office & Commercial,False,Day (08:00),False,3,11.7,48,True,True,-1.166,False,False,Local bus stop,local_bus,0.4,Walk to bus stop,5.0,6.0,15.4,0,26.4,0.0,4.88,12.5,34.29,≤ 30 min,13.9,2.11,True
SYN-00556,Hamburg-Poppenbüttel,Hamburg,suburban,53.64924,10.10672,Production & Technical,False,Day (08:00),False,5,19.5,51,True,True,0.568,False,False,Local bus stop,local_bus,0.4,Walk to bus stop,5.0,6.0,24.6,0,35.6,0.0,7.8,15.8,91.24,31–45 min,19.8,2.25,False
SYN-00557,Hamburg-Volksdorf/Duvenstedt,Hamburg,suburban,53.65521,10.17329,Lab & R&D,False,Day (08:00),False,5,19.5,49,False,True,0.444,False,False,Volksdorf,volksdorf,2.21,Feeder bus,15.6,2.0,67.0,2,84.7,0.0,12.25,20.3,143.3,> 60 min,64.4,4.17,False
SYN-00558,Hamburg-Eimsbüttel,Hamburg,urban_core,53.5939,9.95699,Production & Technical,True,Early (06:00),True,5,19.5,41,False,True,1.795,False,False,Hudtwalckerstraße,hudtwalckerstrasse,3.21,Feeder bus,18.6,3.6,36.5,0,58.8,0.0,16.08,28.4,188.1,46–60 min,30.4,2.07,False
SYN-00559,Hamburg-Wandsbek,Hamburg,urban,53.57524,10.10162,Office & Commercial,False,Day (08:00),False,3,11.7,51,False,True,1.764,True,False,Friedrichsberg,friedrichsberg,4.67,Feeder bus,23.0,4.0,42.0,1,69.1,0.0,17.47,29.2,122.67,> 60 min,39.9,2.37,False
SYN-00560,Hamburg-Eimsbüttel,Hamburg,urban_core,53.59131,9.94155,Production & Technical,False,Day (08:00),False,5,19.5,56,False,True,0.447,False,False,Hudtwalckerstraße,hudtwalckerstrasse,4.52,Feeder bus,22.6,2.0,36.5,0,61.1,0.0,17.12,29.0,200.35,> 60 min,32.1,2.11,False
SYN-00561,Norderstedt,Kr. Segeberg,suburban,53.7113,9.96573,Office & Commercial,False,Day (08:00),False,3,11.7,52,False,True,-1.494,False,False,Local bus stop,local_bus,0.4,Walk to bus stop,5.0,6.0,25.4,0,36.4,0.0,8.05,16.1,56.5,31–45 min,20.3,2.26,False
SYN-00562,Hamburg-Poppenbüttel,Hamburg,suburban,53.66498,10.08241,Production & Technical,True,Early (06:00),True,5,19.5,42,False,True,1.673,False,False,Local bus stop,local_bus,0.4,Walk to bus stop,5.0,6.0,14.5,0,25.5,0.0,4.6,12.1,53.77,≤ 30 min,13.4,2.11,True
SYN-00563,Kaltenkirchen,Kr. Segeberg,suburban,53.84467,9.96829,Lab & R&D,False,Day (08:00),False,5,19.5,33,True,True,-0.968,False,False,Kaltenkirchen,kaltenkirchen,1.2,Feeder bus,12.6,6.0,59.9,1,78.5,0.0,24.67,29.6,288.63,> 60 min,48.9,2.65,False
SYN-00564,Hamburg-Rahlstedt,Hamburg,suburban,53.59868,10.14804,Production & Technical,False,Day (08:00),False,5,19.5,33,False,True,0.388,False,False,Farmsen,farmsen,3.88,Feeder bus,20.6,2.0,61.3,3,84.0,0.0,16.04,23.5,187.7,> 60 min,60.5,3.57,False
SYN-00565,Hamburg-Rahlstedt,Hamburg,suburban,53.60461,10.16968,Office & Commercial,False,Day (08:00),False,4,15.6,35,False,True,-0.24,False,False,Berne,berne,4.98,Feeder bus,24.0,2.0,63.0,3,89.0,0.0,16.53,23.9,154.68,> 60 min,65.1,3.72,False
SYN-00566,Hamburg-Billstedt/Horn,Hamburg,urban,53.53922,10.08731,Production & Technical,False,Day (08:00),False,5,19.5,45,False,True,-0.331,False,False,Tiefstack,tiefstack,1.87,Feeder bus,14.6,4.0,57.8,1,76.4,0.0,22.47,31.5,262.94,> 60 min,44.9,2.43,False
SYN-00567,Hamburg-Blankenese/Osdorf,Hamburg,suburban,53.5616,9.8476,Production & Technical,True,Late (14:00),True,5,19.5,48,False,True,0.564,False,False,Klein Flottbek,klein_flottbek,0.68,Walk,8.5,6.0,66.6,1,81.1,0.0,25.83,30.3,302.26,> 60 min,50.8,2.68,False
SYN-00568,Norderstedt,Kr. Segeberg,suburban,53.70421,10.00914,Production & Technical,False,Day (08:00),False,5,19.5,26,False,True,0.411,False,False,Local bus stop,local_bus,0.4,Walk to bus stop,5.0,6.0,13.3,0,24.3,0.0,4.21,11.6,49.21,≤ 30 min,12.7,2.09,True
SYN-00569,Hamburg-Bramfeld/Farmsen,Hamburg,urban,53.60357,10.08457,Office & Commercial,False,Day (08:00),False,5,19.5,36,True,True,0.763,True,False,Rübenkamp,ruebenkamp,4.21,Feeder bus,21.6,4.0,37.2,1,62.8,0.0,12.97,26.4,151.74,> 60 min,36.4,2.38,False
SYN-00570,Hamburg-St. Pauli/Neustadt,Hamburg,urban_core,53.55699,9.98384,Office & Commercial,False,Day (08:00),False,4,15.6,45,False,True,-0.516,False,False,Stephansplatz,stephansplatz,0.42,Walk,5.2,2.0,43.4,0,50.6,0.0,20.29,30.6,189.91,46–60 min,20.0,1.65,False
SYN-00571,Hamburg-Bramfeld/Farmsen,Hamburg,urban,53.59523,10.09489,Field & Sales,False,Day (08:00),False,2,7.8,32,False,True,0.143,True,True,Barmbek,barmbek,4.64,Feeder bus,22.9,2.0,40.5,1,65.4,0.0,14.43,27.4,67.53,> 60 min,38.0,2.39,False
SYN-00572,Kaltenkirchen,Kr. Segeberg,suburban,53.82877,9.93824,Office & Commercial,False,Day (08:00),False,2,7.8,47,False,True,-0.953,False,False,Kaltenkirchen Süd,kaltenkirchen_sued,2.26,Feeder bus,15.8,6.0,57.4,1,79.2,0.0,23.35,28.8,109.29,> 60 min,50.4,2.75,False
SYN-00573,Hamburg-Eimsbüttel,Hamburg,urban_core,53.5869,9.9706,Field & Sales,False,Day (08:00),False,3,11.7,39,True,True,0.201,False,True,Kellinghusenstraße,kellinghusenstrasse,1.71,Feeder bus,14.1,2.0,37.8,0,53.9,0.0,16.47,28.7,115.59,46–60 min,25.2,1.88,False
SYN-00574,Hamburg-Blankenese/Osdorf,Hamburg,suburban,53.60177,9.77899,Production & Technical,False,Day (08:00),False,5,19.5,34,True,True,-0.085,True,False,Iserbrook,iserbrook,4.06,Feeder bus,21.2,4.0,71.1,1,96.3,0.0,27.02,31.0,316.08,> 60 min,65.3,3.11,False
SYN-00575,Quickborn,Kr. Pinneberg,suburban,53.71465,9.90313,Office & Commercial,False,Day (08:00),False,4,15.6,43,False,True,1.728,False,False,Quickborn,quickborn,2.08,Feeder bus,15.2,6.0,42.8,0,64.0,0.0,13.4,21.3,125.38,> 60 min,42.7,3.0,False
SYN-00576,Hamburg-Rotherbaum,Hamburg,urban_core,53.57557,9.97212,Office & Commercial,False,Day (08:00),False,3,11.7,46,False,True,0.024,False,False,Hoheluftbrücke,hoheluftbruecke,0.2,Walk,2.5,2.0,46.3,1,50.7,0.0,17.98,29.5,126.22,46–60 min,21.2,1.72,False
SYN-00577,Halstenbek/Rellingen,Kr. Pinneberg,suburban,53.62139,9.82894,Office & Commercial,False,Day (08:00),False,2,7.8,33,False,True,-2.076,True,False,Halstenbek,halstenbek,1.18,Feeder bus,12.6,4.0,73.1,1,89.6,0.0,21.71,27.7,101.59,> 60 min,61.9,3.23,False
SYN-00578,Hamburg-Wandsbek,Hamburg,urban,53.57171,10.04844,Field & Sales,False,Day (08:00),False,2,7.8,39,True,True,1.595,False,True,Hasselbrook,hasselbrook,0.57,Walk,7.1,4.0,43.8,1,54.9,0.0,17.3,29.1,80.97,46–60 min,25.8,1.89,False
SYN-00579,Quickborn,Kr. Pinneberg,suburban,53.72677,9.88654,Office & Commercial,False,Day (08:00),False,2,7.8,47,False,False,0.266,False,False,Quickborn,quickborn,1.53,Feeder bus,13.6,6.0,42.8,0,62.4,0.0,15.41,23.0,72.13,> 60 min,39.4,2.71,False
SYN-00580,Hamburg-Bramfeld/Farmsen,Hamburg,urban,53.61956,10.0739,Lab & R&D,False,Day (08:00),False,5,19.5,34,False,True,0.152,False,False,Ohlsdorf,ohlsdorf,3.55,Feeder bus,19.7,2.0,29.4,0,51.0,0.0,10.41,24.2,121.77,46–60 min,26.8,2.11,False
SYN-00581,Hamburg-Eimsbüttel,Hamburg,urban_core,53.57296,9.94765,Office & Commercial,False,Day (08:00),False,4,15.6,24,False,False,0.213,False,False,Kellinghusenstraße,kellinghusenstrasse,4.21,Feeder bus,21.6,2.0,37.8,0,61.4,0.0,19.24,30.1,180.07,> 60 min,31.3,2.04,False
SYN-00582,Hamburg-St. Pauli/Neustadt,Hamburg,urban_core,53.54988,9.98493,Production & Technical,False,Day (08:00),False,5,19.5,25,True,False,-0.314,True,False,Stadthausbrücke,stadthausbruecke,0.12,Walk,1.5,4.0,51.4,1,56.9,0.0,21.29,31.1,249.12,46–60 min,25.8,1.83,False
SYN-00583,Hamburg-Langenhorn,Hamburg,urban,53.67944,10.02706,Office & Commercial,False,Day (08:00),False,3,11.7,37,False,True,2.171,False,False,Local bus stop,local_bus,0.4,Walk to bus stop,5.0,6.0,6.5,0,17.5,0.0,2.06,10.7,14.44,≤ 30 min,6.8,1.64,True
SYN-00584,Hamburg-Winterhude,Hamburg,urban_core,53.59002,10.00339,Office & Commercial,False,Day (08:00),False,2,7.8,27,False,True,0.652,False,False,Hudtwalckerstraße,hudtwalckerstrasse,0.83,Walk,10.4,2.0,36.5,0,49.0,0.0,15.05,27.8,70.42,46–60 min,21.2,1.76,False
SYN-00585,Wedel,Kr. Pinneberg,suburban,53.59065,9.71078,Lab & R&D,False,Day (08:00),False,5,19.5,38,False,False,-1.771,False,False,Wedel,wedel,1.29,Feeder bus,12.9,4.0,78.5,1,95.3,0.0,33.19,34.3,388.27,> 60 min,61.0,2.78,False
SYN-00586,Hamburg-Rahlstedt,Hamburg,suburban,53.60626,10.19384,Office & Commercial,False,Day (08:00),False,5,19.5,60,False,True,-0.072,True,False,Farmsen,farmsen,7.83,Park+Ride,18.4,2.0,61.3,3,81.7,7.83,17.86,24.9,208.9,> 60 min,56.8,3.28,False
SYN-00587,Hamburg-Niendorf,Hamburg,urban,53.63054,9.95713,Production & Technical,True,Early (06:00),True,5,19.5,27,False,False,1.606,False,False,Hamburg Airport,airport,3.42,Feeder bus,19.3,6.0,40.0,1,65.3,0.0,11.61,25.3,135.84,> 60 min,40.0,2.58,False
SYN-00588,Hamburg-Bramfeld/Farmsen,Hamburg,urban,53.5944,10.08166,Production & Technical,True,Night (22:00),True,5,19.5,39,True,True,0.356,False,False,Barmbek,barmbek,3.52,Feeder bus,19.6,3.6,42.5,1,65.7,0.0,14.24,27.3,166.64,> 60 min,38.4,2.41,False
SYN-00589,Hamburg-Niendorf,Hamburg,urban,53.62977,9.97607,Production & Technical,True,Night (22:00),True,5,19.5,64,False,False,-1.118,True,False,Fuhlsbüttel Nord,fuhlsbuettel_nord,4.85,Feeder bus,23.5,3.6,24.4,0,51.5,0.0,10.62,24.4,124.29,46–60 min,27.1,2.11,False
SYN-00590,Norderstedt,Kr. Segeberg,suburban,53.69926,9.98553,Office & Commercial,False,Day (08:00),False,2,7.8,46,False,False,-1.158,False,False,Local bus stop,local_bus,0.4,Walk to bus stop,5.0,6.0,18.1,0,29.1,0.0,5.72,13.5,26.76,≤ 30 min,15.6,2.16,False
SYN-00591,Uetersen,Kr. Pinneberg,rural,53.68999,9.64475,Production & Technical,False,Day (08:00),False,5,19.5,38,False,True,-1.151,False,False,Uetersen (Bus),uetersen,1.7,Feeder bus,14.1,6.0,104.7,2,124.8,0.0,35.71,35.8,417.79,> 60 min,89.0,3.49,False
SYN-00592,Hamburg-Barmbek,Hamburg,urban_core,53.58891,10.02641,Office & Commercial,False,Day (08:00),False,3,11.7,40,False,True,1.905,True,False,Alsterdorf,alsterdorf,2.34,Feeder bus,16.0,2.0,33.1,0,51.2,0.0,14.82,27.7,104.07,46–60 min,23.5,1.85,False
SYN-00593,Hamburg-Volksdorf/Duvenstedt,Hamburg,suburban,53.64572,10.17838,Office & Commercial,False,Day (08:00),False,2,7.8,47,False,True,-0.255,False,False,Volksdorf,volksdorf,1.77,Feeder bus,14.3,2.0,67.0,2,83.3,0.0,13.27,21.2,62.1,> 60 min,62.1,3.93,False
SYN-00594,Hamburg-Wandsbek,Hamburg,urban,53.55937,10.06164,Lab & R&D,False,Day (08:00),False,4,15.6,61,False,True,-1.845,True,False,Hasselbrook,hasselbrook,1.62,Feeder bus,13.9,4.0,43.8,1,61.7,0.0,19.2,30.1,179.71,> 60 min,31.6,2.05,False
SYN-00595,Norderstedt,Kr. Segeberg,suburban,53.67833,9.97546,Production & Technical,True,Night (22:00),True,5,19.5,36,False,True,0.384,False,False,Local bus stop,local_bus,0.4,Walk to bus stop,5.0,6.0,20.3,0,31.3,0.0,6.44,14.3,75.35,31–45 min,17.0,2.19,False
SYN-00596,Hamburg-Sasel/Wellingsbüttel,Hamburg,suburban,53.64798,10.11349,Office & Commercial,False,Day (08:00),False,4,15.6,34,False,True,0.174,True,False,Poppenbüttel,poppenbuettel,2.79,Feeder bus,17.4,4.0,40.2,0,61.6,0.0,8.36,16.4,78.2,> 60 min,45.2,3.76,False
SYN-00597,Hamburg-Stellingen/Eidelstedt,Hamburg,urban,53.59239,9.8911,Production & Technical,True,Early (06:00),True,5,19.5,27,False,True,-0.049,False,False,Langenfelde,langenfelde,2.9,Feeder bus,17.7,6.0,63.5,1,87.2,0.0,19.81,30.4,231.82,> 60 min,56.8,2.87,False
SYN-00598,Hamburg-Rahlstedt,Hamburg,suburban,53.60836,10.17711,Lab & R&D,False,Day (08:00),False,4,15.6,43,True,True,-1.137,False,False,Farmsen,farmsen,6.45,Park+Ride,16.7,2.0,61.3,3,80.1,6.45,16.57,23.9,155.05,> 60 min,56.2,3.35,False
SYN-00599,Reinbek/Glinde,Kr. Stormarn,suburban,53.54158,10.22634,Production & Technical,False,Day (08:00),False,5,19.5,27,False,True,-0.914,True,False,Glinde (Bus),glinde,1.41,Feeder bus,13.2,6.0,84.6,2,103.8,0.0,27.07,31.0,316.75,> 60 min,72.8,3.35,False
SYN-00600,Hamburg-Rahlstedt,Hamburg,suburban,53.62119,10.17432,Production & Technical,True,Early (06:00),True,5,19.5,37,True,True,1.07,False,False,Volksdorf,volksdorf,3.41,Feeder bus,19.2,3.6,73.0,2,95.9,0.0,15.06,22.7,176.25,> 60 min,73.2,4.22,False
SYN-00601,Hamburg-Eimsbüttel,Hamburg,urban_core,53.58403,9.93631,Production & Technical,False,Day (08:00),False,5,19.5,32,False,True,0.764,False,False,Kellinghusenstraße,kellinghusenstrasse,4.67,Feeder bus,23.0,2.0,37.8,0,62.8,0.0,18.3,29.7,214.06,> 60 min,33.1,2.11,False
SYN-00602,Hamburg-Blankenese/Osdorf,Hamburg,suburban,53.55439,9.77669,Office & Commercial,False,Day (08:00),False,4,15.6,54,False,True,0.179,True,False,Blankenese,blankenese,3.1,Feeder bus,18.3,4.0,68.6,1,90.9,0.0,31.19,33.3,291.93,> 60 min,57.6,2.73,False
SYN-00603,Halstenbek/Rellingen,Kr. Pinneberg,suburban,53.63021,9.86113,Production & Technical,True,Early (06:00),True,5,19.5,36,False,True,0.245,False,False,Schnelsen,schnelsen,4.72,Feeder bus,23.2,6.0,49.9,0,79.0,0.0,18.55,25.5,217.07,> 60 min,53.5,3.1,False
SYN-00604,Hamburg-Stellingen/Eidelstedt,Hamburg,urban,53.59959,9.8848,Office & Commercial,False,Day (08:00),False,3,11.7,46,True,True,0.411,False,False,Elbgaustraße,elbgaustrasse,0.67,Walk,8.3,4.0,66.3,2,78.7,0.0,19.46,30.2,136.63,> 60 min,48.5,2.61,False
SYN-00605,Bargteheide,Kr. Stormarn,rural,53.73755,10.27447,Office & Commercial,False,Day (08:00),False,2,7.8,24,False,True,-0.468,False,False,Bargteheide,bargteheide,1.6,Feeder bus,13.8,6.0,73.9,2,93.7,0.0,21.64,27.6,101.26,> 60 min,66.1,3.39,False
SYN-00606,Hamburg-Wilhelmsburg,Hamburg,urban,53.50784,9.97917,Office & Commercial,False,Day (08:00),False,4,15.6,43,True,False,-0.072,True,False,HafenCity Universität,hafencity_universitaet,4.91,Feeder bus,23.7,2.0,53.3,1,79.1,0.0,27.55,42.3,257.83,> 60 min,36.8,1.87,False
SYN-00607,Tangstedt,Kr. Stormarn,rural,53.71984,10.07947,Production & Technical,True,Night (22:00),True,5,19.5,29,False,True,1.082,False,False,Local bus stop,local_bus,0.4,Walk to bus stop,5.0,6.0,18.1,0,29.1,0.0,5.74,13.5,67.21,≤ 30 min,15.6,2.16,False
SYN-00608,Hamburg-Langenhorn,Hamburg,urban,53.68122,10.031,Production & Technical,True,Early (06:00),True,5,19.5,37,False,True,1.648,False,False,Local bus stop,local_bus,0.4,Walk to bus stop,5.0,6.0,5.1,0,16.1,0.0,1.62,9.7,18.94,≤ 30 min,6.4,1.66,True
SYN-00609,Hamburg-Bahrenfeld/Lurup,Hamburg,urban,53.58761,9.91159,Office & Commercial,False,Day (08:00),False,5,19.5,64,False,True,-1.439,False,False,Langenfelde,langenfelde,1.23,Feeder bus,12.7,4.0,60.0,2,76.8,0.0,19.14,30.1,223.95,> 60 min,46.7,2.55,False
SYN-00610,Hamburg-Barmbek,Hamburg,urban_core,53.58503,10.03198,Production & Technical,False,Day (08:00),False,5,19.5,52,False,True,-0.025,False,False,Alsterdorf,alsterdorf,3.05,Feeder bus,18.2,2.0,33.1,0,53.3,0.0,15.35,28.0,179.64,46–60 min,25.3,1.9,False
SYN-00611,Hamburg-Altona/Ottensen,Hamburg,urban_core,53.54974,9.94374,Office & Commercial,False,Day (08:00),False,2,7.8,41,False,False,1.206,True,False,Königstraße,koenigstrasse,0.48,Walk,6.0,4.0,55.8,1,65.7,0.0,22.54,31.6,105.46,> 60 min,34.1,2.08,False
SYN-00612,Hamburg-Rahlstedt,Hamburg,suburban,53.61782,10.13696,Production & Technical,False,Day (08:00),False,5,19.5,64,False,True,1.415,False,False,Meiendorfer Weg,meiendorfer_weg,1.74,Feeder bus,14.2,2.0,64.6,3,80.8,0.0,13.14,21.1,153.71,> 60 min,59.7,3.83,False
SYN-00613,Bad Oldesloe,Kr. Stormarn,rural,53.81017,10.34985,Office & Commercial,False,Day (08:00),False,4,15.6,32,True,True,1.649,False,False,Bad Oldesloe,bad_oldesloe,2.24,Feeder bus,15.7,6.0,84.8,2,106.5,0.0,32.67,34.0,305.83,> 60 min,72.5,3.13,False
SYN-00614,Seevetal/Neu Wulmstorf,Kr. Harburg,rural,53.4358,9.87913,Production & Technical,True,Early (06:00),True,5,19.5,55,False,True,-1.312,False,False,Heimfeld,heimfeld,7.85,Park+Ride,18.4,6.0,70.9,1,95.3,7.85,40.54,48.8,474.37,> 60 min,46.5,1.95,False
SYN-00615,Hamburg-Sasel/Wellingsbüttel,Hamburg,suburban,53.65634,10.14397,Office & Commercial,False,Day (08:00),False,3,11.7,25,False,True,1.458,False,False,Buckhorn,buckhorn,0.18,Walk,2.3,2.0,77.9,4,82.2,0.0,9.82,17.9,68.92,> 60 min,64.3,4.59,False
SYN-00616,Hamburg-Bahrenfeld/Lurup,Hamburg,urban,53.57077,9.87298,Production & Technical,True,Early (06:00),True,5,19.5,39,True,True,0.259,False,False,Othmarschen,othmarschen,1.89,Feeder bus,14.7,6.0,64.3,1,84.9,0.0,23.29,31.9,272.52,> 60 min,53.0,2.66,False
SYN-00617,Hamburg-Bahrenfeld/Lurup,Hamburg,urban,53.59355,9.88944,Office & Commercial,False,Day (08:00),False,3,11.7,27,False,True,1.444,False,False,Langenfelde,langenfelde,3.12,Feeder bus,18.3,4.0,60.0,2,82.4,0.0,19.79,30.4,138.95,> 60 min,52.0,2.71,False
SYN-00618,Hamburg-Bramfeld/Farmsen,Hamburg,urban,53.6214,10.10246,Production & Technical,False,Day (08:00),False,5,19.5,45,True,False,0.888,True,False,Kornweg,kornweg,4.9,Feeder bus,23.7,4.0,37.1,1,64.8,0.0,11.03,24.8,129.07,> 60 min,40.0,2.61,False
SYN-00619,Hamburg-Langenhorn,Hamburg,urban,53.66615,10.03702,Field & Sales,False,Day (08:00),False,1,3.9,43,False,True,-1.131,False,True,Local bus stop,local_bus,0.4,Walk to bus stop,5.0,6.0,10.2,0,21.2,0.0,3.23,13.5,7.56,≤ 30 min,7.7,1.57,True
SYN-00620,Norderstedt,Kr. Segeberg,suburban,53.70838,10.03662,Office & Commercial,False,Day (08:00),False,3,11.7,39,True,True,0.5,False,False,Local bus stop,local_bus,0.4,Walk to bus stop,5.0,6.0,10.5,0,21.5,0.0,3.33,10.4,23.39,≤ 30 min,11.1,2.07,True
SYN-00621,Hamburg-Wilhelmsburg,Hamburg,urban,53.48805,10.03261,Production & Technical,True,Late (14:00),True,5,19.5,54,False,True,0.956,False,False,Wilhelmsburg,wilhelmsburg,2.73,Feeder bus,17.2,6.0,62.0,1,85.2,0.0,29.88,42.9,349.63,> 60 min,42.3,1.99,False
SYN-00622,Hamburg-Eimsbüttel,Hamburg,urban_core,53.57745,9.93592,Production & Technical,True,Early (06:00),True,5,19.5,36,True,True,0.43,False,False,Kellinghusenstraße,kellinghusenstrasse,4.89,Feeder bus,23.7,3.6,37.8,0,65.0,0.0,19.16,30.1,224.12,> 60 min,34.9,2.16,False
SYN-00623,Seevetal/Neu Wulmstorf,Kr. Harburg,rural,53.42066,9.9053,Production & Technical,False,Day (08:00),False,5,19.5,46,False,True,-0.613,False,False,Heimfeld,heimfeld,7.38,Park+Ride,17.9,4.0,68.9,1,90.8,7.38,41.91,49.9,490.32,> 60 min,40.9,1.82,False
SYN-00624,Hamburg-Eppendorf,Hamburg,urban_core,53.58056,9.97743,Production & Technical,True,Early (06:00),True,5,19.5,51,False,True,-1.372,False,False,Kellinghusenstraße,kellinghusenstrasse,1.48,Feeder bus,13.4,3.6,37.8,0,54.8,0.0,17.11,29.0,200.19,46–60 min,25.8,1.89,False
SYN-00625,Reinbek/Glinde,Kr. Stormarn,suburban,53.51743,10.25984,Production & Technical,False,Day (08:00),False,5,19.5,26,False,True,0.85,False,False,Reinbek,reinbek,1.47,Feeder bus,13.4,6.0,75.6,1,95.0,0.0,31.76,42.6,371.64,> 60 min,52.4,2.23,False
SYN-00626,Hamburg-Barmbek,Hamburg,urban_core,53.58774,10.04566,Lab & R&D,False,Day (08:00),False,4,15.6,34,True,False,0.692,False,False,Barmbek,barmbek,0.3,Walk,3.7,2.0,40.5,1,46.2,0.0,14.89,27.7,139.4,46–60 min,18.5,1.67,False
SYN-00627,Hamburg-Harburg,Hamburg,urban,53.45794,10.01232,Office & Commercial,False,Day (08:00),False,4,15.6,43,False,True,-0.789,True,False,Harburg,harburg,1.91,Feeder bus,14.7,4.0,65.7,1,84.4,0.0,34.51,44.1,323.03,> 60 min,40.3,1.91,False
SYN-00628,Norderstedt,Kr. Segeberg,suburban,53.71987,9.96655,Production & Technical,False,Day (08:00),False,5,19.5,49,False,True,-0.543,False,False,Norderstedt Mitte,norderstedt_mitte,2.84,Feeder bus,17.5,2.0,23.0,0,42.5,0.0,8.65,16.7,101.18,31–45 min,25.8,2.54,False
SYN-00629,Hamburg-Altona/Ottensen,Hamburg,urban_core,53.5382,9.91258,Office & Commercial,False,Day (08:00),False,4,15.6,58,False,False,0.238,False,False,Altona,altona,2.83,Feeder bus,17.5,4.0,57.4,1,78.8,0.0,25.31,32.6,236.92,> 60 min,46.2,2.42,False
SYN-00630,Hamburg-Harburg,Hamburg,urban,53.44636,10.00206,Production & Technical,False,Day (08:00),False,5,19.5,40,False,True,-0.375,False,False,Harburg,harburg,1.75,Feeder bus,14.2,4.0,65.7,1,84.0,0.0,36.33,45.3,425.08,> 60 min,38.7,1.85,False
SYN-00631,Tornesch,Kr. Pinneberg,rural,53.70429,9.70291,Field & Sales,False,Day (08:00),False,2,7.8,39,True,True,-0.247,False,True,Tornesch,tornesch,1.33,Feeder bus,13.0,6.0,81.0,1,100.0,0.0,30.64,33.0,143.4,> 60 min,67.0,3.03,False
SYN-00632,Henstedt-Ulzburg,Kr. Segeberg,suburban,53.81025,9.99469,Production & Technical,True,Early (06:00),True,5,19.5,32,False,True,-1.683,False,False,Henstedt-Ulzburg,henstedt_ulzburg,3.15,Feeder bus,18.5,6.0,57.4,1,81.8,0.0,19.07,25.8,223.12,> 60 min,56.0,3.17,False
SYN-00633,Norderstedt,Kr. Segeberg,suburban,53.70548,10.03064,Office & Commercial,False,Day (08:00),False,2,7.8,46,False,True,1.183,False,False,Local bus stop,local_bus,0.4,Walk to bus stop,5.0,6.0,9.8,0,20.8,0.0,3.11,10.2,14.58,≤ 30 min,10.6,2.04,True
SYN-00634,Hamburg-Winterhude,Hamburg,urban_core,53.59586,10.0215,Office & Commercial,False,Day (08:00),False,4,15.6,39,True,True,0.416,False,False,Alsterdorf,alsterdorf,1.25,Feeder bus,12.8,2.0,33.1,0,47.9,0.0,13.85,27.0,129.66,46–60 min,20.9,1.77,False
SYN-00635,Norderstedt,Kr. Segeberg,suburban,53.72058,9.99273,Production & Technical,False,Day (08:00),False,5,19.5,39,False,True,-1.149,False,False,Local bus stop,local_bus,0.4,Walk to bus stop,5.0,6.0,21.9,0,32.9,0.0,6.95,14.9,81.26,31–45 min,18.0,2.21,False
SYN-00636,Hamburg-Langenhorn,Hamburg,urban,53.67049,10.009,Production & Technical,True,Early (06:00),True,5,19.5,41,True,True,-2.293,False,False,Local bus stop,local_bus,0.4,Walk to bus stop,5.0,6.0,13.1,0,24.1,0.0,4.14,15.6,48.49,≤ 30 min,8.5,1.54,True
SYN-00637,Hamburg-Billstedt/Horn,Hamburg,urban,53.5446,10.08939,Production & Technical,False,Day (08:00),False,5,19.5,48,False,False,1.079,True,False,Hasselbrook,hasselbrook,4.81,Feeder bus,23.4,4.0,43.8,1,71.3,0.0,21.71,31.2,253.99,> 60 min,40.1,2.29,False
SYN-00638,Hamburg-Stellingen/Eidelstedt,Hamburg,urban,53.6118,9.91062,Lab & R&D,False,Day (08:00),False,5,19.5,36,True,True,0.808,False,False,Niendorf Markt,niendorf_markt,3.58,Feeder bus,19.7,2.0,50.7,0,72.4,0.0,16.53,28.7,193.41,> 60 min,43.7,2.52,False
SYN-00639,Hamburg-Wilhelmsburg,Hamburg,urban,53.5129,10.04034,Office & Commercial,False,Day (08:00),False,4,15.6,34,False,False,0.494,True,False,Elbbrücken,elbbruecken,3.34,Feeder bus,19.0,2.0,55.2,1,76.2,0.0,26.13,41.8,244.61,> 60 min,34.4,1.82,False
SYN-00640,Tangstedt,Kr. Stormarn,rural,53.71233,10.06054,Office & Commercial,False,Day (08:00),False,3,11.7,47,True,True,0.48,False,False,Local bus stop,local_bus,0.4,Walk to bus stop,5.0,6.0,12.7,0,23.7,0.0,4.01,11.3,28.16,≤ 30 min,12.4,2.1,True
SYN-00641,Hamburg-Bahrenfeld/Lurup,Hamburg,urban,53.57207,9.90465,Office & Commercial,False,Day (08:00),False,5,19.5,20,False,True,1.378,False,False,Bahrenfeld,bahrenfeld,1.47,Feeder bus,13.4,4.0,59.9,1,77.3,0.0,21.37,31.1,250.02,> 60 min,46.2,2.49,False
SYN-00642,Hamburg-Harburg,Hamburg,urban,53.47809,9.96435,Lab & R&D,False,Day (08:00),False,3,11.7,35,True,False,0.461,False,False,Harburg Rathaus,harburg_rathaus,2.87,Feeder bus,17.6,4.0,67.2,1,88.8,0.0,32.19,43.5,226.01,> 60 min,45.3,2.04,False
SYN-00643,Norderstedt,Kr. Segeberg,suburban,53.70714,9.97423,Office & Commercial,False,Day (08:00),False,2,7.8,29,False,False,-0.138,False,False,Local bus stop,local_bus,0.4,Walk to bus stop,5.0,6.0,22.4,0,33.4,0.0,7.1,15.1,33.21,31–45 min,18.3,2.21,False
SYN-00644,Hamburg-Poppenbüttel,Hamburg,suburban,53.63887,10.0955,Office & Commercial,False,Day (08:00),False,3,11.7,55,False,True,-0.734,False,False,Wellingsbüttel,wellingsbuettel,2.55,Feeder bus,16.7,4.0,40.3,1,61.0,0.0,8.44,16.5,59.22,> 60 min,44.5,3.7,False
SYN-00645,Hamburg-Rahlstedt,Hamburg,suburban,53.60497,10.13766,Office & Commercial,False,Day (08:00),False,2,7.8,37,True,True,0.404,False,False,Berne,berne,2.26,Feeder bus,15.8,2.0,63.0,3,80.8,0.0,14.74,22.5,69.0,> 60 min,58.3,3.59,False
SYN-00646,Quickborn,Kr. Pinneberg,suburban,53.74305,9.9003,Production & Technical,True,Early (06:00),True,5,19.5,36,True,True,1.397,False,False,Quickborn,quickborn,2.06,Feeder bus,15.2,6.0,42.8,0,64.0,0.0,15.47,23.1,181.03,> 60 min,40.9,2.77,False
SYN-00647,Norderstedt,Kr. Segeberg,suburban,53.68858,10.00236,Lab & R&D,False,Day (08:00),False,4,15.6,41,False,True,-0.186,False,False,Local bus stop,local_bus,0.4,Walk to bus stop,5.0,6.0,12.4,0,23.4,0.0,3.92,11.2,36.73,≤ 30 min,12.2,2.09,True
SYN-00648,Hamburg-Uhlenhorst,Hamburg,urban_core,53.56415,10.01271,Production & Technical,True,Early (06:00),True,5,19.5,35,True,False,1.943,False,False,Hallerstraße,hallerstrasse,1.84,Feeder bus,14.5,3.6,41.4,0,59.5,0.0,18.68,29.9,218.52,46–60 min,29.6,1.99,False
SYN-00649,Hamburg-Billstedt/Horn,Hamburg,urban,53.55758,10.07813,Production & Technical,True,Night (22:00),True,5,19.5,38,False,True,0.59,False,False,Hasselbrook,hasselbrook,2.89,Feeder bus,17.7,6.0,45.8,1,69.5,0.0,19.62,30.3,229.61,> 60 min,39.2,2.29,False
SYN-00650,Norderstedt,Kr. Segeberg,suburban,53.70623,10.04129,Office & Commercial,False,Day (08:00),False,4,15.6,43,False,True,0.264,False,False,Local bus stop,local_bus,0.4,Walk to bus stop,5.0,6.0,9.3,0,20.3,0.0,2.93,9.9,27.42,≤ 30 min,10.4,2.05,True
SYN-00651,Hamburg-Winterhude,Hamburg,urban_core,53.60088,10.00144,Production & Technical,True,Late (14:00),True,5,19.5,37,True,True,2.838,False,False,Lattenkamp,lattenkamp,0.64,Walk,8.0,3.6,35.3,0,46.9,0.0,13.53,26.8,158.26,46–60 min,20.1,1.75,False
SYN-00652,Halstenbek/Rellingen,Kr. Pinneberg,suburban,53.64399,9.86659,Production & Technical,False,Day (08:00),False,5,19.5,37,True,True,1.636,False,False,Schnelsen,schnelsen,4.52,Feeder bus,22.6,6.0,49.9,0,78.4,0.0,17.25,24.5,201.77,> 60 min,53.9,3.2,False
SYN-00653,Hamburg-Billstedt/Horn,Hamburg,urban,53.53554,10.06853,Production & Technical,False,Day (08:00),False,5,19.5,31,True,True,2.012,True,False,Tiefstack,tiefstack,0.5,Walk,6.2,4.0,57.8,1,68.0,0.0,22.81,31.7,266.93,> 60 min,36.3,2.15,False
SYN-00654,Hamburg-Poppenbüttel,Hamburg,suburban,53.66052,10.05662,Office & Commercial,False,Day (08:00),False,3,11.7,29,True,True,-0.681,False,False,Local bus stop,local_bus,0.4,Walk to bus stop,5.0,6.0,12.9,0,23.9,0.0,4.07,11.4,28.57,≤ 30 min,12.5,2.1,True
SYN-00655,Quickborn,Kr. Pinneberg,suburban,53.71655,9.88554,Lab & R&D,False,Day (08:00),False,5,19.5,43,False,True,2.076,False,False,Quickborn,quickborn,2.39,Feeder bus,16.2,6.0,42.8,0,65.0,0.0,14.97,22.6,175.16,> 60 min,42.4,2.88,False
SYN-00656,Hamburg-Bramfeld/Farmsen,Hamburg,urban,53.59026,10.09093,Production & Technical,True,Early (06:00),True,5,19.5,45,False,False,0.018,False,False,Barmbek,barmbek,4.16,Feeder bus,21.5,3.6,42.5,1,67.6,0.0,15.05,27.8,176.03,> 60 min,39.8,2.43,False
SYN-00657,Quickborn,Kr. Pinneberg,suburban,53.72271,9.89434,Production & Technical,True,Late (14:00),True,5,19.5,26,False,False,-0.061,False,False,Quickborn,quickborn,1.23,Feeder bus,12.7,6.0,42.8,0,61.5,0.0,14.54,22.3,170.12,> 60 min,39.2,2.76,False
SYN-00658,Hamburg-Volksdorf/Duvenstedt,Hamburg,suburban,53.6578,10.17853,Office & Commercial,False,Day (08:00),False,2,7.8,50,False,True,-2.393,False,False,Volksdorf,volksdorf,2.78,Feeder bus,17.3,2.0,67.0,2,86.4,0.0,12.54,20.5,58.67,> 60 min,65.9,4.21,False
SYN-00659,Hamburg-Wandsbek,Hamburg,urban,53.57712,10.08627,Field & Sales,False,Day (08:00),False,1,3.9,50,False,True,0.343,False,True,Barmbek,barmbek,3.97,Feeder bus,20.9,2.0,40.5,1,63.4,0.0,16.86,28.9,39.46,> 60 min,34.5,2.19,False
SYN-00660,Hamburg-Winterhude,Hamburg,urban_core,53.59397,10.02386,Production & Technical,True,Early (06:00),True,5,19.5,53,False,False,-0.917,False,False,Alsterdorf,alsterdorf,1.59,Feeder bus,13.8,3.6,33.1,0,50.5,0.0,14.1,27.2,164.99,46–60 min,23.3,1.86,False
SYN-00661,Hamburg-Sasel/Wellingsbüttel,Hamburg,suburban,53.64599,10.09333,Field & Sales,False,Day (08:00),False,3,11.7,45,False,True,0.258,False,True,Local bus stop,local_bus,0.4,Walk to bus stop,5.0,6.0,23.5,0,34.5,0.0,7.43,15.4,52.16,31–45 min,19.1,2.24,False
SYN-00662,Pinneberg,Kr. Pinneberg,suburban,53.64127,9.81139,Lab & R&D,False,Day (08:00),False,5,19.5,49,False,False,-1.378,False,False,Thesdorf,thesdorf,1.12,Feeder bus,12.4,4.0,75.7,1,92.1,0.0,22.0,27.9,257.41,> 60 min,64.2,3.3,False
SYN-00663,Hamburg-Niendorf,Hamburg,urban,53.62068,9.98314,Production & Technical,True,Early (06:00),True,5,19.5,64,False,True,1.581,True,False,Fuhlsbüttel,fuhlsbuettel,4.12,Feeder bus,21.4,3.6,26.5,0,51.5,0.0,11.43,25.1,133.74,46–60 min,26.4,2.05,False
SYN-00664,Norderstedt,Kr. Segeberg,suburban,53.72291,9.96911,Office & Commercial,False,Day (08:00),False,3,11.7,39,False,True,0.502,False,False,Norderstedt Mitte,norderstedt_mitte,3.02,Feeder bus,18.1,2.0,23.0,0,43.1,0.0,8.74,16.8,61.33,31–45 min,26.3,2.57,False
SYN-00665,Hamburg-Bramfeld/Farmsen,Hamburg,urban,53.5989,10.10896,Office & Commercial,False,Day (08:00),False,4,15.6,30,False,False,2.63,False,False,Farmsen,farmsen,0.59,Walk,7.3,2.0,61.3,3,70.7,0.0,14.34,27.3,134.24,> 60 min,43.4,2.59,False
SYN-00666,Hamburg-Stellingen/Eidelstedt,Hamburg,urban,53.58429,9.91934,Office & Commercial,False,Day (08:00),False,3,11.7,25,False,True,-0.59,False,False,Hoheluftbrücke,hoheluftbruecke,4.87,Feeder bus,23.6,2.0,46.3,1,71.9,0.0,19.12,30.1,134.2,> 60 min,41.8,2.39,False
SYN-00667,Hamburg-Neugraben,Hamburg,suburban,53.45005,9.8835,Production & Technical,False,Day (08:00),False,5,19.5,61,False,True,1.133,False,False,Neuwiedenthal,neuwiedenthal,3.02,Feeder bus,18.1,4.0,73.6,1,95.7,0.0,38.41,47.0,449.44,> 60 min,48.7,2.04,False
SYN-00668,Winsen (Luhe),Kr. Harburg,rural,53.36336,10.22337,Office & Commercial,False,Day (08:00),False,2,7.8,61,False,True,-2.419,False,False,Winsen (Luhe),winsen,1.17,Feeder bus,12.5,6.0,83.4,2,101.9,0.0,51.08,57.6,239.04,> 60 min,44.3,1.77,False
SYN-00669,Hamburg-Volksdorf/Duvenstedt,Hamburg,suburban,53.64789,10.12935,Office & Commercial,False,Day (08:00),False,3,11.7,32,False,True,0.275,False,False,Poppenbüttel,poppenbuettel,4.05,Feeder bus,21.1,4.0,40.2,0,65.4,0.0,9.42,17.5,66.15,> 60 min,47.9,3.74,False
SYN-00670,Hamburg-Barmbek,Hamburg,urban_core,53.57101,10.04791,Office & Commercial,False,Day (08:00),False,4,15.6,34,False,True,-0.148,False,False,Hasselbrook,hasselbrook,0.48,Walk,6.0,4.0,43.8,1,53.8,0.0,17.4,29.2,162.91,46–60 min,24.6,1.84,False
SYN-00671,Hamburg-Langenhorn,Hamburg,urban,53.68184,10.0197,Field & Sales,False,Day (08:00),False,2,7.8,38,False,True,-0.231,False,True,Local bus stop,local_bus,0.4,Walk to bus stop,5.0,6.0,7.9,0,18.9,0.0,2.5,11.8,11.68,≤ 30 min,7.1,1.6,True
SYN-00672,Hamburg-Wandsbek,Hamburg,urban,53.58777,10.06505,Office & Commercial,False,Day (08:00),False,2,7.8,55,False,True,-0.583,False,False,Sengelmannstraße,sengelmannstrasse,4.89,Feeder bus,23.7,2.0,31.4,0,57.0,0.0,14.98,27.8,70.11,46–60 min,29.2,2.05,False
SYN-00673,Buchholz i.d.N.,Kr. Harburg,rural,53.33416,9.84465,Office & Commercial,False,Day (08:00),False,2,7.8,28,False,True,-0.981,False,False,Buchholz i.d.N.,buchholz,2.58,Feeder bus,16.7,6.0,103.4,2,126.1,0.0,55.94,61.6,261.79,> 60 min,64.5,2.05,False
SYN-00674,Hamburg-Stellingen/Eidelstedt,Hamburg,urban,53.59705,9.88037,Lab & R&D,False,Day (08:00),False,5,19.5,20,False,True,-0.743,False,False,Elbgaustraße,elbgaustrasse,1.09,Feeder bus,12.3,4.0,66.3,2,82.6,0.0,20.01,30.5,234.14,> 60 min,52.1,2.71,False
SYN-00675,Hamburg-Wandsbek,Hamburg,urban,53.5878,10.04678,Production & Technical,False,Day (08:00),False,5,19.5,64,False,False,-0.659,True,False,Barmbek,barmbek,0.38,Walk,4.8,2.0,40.5,1,47.3,0.0,14.88,27.7,174.14,46–60 min,19.6,1.71,False
SYN-00676,Hamburg-Winterhude,Hamburg,urban_core,53.60704,9.99655,Production & Technical,True,Early (06:00),True,5,19.5,45,True,True,0.416,False,False,Alsterdorf,alsterdorf,1.73,Feeder bus,14.2,3.6,33.1,0,50.9,0.0,12.79,26.2,149.65,46–60 min,24.7,1.94,False
SYN-00677,Schenefeld,Kr. Pinneberg,suburban,53.59635,9.84004,Production & Technical,True,Early (06:00),True,5,19.5,47,True,True,0.98,False,False,Elbgaustraße,elbgaustrasse,3.96,Feeder bus,20.9,6.0,69.7,1,96.6,0.0,22.85,28.5,267.39,> 60 min,68.1,3.39,False
SYN-00678,Hamburg-Eimsbüttel,Hamburg,urban_core,53.57098,9.9451,Lab & R&D,False,Day (08:00),False,5,19.5,40,True,True,0.679,True,False,Kellinghusenstraße,kellinghusenstrasse,4.55,Feeder bus,22.6,2.0,37.8,0,62.4,0.0,19.61,30.3,229.4,> 60 min,32.1,2.06,False
SYN-00679,Hamburg-Langenhorn,Hamburg,urban,53.6617,10.00383,Production & Technical,False,Day (08:00),False,5,19.5,47,True,True,1.233,False,False,Local bus stop,local_bus,0.4,Walk to bus stop,5.0,6.0,16.9,0,27.9,0.0,5.36,18.1,62.69,≤ 30 min,9.8,1.54,False
SYN-00680,Hamburg-Bramfeld/Farmsen,Hamburg,urban,53.60839,10.1148,Office & Commercial,False,Day (08:00),False,5,19.5,25,False,True,-1.045,False,False,Berne,berne,0.25,Walk,3.1,2.0,63.0,3,68.2,0.0,13.27,26.6,155.26,> 60 min,41.6,2.56,False
SYN-00681,Norderstedt,Kr. Segeberg,suburban,53.70992,10.03218,Production & Technical,True,Late (14:00),True,5,19.5,33,True,True,-0.383,False,False,Local bus stop,local_bus,0.4,Walk to bus stop,5.0,6.0,11.6,0,22.6,0.0,3.67,10.9,42.97,≤ 30 min,11.7,2.07,True
SYN-00682,Hamburg-Niendorf,Hamburg,urban,53.6319,9.96744,Production & Technical,True,Night (22:00),True,5,19.5,43,False,False,0.844,True,False,Fuhlsbüttel,fuhlsbuettel,4.94,Feeder bus,23.8,3.6,26.5,0,53.9,0.0,10.85,24.6,126.91,46–60 min,29.3,2.19,False
SYN-00683,Norderstedt,Kr. Segeberg,suburban,53.69516,9.96642,Office & Commercial,False,Day (08:00),False,3,11.7,20,False,True,0.61,False,False,Local bus stop,local_bus,0.4,Walk to bus stop,5.0,6.0,22.8,0,33.8,0.0,7.22,15.2,50.66,31–45 min,18.6,2.22,False
SYN-00684,Hamburg-Eppendorf,Hamburg,urban_core,53.59225,9.96572,Production & Technical,True,Late (14:00),True,5,19.5,39,True,False,-0.461,True,False,Hudtwalckerstraße,hudtwalckerstrasse,2.44,Feeder bus,16.3,3.6,36.5,0,56.5,0.0,15.93,28.4,186.35,46–60 min,28.1,1.99,False
SYN-00685,Hamburg-Rahlstedt,Hamburg,suburban,53.606,10.13058,Lab & R&D,False,Day (08:00),False,3,11.7,38,True,True,0.901,False,False,Berne,berne,1.64,Feeder bus,13.9,2.0,63.0,3,79.0,0.0,14.27,22.1,100.21,> 60 min,56.9,3.57,False
SYN-00686,Hamburg-Bramfeld/Farmsen,Hamburg,urban,53.6054,10.10752,Production & Technical,False,Day (08:00),False,5,19.5,39,False,True,-0.331,False,False,Berne,berne,0.56,Walk,7.0,2.0,63.0,3,72.1,0.0,13.4,26.7,156.72,> 60 min,45.4,2.7,False
SYN-00687,Hamburg-Barmbek,Hamburg,urban_core,53.5866,10.04933,Lab & R&D,False,Day (08:00),False,4,15.6,36,False,True,-0.327,False,False,Barmbek,barmbek,0.56,Walk,7.0,2.0,40.5,1,49.5,0.0,15.07,27.8,141.02,46–60 min,21.7,1.78,False
SYN-00688,Großhansdorf,Kr. Stormarn,rural,53.65639,10.29834,Production & Technical,True,Night (22:00),True,5,19.5,31,True,True,0.37,False,False,Großhansdorf,grosshansdorf,0.85,Walk,10.6,3.6,89.1,2,103.3,0.0,22.87,28.5,267.56,> 60 min,74.8,3.62,False
SYN-00689,Hamburg-Bahrenfeld/Lurup,Hamburg,urban,53.55518,9.88989,Field & Sales,False,Day (08:00),False,2,7.8,22,False,True,0.49,True,True,Othmarschen,othmarschen,0.88,Walk,11.0,4.0,62.3,1,77.2,0.0,24.2,32.2,113.24,> 60 min,45.0,2.4,False
SYN-00690,Hamburg-St. Pauli/Neustadt,Hamburg,urban_core,53.55986,9.95762,Office & Commercial,False,Day (08:00),False,4,15.6,44,True,False,-0.206,False,False,Sternschanze,sternschanze,0.82,Walk,10.3,2.0,49.3,1,61.5,0.0,20.65,30.8,193.3,> 60 min,30.7,2.0,False
SYN-00691,Hamburg-Sasel/Wellingsbüttel,Hamburg,suburban,53.66757,10.09719,Production & Technical,True,Early (06:00),True,5,19.5,39,True,True,-0.607,False,False,Local bus stop,local_bus,0.4,Walk to bus stop,5.0,6.0,17.0,0,28.0,0.0,5.37,13.1,62.84,≤ 30 min,14.9,2.14,False
SYN-00692,Halstenbek/Rellingen,Kr. Pinneberg,suburban,53.64353,9.83671,Production & Technical,False,Day (08:00),False,5,19.5,27,True,True,-0.92,False,False,Thesdorf,thesdorf,1.13,Feeder bus,12.4,4.0,75.7,1,92.1,0.0,19.76,26.3,231.17,> 60 min,65.8,3.5,False
SYN-00693,Hamburg-Poppenbüttel,Hamburg,suburban,53.66567,10.06494,Production & Technical,True,Night (22:00),True,5,19.5,43,False,False,-0.512,False,False,Local bus stop,local_bus,0.4,Walk to bus stop,5.0,6.0,11.4,0,22.4,0.0,3.59,10.8,42.05,≤ 30 min,11.6,2.07,True
SYN-00694,Hamburg-Bramfeld/Farmsen,Hamburg,urban,53.6128,10.08893,Office & Commercial,False,Day (08:00),False,2,7.8,39,True,True,1.3,False,False,Kornweg,kornweg,4.56,Feeder bus,22.7,4.0,37.1,1,63.8,0.0,11.76,25.4,55.02,> 60 min,38.4,2.51,False
SYN-00695,Halstenbek/Rellingen,Kr. Pinneberg,suburban,53.62013,9.85367,Office & Commercial,False,Day (08:00),False,3,11.7,37,True,True,0.228,False,False,Krupunder,krupunder,0.83,Walk,10.4,4.0,70.8,1,85.1,0.0,19.87,26.4,139.46,> 60 min,58.7,3.22,False
SYN-00696,Hamburg-St. Pauli/Neustadt,Hamburg,urban_core,53.55742,9.9678,Production & Technical,True,Early (06:00),True,5,19.5,20,False,True,1.675,False,False,Feldstraße,feldstrasse,0.2,Walk,2.5,3.6,52.6,1,58.6,0.0,20.67,30.8,241.79,46–60 min,27.8,1.9,False
SYN-00697,Hamburg-Bahrenfeld/Lurup,Hamburg,urban,53.59074,9.91535,Office & Commercial,False,Day (08:00),False,3,11.7,50,False,True,0.533,False,False,Stellingen,stellingen,0.63,Walk,7.9,4.0,61.8,2,73.7,0.0,18.57,29.8,130.33,> 60 min,43.9,2.47,False
SYN-00698,Hamburg-Wandsbek,Hamburg,urban,53.567,10.0811,Office & Commercial,False,Day (08:00),False,2,7.8,28,False,True,-0.229,False,False,Barmbek,barmbek,4.34,Feeder bus,22.0,2.0,40.5,1,64.5,0.0,18.27,29.7,85.5,> 60 min,34.8,2.17,False
SYN-00699,Hamburg-Rahlstedt,Hamburg,suburban,53.60469,10.16579,Office & Commercial,False,Day (08:00),False,5,19.5,43,False,True,-1.766,False,False,Berne,berne,4.65,Feeder bus,23.0,2.0,63.0,3,88.0,0.0,16.29,23.7,190.58,> 60 min,64.3,3.71,False
SYN-00700,Hamburg-Volksdorf/Duvenstedt,Hamburg,suburban,53.65284,10.16871,Office & Commercial,False,Day (08:00),False,3,11.7,33,False,True,-0.877,False,False,Volksdorf,volksdorf,1.7,Feeder bus,14.1,2.0,67.0,2,83.1,0.0,12.02,20.1,84.39,> 60 min,63.0,4.13,False
SYN-00701,Hamburg-Poppenbüttel,Hamburg,suburban,53.67143,10.07763,Office & Commercial,False,Day (08:00),False,3,11.7,38,True,True,-0.705,False,False,Local bus stop,local_bus,0.4,Walk to bus stop,5.0,6.0,11.4,0,22.4,0.0,3.62,10.8,25.44,≤ 30 min,11.6,2.07,True
SYN-00702,Hamburg-Bramfeld/Farmsen,Hamburg,urban,53.61098,10.09462,Office & Commercial,False,Day (08:00),False,4,15.6,55,False,True,-0.815,False,False,Wandsbek-Gartenstadt,wandsbek_gartenstadt,3.75,Feeder bus,20.3,2.0,51.8,2,74.0,0.0,12.18,25.7,114.04,> 60 min,48.3,2.88,False
SYN-00703,Hamburg-Fuhlsbüttel,Hamburg,urban,53.64701,10.01771,Field & Sales,False,Day (08:00),False,2,7.8,48,False,True,1.031,False,True,Local bus stop,local_bus,0.4,Walk to bus stop,5.0,6.0,20.6,0,31.6,0.0,6.52,19.8,30.5,31–45 min,11.8,1.6,False
SYN-00704,Neumünster,Kr. Neumünster,suburban,54.0746,9.96695,Production & Technical,False,Day (08:00),False,5,19.5,54,False,True,0.671,True,False,Neumünster,neumuenster,1.28,Feeder bus,12.8,6.0,133.4,2,152.2,0.0,58.61,54.8,685.79,> 60 min,97.4,2.78,False
SYN-00705,Hamburg-Sasel/Wellingsbüttel,Hamburg,suburban,53.64893,10.08715,Production & Technical,False,Day (08:00),False,5,19.5,46,False,True,2.045,False,False,Local bus stop,local_bus,0.4,Walk to bus stop,5.0,6.0,21.3,0,32.3,0.0,6.76,14.7,79.09,31–45 min,17.6,2.2,False
SYN-00706,Hamburg-Altona/Ottensen,Hamburg,urban_core,53.54663,9.91197,Production & Technical,True,Early (06:00),True,5,19.5,46,True,False,-0.48,False,False,Altona,altona,2.15,Feeder bus,15.5,6.0,59.4,1,80.8,0.0,24.23,32.2,283.47,> 60 min,48.6,2.51,False
SYN-00707,Hamburg-Harburg,Hamburg,urban,53.45122,10.00626,Office & Commercial,False,Day (08:00),False,3,11.7,22,False,True,2.081,False,False,Harburg,harburg,1.55,Feeder bus,13.7,4.0,65.7,1,83.4,0.0,35.57,44.6,249.68,> 60 min,38.8,1.87,False
SYN-00708,Hamburg-Wilhelmsburg,Hamburg,urban,53.50135,10.00195,Production & Technical,True,Late (14:00),True,5,19.5,39,True,True,1.791,False,False,Wilhelmsburg,wilhelmsburg,1.0,Feeder bus,12.0,6.0,62.0,1,80.0,0.0,28.14,42.5,329.26,> 60 min,37.5,1.88,False
SYN-00709,Hamburg-Barmbek,Hamburg,urban_core,53.59061,10.0625,Lab & R&D,False,Day (08:00),False,5,19.5,40,False,False,0.151,False,False,Sengelmannstraße,sengelmannstrasse,4.44,Feeder bus,22.3,2.0,31.4,0,55.7,0.0,14.53,27.5,170.03,46–60 min,28.2,2.03,False
SYN-00710,Hamburg-Eimsbüttel,Hamburg,urban_core,53.59212,9.94518,Office & Commercial,False,Day (08:00),False,3,11.7,55,False,False,0.607,False,False,Hudtwalckerstraße,hudtwalckerstrasse,4.21,Feeder bus,21.6,2.0,36.5,0,60.2,0.0,16.85,28.9,118.27,> 60 min,31.3,2.08,False
SYN-00711,Buxtehude,Kr. Stade,suburban,53.4702,9.7033,Office & Commercial,False,Day (08:00),False,5,19.5,36,True,True,1.241,False,False,Buxtehude,buxtehude,0.27,Walk,3.4,6.0,96.4,2,105.8,0.0,44.65,52.2,522.43,> 60 min,53.6,2.03,False
SYN-00712,Hamburg-Billstedt/Horn,Hamburg,urban,53.54469,10.10596,Office & Commercial,False,Day (08:00),False,2,7.8,45,True,True,0.041,False,False,Billstedt,billstedt,0.78,Walk,9.8,2.0,63.7,1,75.4,0.0,22.0,31.4,102.98,> 60 min,44.0,2.4,False
SYN-00713,Hamburg-Bergedorf,Hamburg,suburban,53.48181,10.16821,Production & Technical,True,Early (06:00),True,5,19.5,44,False,True,-0.27,False,False,Nettelnburg,nettelnburg,1.77,Feeder bus,14.3,6.0,71.3,1,91.6,0.0,32.65,43.0,382.02,> 60 min,48.6,2.13,False
SYN-00714,Halstenbek/Rellingen,Kr. Pinneberg,suburban,53.62261,9.83131,Office & Commercial,False,Day (08:00),False,5,19.5,55,False,True,-0.944,False,False,Halstenbek,halstenbek,0.92,Walk,11.4,4.0,73.1,1,88.5,0.0,21.44,27.5,250.8,> 60 min,61.0,3.22,False
SYN-00715,Hamburg-Harburg,Hamburg,urban,53.45005,9.98528,Production & Technical,True,Late (14:00),True,5,19.5,41,True,False,-2.193,True,False,Harburg,harburg,0.99,Feeder bus,12.0,6.0,67.7,1,85.7,0.0,35.98,45.0,420.94,> 60 min,40.7,1.9,False
SYN-00716,Hamburg-Niendorf,Hamburg,urban,53.61401,9.93891,Office & Commercial,False,Day (08:00),False,5,19.5,51,False,False,0.07,False,False,Niendorf Markt,niendorf_markt,1.19,Feeder bus,12.6,2.0,50.7,0,65.2,0.0,14.54,27.5,170.11,> 60 min,37.7,2.37,False
SYN-00717,Hamburg-Altona/Ottensen,Hamburg,urban_core,53.55986,9.9507,Lab & R&D,False,Day (08:00),False,3,11.7,23,False,True,-0.043,True,False,Hallerstraße,hallerstrasse,3.84,Feeder bus,20.5,2.0,41.4,0,63.9,0.0,20.89,30.9,146.68,> 60 min,33.0,2.07,False
SYN-00718,Hamburg-Langenhorn,Hamburg,urban,53.66491,9.99512,Office & Commercial,False,Day (08:00),False,2,7.8,24,False,False,-0.625,False,False,Local bus stop,local_bus,0.4,Walk to bus stop,5.0,6.0,17.8,0,28.8,0.0,5.64,18.5,26.37,≤ 30 min,10.3,1.56,False
SYN-00719,Hamburg-Rahlstedt,Hamburg,suburban,53.60249,10.18755,Lab & R&D,False,Day (08:00),False,5,19.5,20,False,True,0.689,False,False,Farmsen,farmsen,7.26,Park+Ride,17.7,2.0,61.3,3,81.0,7.26,17.85,24.9,208.8,> 60 min,56.1,3.25,False
SYN-00720,Ahrensburg,Kr. Stormarn,suburban,53.66949,10.2703,Production & Technical,False,Day (08:00),False,5,19.5,51,False,False,-1.701,False,False,Ahrensburg (DB),ahrensburg,2.54,Feeder bus,16.6,6.0,67.2,2,89.8,0.0,20.08,26.6,234.92,> 60 min,63.2,3.38,False
SYN-00721,Hamburg-Uhlenhorst,Hamburg,urban_core,53.5743,10.03677,Lab & R&D,False,Day (08:00),False,5,19.5,49,False,False,1.039,False,False,Barmbek,barmbek,1.85,Feeder bus,14.6,2.0,40.5,1,57.1,0.0,16.93,28.9,198.11,46–60 min,28.2,1.98,False
SYN-00722,Hamburg-Barmbek,Hamburg,urban_core,53.58062,10.05297,Office & Commercial,False,Day (08:00),False,3,11.7,52,False,False,0.667,True,False,Friedrichsberg,friedrichsberg,0.55,Walk,6.9,4.0,42.0,1,53.0,0.0,15.97,28.4,112.13,46–60 min,24.6,1.87,False
SYN-00723,Norderstedt,Kr. Segeberg,suburban,53.69539,10.02701,Office & Commercial,False,Day (08:00),False,4,15.6,35,True,True,-0.384,False,False,Local bus stop,local_bus,0.4,Walk to bus stop,5.0,6.0,6.8,0,17.8,0.0,2.14,8.9,20.03,≤ 30 min,8.9,2.0,True
SYN-00724,Großhansdorf,Kr. Stormarn,rural,53.65425,10.29937,Production & Technical,False,Day (08:00),False,5,19.5,36,False,False,-0.263,False,False,Großhansdorf,grosshansdorf,1.17,Feeder bus,12.5,2.0,84.2,3,98.7,0.0,23.02,28.6,269.39,> 60 min,70.1,3.45,False
SYN-00725,Hamburg-Langenhorn,Hamburg,urban,53.67511,10.03137,Production & Technical,True,Early (06:00),True,5,19.5,41,False,True,-1.024,True,False,Local bus stop,local_bus,0.4,Walk to bus stop,5.0,6.0,7.0,0,18.0,0.0,2.22,11.1,26.03,≤ 30 min,6.9,1.62,True
SYN-00726,Norderstedt,Kr. Segeberg,suburban,53.70836,10.00567,Office & Commercial,False,Day (08:00),False,2,7.8,58,False,True,0.384,False,False,Local bus stop,local_bus,0.4,Walk to bus stop,5.0,6.0,15.3,0,26.3,0.0,4.84,12.5,22.66,≤ 30 min,13.8,2.1,True
SYN-00727,Hamburg-Poppenbüttel,Hamburg,suburban,53.64567,10.07987,Production & Technical,True,Early (06:00),True,5,19.5,61,False,True,-0.229,False,False,Local bus stop,local_bus,0.4,Walk to bus stop,5.0,6.0,21.7,0,32.7,0.0,6.87,14.8,80.43,31–45 min,17.9,2.21,False
SYN-00728,Norderstedt,Kr. Segeberg,suburban,53.72429,10.02744,Office & Commercial,False,Day (08:00),False,3,11.7,51,False,True,0.012,False,False,Local bus stop,local_bus,0.4,Walk to bus stop,5.0,6.0,18.5,0,29.5,0.0,5.85,13.7,41.09,≤ 30 min,15.8,2.15,False
SYN-00729,Hamburg-Eppendorf,Hamburg,urban_core,53.58931,9.98214,Lab & R&D,False,Day (08:00),False,4,15.6,46,True,True,0.785,False,False,Kellinghusenstraße,kellinghusenstrasse,0.78,Walk,9.7,2.0,37.8,0,49.5,0.0,15.73,28.2,147.27,46–60 min,21.3,1.76,False
SYN-00730,Hamburg-Uhlenhorst,Hamburg,urban_core,53.57726,10.0205,Lab & R&D,False,Day (08:00),False,5,19.5,57,False,False,-0.542,False,False,Alsterdorf,alsterdorf,3.87,Feeder bus,20.6,2.0,33.1,0,55.8,0.0,16.63,28.8,194.54,46–60 min,27.0,1.94,False
SYN-00731,Hamburg-Volksdorf/Duvenstedt,Hamburg,suburban,53.63191,10.17512,Production & Technical,True,Late (14:00),True,5,19.5,39,False,True,-1.569,False,False,Volksdorf,volksdorf,2.13,Feeder bus,15.4,3.6,73.0,2,92.0,0.0,14.12,21.9,165.19,> 60 min,70.1,4.2,False
SYN-00732,Norderstedt,Kr. Segeberg,suburban,53.72597,9.97084,Lab & R&D,False,Day (08:00),False,5,19.5,38,False,True,0.924,False,False,Norderstedt Mitte,norderstedt_mitte,3.3,Feeder bus,18.9,2.0,23.0,0,43.9,0.0,8.91,17.0,104.26,31–45 min,26.9,2.58,False
SYN-00733,Hamburg-Langenhorn,Hamburg,urban,53.68491,10.03348,Production & Technical,True,Night (22:00),True,5,19.5,41,False,True,0.855,True,False,Local bus stop,local_bus,0.4,Walk to bus stop,5.0,6.0,3.8,0,14.8,0.0,1.19,8.7,13.93,≤ 30 min,6.1,1.7,True
SYN-00734,Hamburg-Winterhude,Hamburg,urban_core,53.60903,10.01654,Office & Commercial,False,Day (08:00),False,2,7.8,31,False,False,-0.002,True,False,Sengelmannstraße,sengelmannstrasse,0.81,Walk,10.1,2.0,31.4,0,43.5,0.0,12.0,25.6,56.14,31–45 min,17.9,1.7,False
SYN-00735,Norderstedt,Kr. Segeberg,suburban,53.70125,9.95091,Lab & R&D,False,Day (08:00),False,3,11.7,40,True,False,0.342,False,False,Norderstedt Mitte,norderstedt_mitte,3.47,Feeder bus,19.4,2.0,23.0,0,44.4,0.0,8.76,16.9,61.47,31–45 min,27.5,2.63,False
SYN-00736,Hamburg-Stellingen/Eidelstedt,Hamburg,urban,53.6004,9.90032,Production & Technical,False,Day (08:00),False,5,19.5,30,True,True,1.608,False,False,Eidelstedt,eidelstedt,0.87,Walk,10.9,4.0,64.5,2,79.3,0.0,18.38,29.7,215.05,> 60 min,49.6,2.67,False
SYN-00737,Hamburg-Schnelsen,Hamburg,suburban,53.64183,9.90259,Production & Technical,True,Early (06:00),True,5,19.5,53,False,True,0.855,False,False,Schnelsen,schnelsen,1.72,Feeder bus,14.2,6.0,49.9,0,70.0,0.0,14.48,22.2,169.36,> 60 min,47.8,3.15,False
SYN-00738,Hamburg-Volksdorf/Duvenstedt,Hamburg,suburban,53.66831,10.17152,Production & Technical,False,Day (08:00),False,5,19.5,48,False,True,-0.765,False,False,Volksdorf,volksdorf,3.86,Feeder bus,20.6,2.0,67.0,2,89.6,0.0,11.47,19.5,134.2,> 60 min,70.1,4.59,False
SYN-00739,Hamburg-Winterhude,Hamburg,urban_core,53.59635,9.99669,Office & Commercial,False,Day (08:00),False,2,7.8,58,False,False,-1.405,False,False,Lattenkamp,lattenkamp,0.24,Walk,3.0,2.0,35.3,0,40.3,0.0,14.3,27.3,66.94,31–45 min,13.0,1.48,False
SYN-00740,Hamburg-Barmbek,Hamburg,urban_core,53.58262,10.04393,Office & Commercial,False,Day (08:00),False,4,15.6,24,False,False,-0.667,True,False,Barmbek,barmbek,0.58,Walk,7.3,2.0,40.5,1,49.8,0.0,15.66,28.2,146.61,46–60 min,21.6,1.77,False
SYN-00741,Norderstedt,Kr. Segeberg,suburban,53.70111,10.01872,Production & Technical,False,Day (08:00),False,5,19.5,63,False,True,-0.762,False,False,Local bus stop,local_bus,0.4,Walk to bus stop,5.0,6.0,10.3,0,21.3,0.0,3.25,10.3,38.05,≤ 30 min,11.0,2.07,True
SYN-00742,Hamburg-Langenhorn,Hamburg,urban,53.67763,10.03611,Production & Technical,True,Early (06:00),True,5,19.5,25,False,True,1.896,False,False,Local bus stop,local_bus,0.4,Walk to bus stop,5.0,6.0,5.3,0,16.3,0.0,1.67,9.9,19.57,≤ 30 min,6.4,1.65,True
SYN-00743,Ellerau,Kr. Segeberg,rural,53.75993,9.92071,Office & Commercial,False,Day (08:00),False,4,15.6,29,True,True,-0.812,False,False,Quickborn,quickborn,4.69,Feeder bus,23.1,6.0,42.8,0,71.9,0.0,15.64,23.2,146.41,> 60 min,48.7,3.1,False
SYN-00744,Norderstedt,Kr. Segeberg,suburban,53.71817,10.00369,Production & Technical,False,Day (08:00),False,5,19.5,35,False,True,-0.58,False,False,Local bus stop,local_bus,0.4,Walk to bus stop,5.0,6.0,19.0,0,30.0,0.0,6.03,13.9,70.57,31–45 min,16.1,2.16,False
SYN-00745,Hamburg-Rotherbaum,Hamburg,urban_core,53.57693,9.96919,Office & Commercial,False,Day (08:00),False,3,11.7,56,True,False,-0.5,True,False,Hoheluftbrücke,hoheluftbruecke,0.46,Walk,5.7,2.0,46.3,1,54.0,0.0,17.89,29.5,125.58,46–60 min,24.5,1.83,False
SYN-00746,Hamburg-Eimsbüttel,Hamburg,urban_core,53.56805,9.93486,Field & Sales,False,Day (08:00),False,3,11.7,44,True,True,-0.215,False,True,Hallerstraße,hallerstrasse,4.98,Feeder bus,23.9,2.0,41.4,0,67.3,0.0,20.43,30.7,143.39,> 60 min,36.6,2.19,False
SYN-00747,Hamburg-Bramfeld/Farmsen,Hamburg,urban,53.60917,10.07512,Office & Commercial,False,Day (08:00),False,5,19.5,39,True,False,0.189,False,False,Ohlsdorf,ohlsdorf,4.1,Feeder bus,21.3,2.0,29.4,0,52.6,0.0,11.95,25.6,139.84,46–60 min,27.0,2.05,False
SYN-00748,Hamburg-Barmbek,Hamburg,urban_core,53.58129,10.01449,Lab & R&D,False,Day (08:00),False,4,15.6,33,False,False,-0.78,False,False,Lattenkamp,lattenkamp,2.56,Feeder bus,16.7,2.0,35.3,0,53.9,0.0,16.11,28.5,150.83,46–60 min,25.4,1.89,False
SYN-00749,Hamburg-Wilhelmsburg,Hamburg,urban,53.50689,10.00608,Office & Commercial,False,Day (08:00),False,3,11.7,27,False,False,1.484,True,False,Wilhelmsburg,wilhelmsburg,0.83,Walk,10.4,4.0,60.0,1,74.4,0.0,27.27,42.2,191.42,> 60 min,32.2,1.76,False
SYN-00750,Kaltenkirchen,Kr. Segeberg,suburban,53.84498,9.98679,Lab & R&D,False,Day (08:00),False,3,11.7,54,True,True,-0.445,False,False,Kaltenkirchen,kaltenkirchen,2.5,Feeder bus,16.5,6.0,59.9,1,82.4,0.0,24.3,29.4,170.62,> 60 min,53.0,2.8,False
SYN-00751,Hamburg-Sasel/Wellingsbüttel,Hamburg,suburban,53.68191,10.11019,Production & Technical,True,Early (06:00),True,5,19.5,51,False,True,2.229,False,False,Local bus stop,local_bus,0.4,Walk to bus stop,5.0,6.0,18.1,0,29.1,0.0,5.72,13.5,66.92,≤ 30 min,15.6,2.16,False
SYN-00752,Hamburg-Bramfeld/Farmsen,Hamburg,urban,53.60823,10.08788,Production & Technical,True,Early (06:00),True,5,19.5,57,False,False,-1.274,False,False,Rübenkamp,ruebenkamp,4.48,Feeder bus,22.5,6.0,39.2,1,67.6,0.0,12.38,25.9,144.84,> 60 min,41.7,2.61,False
SYN-00753,Hamburg-Poppenbüttel,Hamburg,suburban,53.64652,10.10814,Office & Commercial,False,Day (08:00),False,5,19.5,46,False,True,1.423,False,False,Poppenbüttel,poppenbuettel,2.52,Feeder bus,16.5,4.0,40.2,0,60.8,0.0,8.18,16.3,95.75,> 60 min,44.5,3.73,False
SYN-00754,Hamburg-Eimsbüttel,Hamburg,urban_core,53.58935,9.97382,Production & Technical,True,Night (22:00),True,5,19.5,20,False,False,2.108,False,False,Hudtwalckerstraße,hudtwalckerstrasse,1.79,Feeder bus,14.4,3.6,36.5,0,54.5,0.0,16.01,28.4,187.35,46–60 min,26.1,1.92,False
SYN-00755,Hamburg-Billstedt/Horn,Hamburg,urban,53.55335,10.12312,Lab & R&D,False,Day (08:00),False,4,15.6,28,False,True,-0.028,False,False,Legienstraße,legienstrasse,3.41,Feeder bus,19.2,2.0,60.9,1,82.2,0.0,21.19,31.0,198.3,> 60 min,51.2,2.65,False
SYN-00756,Hamburg-Poppenbüttel,Hamburg,suburban,53.64743,10.11362,Office & Commercial,False,Day (08:00),False,4,15.6,47,False,True,-0.578,False,False,Poppenbüttel,poppenbuettel,2.84,Feeder bus,17.5,4.0,40.2,0,61.7,0.0,8.42,16.5,78.82,> 60 min,45.2,3.74,False
SYN-00757,Hamburg-Bramfeld/Farmsen,Hamburg,urban,53.62326,10.10055,Field & Sales,False,Day (08:00),False,2,7.8,38,False,True,-0.705,False,True,Kornweg,kornweg,4.66,Feeder bus,23.0,4.0,37.1,1,64.0,0.0,10.71,24.5,50.1,> 60 min,39.5,2.61,False
SYN-00758,Elmshorn,Kr. Pinneberg,suburban,53.75818,9.65727,Production & Technical,True,Night (22:00),True,5,19.5,36,False,True,-0.91,True,False,Elmshorn,elmshorn,0.8,Walk,10.0,6.0,85.1,1,101.1,0.0,36.18,36.2,423.31,> 60 min,64.9,2.79,False
SYN-00759,Norderstedt,Kr. Segeberg,suburban,53.73104,9.97035,Office & Commercial,False,Day (08:00),False,2,7.8,30,True,True,0.099,False,False,Norderstedt Mitte,norderstedt_mitte,3.97,Feeder bus,20.9,2.0,23.0,0,45.9,0.0,9.46,17.6,44.27,46–60 min,28.3,2.61,False
SYN-00760,Hamburg-Eppendorf,Hamburg,urban_core,53.58598,10.00145,Office & Commercial,False,Day (08:00),False,5,19.5,52,False,False,0.204,False,False,Hudtwalckerstraße,hudtwalckerstrasse,1.06,Feeder bus,12.2,2.0,36.5,0,50.7,0.0,15.68,28.2,183.42,46–60 min,22.5,1.8,False
SYN-00761,Hamburg-Stellingen/Eidelstedt,Hamburg,urban,53.614,9.90736,Production & Technical,False,Day (08:00),False,5,19.5,47,True,True,-1.536,False,False,Niendorf Markt,niendorf_markt,3.78,Feeder bus,20.3,2.0,50.7,0,73.0,0.0,16.52,28.7,193.32,> 60 min,44.3,2.54,False
SYN-00762,Hamburg-Fuhlsbüttel,Hamburg,urban,53.64349,10.01974,Office & Commercial,False,Day (08:00),False,2,7.8,48,False,True,2.344,False,False,Local bus stop,local_bus,0.4,Walk to bus stop,5.0,6.0,21.9,0,32.9,0.0,6.94,20.4,32.49,31–45 min,12.5,1.61,False
SYN-00763,Norderstedt,Kr. Segeberg,suburban,53.72086,10.02636,Office & Commercial,False,Day (08:00),False,4,15.6,35,True,True,-0.243,False,False,Local bus stop,local_bus,0.4,Walk to bus stop,5.0,6.0,17.0,0,28.0,0.0,5.39,13.1,50.48,≤ 30 min,14.9,2.14,False
SYN-00764,Hamburg-Langenhorn,Hamburg,urban,53.67046,10.0064,Field & Sales,False,Day (08:00),False,2,7.8,44,True,True,0.182,True,True,Local bus stop,local_bus,0.4,Walk to bus stop,5.0,6.0,13.7,0,24.7,0.0,4.33,16.0,20.29,≤ 30 min,8.7,1.54,True
SYN-00765,Wedel,Kr. Pinneberg,suburban,53.57004,9.68929,Office & Commercial,False,Day (08:00),False,2,7.8,27,False,True,-0.476,False,False,Wedel,wedel,2.23,Feeder bus,15.7,4.0,78.5,1,98.2,0.0,36.31,36.3,169.95,> 60 min,61.9,2.71,False
SYN-00766,Norderstedt,Kr. Segeberg,suburban,53.70286,9.98145,Production & Technical,True,Late (14:00),True,5,19.5,41,False,True,-0.35,True,False,Local bus stop,local_bus,0.4,Walk to bus stop,5.0,6.0,19.7,0,30.7,0.0,6.25,14.1,73.11,31–45 min,16.6,2.18,False
SYN-00767,Hamburg-Niendorf,Hamburg,urban,53.63389,9.96617,Office & Commercial,False,Day (08:00),False,3,11.7,20,True,True,0.159,True,False,Hamburg Airport,airport,2.62,Feeder bus,16.9,4.0,38.0,1,58.9,0.0,10.7,24.5,75.08,46–60 min,34.4,2.4,False
SYN-00768,Norderstedt,Kr. Segeberg,suburban,53.71691,10.04034,Office & Commercial,False,Day (08:00),False,4,15.6,25,False,True,0.18,True,False,Local bus stop,local_bus,0.4,Walk to bus stop,5.0,6.0,14.3,0,25.3,0.0,4.53,12.0,42.4,≤ 30 min,13.3,2.11,True
SYN-00769,Hamburg-Langenhorn,Hamburg,urban,53.68295,10.02765,Production & Technical,True,Late (14:00),True,5,19.5,38,False,True,0.202,False,False,Local bus stop,local_bus,0.4,Walk to bus stop,5.0,6.0,5.6,0,16.6,0.0,1.77,10.1,20.75,≤ 30 min,6.5,1.64,True
SYN-00770,Hamburg-Rahlstedt,Hamburg,suburban,53.59075,10.13658,Production & Technical,False,Day (08:00),False,5,19.5,64,False,True,0.338,False,False,Farmsen,farmsen,3.23,Feeder bus,18.7,2.0,61.3,3,82.0,0.0,16.52,23.9,193.29,> 60 min,58.1,3.43,False
SYN-00771,Hamburg-Poppenbüttel,Hamburg,suburban,53.668,10.08343,Production & Technical,True,Early (06:00),True,5,19.5,22,False,True,0.461,False,False,Local bus stop,local_bus,0.4,Walk to bus stop,5.0,6.0,13.7,0,24.7,0.0,4.35,11.8,50.9,≤ 30 min,12.9,2.09,True
SYN-00772,Hamburg-Wandsbek,Hamburg,urban,53.56584,10.04109,Production & Technical,True,Late (14:00),True,5,19.5,28,True,True,1.088,False,False,Landwehr,landwehr,0.5,Walk,6.2,6.0,47.1,1,59.3,0.0,18.19,29.6,212.78,46–60 min,29.7,2.0,False
SYN-00773,Hamburg-Wandsbek,Hamburg,urban,53.57087,10.04236,Office & Commercial,False,Day (08:00),False,3,11.7,44,True,True,0.107,True,False,Hasselbrook,hasselbrook,0.74,Walk,9.2,4.0,43.8,1,57.0,0.0,17.43,29.2,122.35,46–60 min,27.8,1.95,False
SYN-00774,Quickborn,Kr. Pinneberg,suburban,53.73986,9.90222,Production & Technical,False,Day (08:00),False,5,19.5,61,False,True,-0.185,False,False,Quickborn,quickborn,1.58,Feeder bus,13.7,6.0,42.8,0,62.5,0.0,15.07,22.7,176.35,> 60 min,39.8,2.75,False
SYN-00775,Norderstedt,Kr. Segeberg,suburban,53.70025,9.97503,Office & Commercial,False,Day (08:00),False,4,15.6,44,True,True,-0.375,False,False,Local bus stop,local_bus,0.4,Walk to bus stop,5.0,6.0,21.0,0,32.0,0.0,6.65,14.6,62.26,31–45 min,17.4,2.19,False
SYN-00776,Quickborn,Kr. Pinneberg,suburban,53.73715,9.90755,Production & Technical,True,Early (06:00),True,5,19.5,50,False,True,0.77,False,False,Quickborn,quickborn,1.22,Feeder bus,12.6,6.0,42.8,0,61.5,0.0,14.46,22.2,169.14,> 60 min,39.3,2.77,False
SYN-00777,Hamburg-Rahlstedt,Hamburg,suburban,53.61649,10.13358,Office & Commercial,False,Day (08:00),False,4,15.6,38,False,False,0.289,False,False,Meiendorfer Weg,meiendorfer_weg,1.43,Feeder bus,13.3,2.0,64.6,3,79.9,0.0,13.12,21.0,122.76,> 60 min,58.9,3.8,False
SYN-00778,Hamburg-Ohlsdorf,Hamburg,urban,53.61637,10.04658,Production & Technical,False,Day (08:00),False,5,19.5,36,False,False,0.092,False,False,Ohlsdorf,ohlsdorf,1.46,Feeder bus,13.4,2.0,29.4,0,44.7,0.0,10.6,24.4,123.97,31–45 min,20.3,1.83,False
SYN-00779,Hamburg-Wilhelmsburg,Hamburg,urban,53.52424,10.01089,Lab & R&D,False,Day (08:00),False,5,19.5,43,True,True,-0.055,False,False,Meßberg,messberg,3.53,Feeder bus,19.6,2.0,46.1,0,67.7,0.0,24.63,41.3,288.16,> 60 min,26.4,1.64,False
SYN-00780,Quickborn,Kr. Pinneberg,suburban,53.72067,9.90336,Production & Technical,False,Day (08:00),False,5,19.5,35,False,False,-0.093,False,False,Quickborn,quickborn,1.21,Feeder bus,12.6,6.0,42.8,0,61.4,0.0,13.68,21.5,160.09,> 60 min,39.9,2.86,False
SYN-00781,Hamburg-Sasel/Wellingsbüttel,Hamburg,suburban,53.67921,10.09645,Office & Commercial,False,Day (08:00),False,3,11.7,50,False,True,-0.203,False,False,Local bus stop,local_bus,0.4,Walk to bus stop,5.0,6.0,14.5,0,25.5,0.0,4.6,12.1,32.27,≤ 30 min,13.4,2.11,True
SYN-00782,Wedel,Kr. Pinneberg,suburban,53.58199,9.72329,Production & Technical,True,Early (06:00),True,5,19.5,24,True,True,0.144,False,False,Rissen,rissen,2.64,Feeder bus,16.9,6.0,76.8,1,99.7,0.0,32.79,34.1,383.69,> 60 min,65.6,2.92,False
SYN-00783,Hamburg-Eppendorf,Hamburg,urban_core,53.57758,9.98612,Production & Technical,True,Late (14:00),True,5,19.5,52,False,False,-0.376,True,False,Kellinghusenstraße,kellinghusenstrasse,1.44,Feeder bus,13.3,3.6,37.8,0,54.7,0.0,17.27,29.1,202.1,46–60 min,25.6,1.88,False
SYN-00784,Hamburg-Wandsbek,Hamburg,urban,53.57948,10.08452,Office & Commercial,False,Day (08:00),False,5,19.5,42,True,False,0.915,False,False,Barmbek,barmbek,3.73,Feeder bus,20.2,2.0,40.5,1,62.7,0.0,16.49,28.7,192.88,> 60 min,34.0,2.18,False
SYN-00785,Seevetal/Neu Wulmstorf,Kr. Harburg,rural,53.45982,9.91262,Lab & R&D,False,Day (08:00),False,5,19.5,40,True,True,0.561,False,False,Neuwiedenthal,neuwiedenthal,1.95,Feeder bus,14.8,4.0,73.6,1,92.5,0.0,36.12,45.1,422.62,> 60 min,47.4,2.05,False
SYN-00786,Hamburg-Bramfeld/Farmsen,Hamburg,urban,53.62664,10.10554,Lab & R&D,False,Day (08:00),False,5,19.5,24,False,True,2.234,True,False,Kornweg,kornweg,4.94,Feeder bus,23.8,4.0,37.1,1,64.9,0.0,10.47,24.3,122.5,> 60 min,40.6,2.67,False
SYN-00787,Hamburg-Bergedorf,Hamburg,suburban,53.48603,10.18724,Production & Technical,False,Day (08:00),False,5,19.5,31,False,True,-0.52,True,False,Nettelnburg,nettelnburg,0.97,Feeder bus,11.9,4.0,69.3,1,85.2,0.0,32.67,43.0,382.21,> 60 min,42.2,1.98,False
SYN-00788,Hamburg-Bramfeld/Farmsen,Hamburg,urban,53.62081,10.06909,Production & Technical,True,Late (14:00),True,5,19.5,55,False,True,0.6,False,False,Ohlsdorf,ohlsdorf,3.13,Feeder bus,18.4,3.6,29.4,0,51.3,0.0,10.13,23.9,118.54,46–60 min,27.4,2.15,False
SYN-00789,Hamburg-Harburg,Hamburg,urban,53.47664,10.01524,Office & Commercial,False,Day (08:00),False,4,15.6,40,False,False,-1.726,False,False,Wilhelmsburg,wilhelmsburg,3.81,Feeder bus,20.4,4.0,60.0,1,84.5,0.0,31.69,43.4,296.64,> 60 min,41.1,1.95,False
SYN-00790,Hamburg-Wandsbek,Hamburg,urban,53.57317,10.08254,Office & Commercial,False,Day (08:00),False,4,15.6,45,True,True,0.929,False,False,Barmbek,barmbek,3.92,Feeder bus,20.8,2.0,40.5,1,63.3,0.0,17.38,29.2,162.68,> 60 min,34.1,2.17,False
SYN-00791,Hamburg-Schnelsen,Hamburg,suburban,53.63681,9.92848,Production & Technical,True,Early (06:00),True,5,19.5,32,True,True,-1.39,False,False,Schnelsen,schnelsen,1.2,Feeder bus,12.6,6.0,49.9,0,68.5,0.0,12.91,20.9,151.06,> 60 min,47.6,3.28,False
SYN-00792,Hamburg-Barmbek,Hamburg,urban_core,53.59809,10.04376,Office & Commercial,False,Day (08:00),False,5,19.5,42,True,False,-0.634,False,False,Alte Wöhr,alte_woehr,0.49,Walk,6.1,4.0,38.9,1,49.0,0.0,13.34,26.6,156.1,46–60 min,22.4,1.84,False
SYN-00793,Hamburg-Bramfeld/Farmsen,Hamburg,urban,53.59912,10.0836,Office & Commercial,False,Day (08:00),False,2,7.8,27,False,True,0.732,True,False,Rübenkamp,ruebenkamp,4.23,Feeder bus,21.7,4.0,37.2,1,62.9,0.0,13.59,26.8,63.62,> 60 min,36.1,2.35,False
SYN-00794,Norderstedt,Kr. Segeberg,suburban,53.7034,9.98152,Office & Commercial,False,Day (08:00),False,5,19.5,43,False,True,-0.738,False,False,Local bus stop,local_bus,0.4,Walk to bus stop,5.0,6.0,19.8,0,30.8,0.0,6.27,14.2,73.41,31–45 min,16.6,2.17,False
SYN-00795,Norderstedt,Kr. Segeberg,suburban,53.69303,9.96566,Production & Technical,False,Day (08:00),False,5,19.5,46,False,True,-0.925,False,False,Local bus stop,local_bus,0.4,Walk to bus stop,5.0,6.0,22.9,0,33.9,0.0,7.24,15.2,84.67,31–45 min,18.7,2.23,False
SYN-00796,Hamburg-Bramfeld/Farmsen,Hamburg,urban,53.59691,10.10871,Production & Technical,False,Day (08:00),False,5,19.5,46,False,True,-0.401,False,False,Farmsen,farmsen,0.76,Walk,9.5,2.0,61.3,3,72.8,0.0,14.61,27.5,170.93,> 60 min,45.3,2.65,False
SYN-00797,Norderstedt,Kr. Segeberg,suburban,53.6902,9.98539,Production & Technical,False,Day (08:00),False,5,19.5,32,True,True,0.796,False,False,Local bus stop,local_bus,0.4,Walk to bus stop,5.0,6.0,17.2,0,28.2,0.0,5.45,13.2,63.73,≤ 30 min,15.0,2.14,False
SYN-00798,Hamburg-Ohlsdorf,Hamburg,urban,53.63148,10.03733,Office & Commercial,False,Day (08:00),False,3,11.7,38,False,False,-0.716,False,False,Fuhlsbüttel,fuhlsbuettel,1.18,Feeder bus,12.5,2.0,26.5,0,41.1,0.0,8.37,22.1,58.73,31–45 min,19.0,1.86,False
SYN-00799,Hamburg-Bahrenfeld/Lurup,Hamburg,urban,53.58668,9.92868,Production & Technical,False,Day (08:00),False,5,19.5,48,True,True,-0.004,False,False,Hoheluftbrücke,hoheluftbruecke,4.21,Feeder bus,21.6,2.0,46.3,1,69.9,0.0,18.34,29.7,214.58,> 60 min,40.2,2.35,False
SYN-00800,Hamburg-Stellingen/Eidelstedt,Hamburg,urban,53.61178,9.90093,Office & Commercial,False,Day (08:00),False,5,19.5,40,True,True,-0.195,False,False,Niendorf Markt,niendorf_markt,4.38,Feeder bus,22.2,2.0,50.7,0,74.8,0.0,17.17,29.1,200.92,> 60 min,45.7,2.57,False
SYN-00801,Hamburg-Bahrenfeld/Lurup,Hamburg,urban,53.57649,9.86537,Office & Commercial,False,Day (08:00),False,3,11.7,39,False,True,1.02,True,False,Othmarschen,othmarschen,2.92,Feeder bus,17.7,4.0,62.3,1,84.0,0.0,23.12,31.8,162.32,> 60 min,52.2,2.64,False
SYN-00802,Hamburg-Bramfeld/Farmsen,Hamburg,urban,53.62168,10.07962,Office & Commercial,False,Day (08:00),False,5,19.5,63,True,True,0.648,True,False,Klein Borstel,klein_borstel,4.41,Feeder bus,22.2,2.0,28.1,0,52.3,0.0,10.23,24.0,119.73,46–60 min,28.3,2.18,False
SYN-00803,Pinneberg,Kr. Pinneberg,suburban,53.67319,9.7858,Production & Technical,False,Day (08:00),False,5,19.5,32,True,True,-1.769,False,False,Pinneberg,pinneberg,2.54,Feeder bus,16.6,4.0,72.0,1,92.6,0.0,23.26,28.7,272.19,> 60 min,63.9,3.23,False
SYN-00804,Hamburg-Wandsbek,Hamburg,urban,53.56558,10.04834,Production & Technical,False,Day (08:00),False,5,19.5,54,False,True,0.995,False,False,Hasselbrook,hasselbrook,0.33,Walk,4.1,4.0,43.8,1,51.9,0.0,18.22,29.6,213.18,46–60 min,22.3,1.75,False
SYN-00805,Hamburg-Langenhorn,Hamburg,urban,53.67751,10.0135,Office & Commercial,False,Day (08:00),False,4,15.6,29,True,True,-0.244,False,False,Local bus stop,local_bus,0.4,Walk to bus stop,5.0,6.0,10.3,0,21.3,0.0,3.25,13.5,30.44,≤ 30 min,7.8,1.58,True
SYN-00806,Hamburg-Langenhorn,Hamburg,urban,53.65736,10.03226,Office & Commercial,False,Day (08:00),False,4,15.6,49,False,False,0.27,False,False,Local bus stop,local_bus,0.4,Walk to bus stop,5.0,6.0,14.6,0,25.6,0.0,4.62,16.7,43.22,≤ 30 min,8.9,1.53,True
SYN-00807,Hamburg-Billstedt/Horn,Hamburg,urban,53.5607,10.0906,Lab & R&D,False,Day (08:00),False,5,19.5,50,False,True,-0.922,False,False,Hasselbrook,hasselbrook,3.7,Feeder bus,20.1,4.0,43.8,1,67.9,0.0,19.36,30.2,226.47,> 60 min,37.7,2.25,False
SYN-00808,Hamburg-Ohlsdorf,Hamburg,urban,53.62968,10.03328,Production & Technical,False,Day (08:00),False,5,19.5,36,False,False,0.621,False,False,Klein Borstel,klein_borstel,0.51,Walk,6.4,2.0,28.1,0,36.5,0.0,8.68,22.5,101.51,31–45 min,14.0,1.62,False
SYN-00809,Hamburg-Rotherbaum,Hamburg,urban_core,53.57553,9.98988,Lab & R&D,False,Day (08:00),False,4,15.6,29,False,True,3.118,False,False,Klosterstern,klosterstern,0.79,Walk,9.9,2.0,39.5,0,51.3,0.0,17.47,29.2,163.49,46–60 min,22.1,1.76,False
SYN-00810,Seevetal/Neu Wulmstorf,Kr. Harburg,rural,53.45845,9.92115,Production & Technical,False,Day (08:00),False,5,19.5,20,False,True,0.194,False,False,Heimfeld,heimfeld,3.46,Feeder bus,19.4,4.0,68.9,1,92.3,0.0,36.07,45.1,422.05,> 60 min,47.2,2.05,False
SYN-00811,Norderstedt,Kr. Segeberg,suburban,53.70192,10.00428,Production & Technical,True,Early (06:00),True,5,19.5,35,True,True,-0.443,False,False,Local bus stop,local_bus,0.4,Walk to bus stop,5.0,6.0,13.8,0,24.8,0.0,4.37,11.8,51.1,≤ 30 min,13.0,2.1,True
SYN-00812,Norderstedt,Kr. Segeberg,suburban,53.70093,9.96789,Production & Technical,False,Day (08:00),False,5,19.5,48,False,True,-0.432,False,False,Local bus stop,local_bus,0.4,Walk to bus stop,5.0,6.0,23.0,0,34.0,0.0,7.29,15.3,85.27,31–45 min,18.7,2.22,False
SYN-00813,Buxtehude,Kr. Stade,suburban,53.4725,9.68938,Office & Commercial,False,Day (08:00),False,4,15.6,30,True,True,-1.369,False,False,Buxtehude,buxtehude,0.97,Feeder bus,11.9,6.0,96.4,2,114.3,0.0,45.26,52.7,423.67,> 60 min,61.6,2.17,False
SYN-00814,Hamburg-Wandsbek,Hamburg,urban,53.56393,10.05813,Production & Technical,False,Day (08:00),False,5,19.5,43,True,False,1.582,False,False,Hasselbrook,hasselbrook,0.95,Feeder bus,11.8,4.0,43.8,1,59.7,0.0,18.5,29.8,216.41,46–60 min,29.9,2.0,False
SYN-00815,Hamburg-Langenhorn,Hamburg,urban,53.67901,10.03353,Production & Technical,False,Day (08:00),False,5,19.5,26,False,True,0.73,False,False,Local bus stop,local_bus,0.4,Walk to bus stop,5.0,6.0,5.2,0,16.2,0.0,1.65,9.8,19.35,≤ 30 min,6.4,1.65,True
SYN-00816,Halstenbek/Rellingen,Kr. Pinneberg,suburban,53.62983,9.82811,Office & Commercial,False,Day (08:00),False,2,7.8,39,False,False,-1.099,False,False,Halstenbek,halstenbek,1.02,Feeder bus,12.1,4.0,73.1,1,89.1,0.0,21.23,27.4,99.35,> 60 min,61.7,3.25,False
SYN-00817,Pinneberg,Kr. Pinneberg,suburban,53.65219,9.81328,Office & Commercial,False,Day (08:00),False,4,15.6,29,False,False,-0.9,False,False,Pinneberg,pinneberg,1.37,Feeder bus,13.1,4.0,72.0,1,89.1,0.0,21.38,27.5,200.12,> 60 min,61.6,3.24,False
SYN-00818,Hamburg-St. Pauli/Neustadt,Hamburg,urban_core,53.5544,9.96533,Production & Technical,False,Day (08:00),False,5,19.5,41,True,True,0.382,False,False,Feldstraße,feldstrasse,0.55,Walk,6.9,2.0,50.6,1,59.4,0.0,21.17,31.0,247.66,46–60 min,28.4,1.92,False
SYN-00819,Hamburg-Rahlstedt,Hamburg,suburban,53.60123,10.18762,Production & Technical,False,Day (08:00),False,5,19.5,36,False,True,0.932,False,False,Farmsen,farmsen,7.26,Park+Ride,17.7,2.0,61.3,3,81.0,7.26,17.99,25.0,210.43,> 60 min,56.0,3.24,False
SYN-00820,Hamburg-Sasel/Wellingsbüttel,Hamburg,suburban,53.65334,10.13026,Office & Commercial,False,Day (08:00),False,4,15.6,29,False,True,-1.034,False,False,Poppenbüttel,poppenbuettel,3.94,Feeder bus,20.8,4.0,40.2,0,65.0,0.0,9.0,17.1,84.27,> 60 min,47.9,3.8,False
SYN-00821,Norderstedt,Kr. Segeberg,suburban,53.70215,10.03737,Production & Technical,True,Late (14:00),True,5,19.5,35,False,True,1.13,False,False,Local bus stop,local_bus,0.4,Walk to bus stop,5.0,6.0,7.6,0,18.6,0.0,2.42,9.2,28.3,≤ 30 min,9.4,2.02,True
SYN-00822,Hamburg-Wandsbek,Hamburg,urban,53.57747,10.05985,Production & Technical,True,Night (22:00),True,5,19.5,32,True,False,0.225,True,False,Barmbek,barmbek,1.97,Feeder bus,14.9,3.6,42.5,1,61.0,0.0,16.48,28.7,192.79,> 60 min,32.3,2.13,False
SYN-00823,Hamburg-Volksdorf/Duvenstedt,Hamburg,suburban,53.65018,10.15503,Office & Commercial,False,Day (08:00),False,5,19.5,28,False,True,-0.797,False,False,Volksdorf,volksdorf,1.1,Feeder bus,12.3,2.0,67.0,2,81.3,0.0,11.13,19.2,130.17,> 60 min,62.1,4.23,False
SYN-00824,Hamburg-Billstedt/Horn,Hamburg,urban,53.54125,10.07226,Production & Technical,False,Day (08:00),False,5,19.5,54,False,True,-0.518,False,False,Hasselbrook,hasselbrook,4.32,Feeder bus,22.0,4.0,43.8,1,69.8,0.0,21.99,31.3,257.31,> 60 min,38.5,2.23,False
SYN-00825,Henstedt-Ulzburg,Kr. Segeberg,suburban,53.79975,9.99969,Office & Commercial,False,Day (08:00),False,2,7.8,38,False,True,1.715,False,False,Ulzburg Süd,ulzburg_sued,3.63,Feeder bus,19.9,6.0,36.8,0,62.7,0.0,17.43,24.6,81.59,> 60 min,38.1,2.55,False
SYN-00826,Norderstedt,Kr. Segeberg,suburban,53.71302,9.96383,Production & Technical,False,Day (08:00),False,5,19.5,20,True,True,-1.122,False,False,Norderstedt Mitte,norderstedt_mitte,2.48,Feeder bus,16.4,2.0,23.0,0,41.4,0.0,8.32,16.4,97.32,31–45 min,25.0,2.52,False
SYN-00827,Hamburg-Wandsbek,Hamburg,urban,53.56714,10.04312,Production & Technical,False,Day (08:00),False,5,19.5,35,True,True,-0.465,False,False,Hasselbrook,hasselbrook,0.53,Walk,6.6,4.0,43.8,1,54.4,0.0,17.99,29.5,210.46,46–60 min,24.9,1.84,False
SYN-00828,Hamburg-Poppenbüttel,Hamburg,suburban,53.66113,10.10428,Production & Technical,False,Day (08:00),False,5,19.5,52,False,True,0.686,False,False,Local bus stop,local_bus,0.4,Walk to bus stop,5.0,6.0,20.3,0,31.3,0.0,6.44,14.3,75.37,31–45 min,17.0,2.19,False
SYN-00829,Bad Segeberg,Kr. Segeberg,rural,53.92718,10.29318,Production & Technical,True,Late (14:00),True,5,19.5,34,False,True,0.05,False,False,Bad Segeberg (Bus),bad_segeberg,1.89,Feeder bus,14.7,6.0,119.2,2,139.9,0.0,42.18,41.1,493.47,> 60 min,98.8,3.4,False
SYN-00830,Hamburg-Sasel/Wellingsbüttel,Hamburg,suburban,53.64279,10.11302,Production & Technical,True,Late (14:00),True,5,19.5,58,False,True,-1.158,True,False,Poppenbüttel,poppenbuettel,3.18,Feeder bus,18.5,6.0,40.2,0,64.8,0.0,8.89,17.0,104.02,> 60 min,47.8,3.81,False
SYN-00831,Hamburg-Rahlstedt,Hamburg,suburban,53.60155,10.15733,Production & Technical,True,Early (06:00),True,5,19.5,33,False,True,1.015,False,False,Berne,berne,4.02,Feeder bus,21.1,3.6,68.0,2,92.6,0.0,16.18,23.6,189.3,> 60 min,69.0,3.92,False
SYN-00832,Hamburg-Altona/Ottensen,Hamburg,urban_core,53.56183,9.94406,Lab & R&D,False,Day (08:00),False,5,19.5,48,True,False,1.262,False,False,Hallerstraße,hallerstrasse,4.3,Feeder bus,21.9,2.0,41.4,0,65.3,0.0,20.88,30.9,244.25,> 60 min,34.4,2.11,False
SYN-00833,Hamburg-Winterhude,Hamburg,urban_core,53.58557,10.00816,Lab & R&D,False,Day (08:00),False,5,19.5,53,False,True,0.498,True,False,Lattenkamp,lattenkamp,1.76,Feeder bus,14.3,2.0,35.3,0,51.5,0.0,15.6,28.1,182.46,46–60 min,23.4,1.83,False
SYN-00834,Hamburg-Billstedt/Horn,Hamburg,urban,53.5568,10.10441,Production & Technical,True,Night (22:00),True,5,19.5,47,False,True,-0.546,False,False,Hasselbrook,hasselbrook,5.0,Feeder bus,24.0,6.0,45.8,1,75.8,0.0,20.21,30.6,236.44,> 60 min,45.2,2.48,False
SYN-00835,Hamburg-Bahrenfeld/Lurup,Hamburg,urban,53.57865,9.91028,Office & Commercial,False,Day (08:00),False,2,7.8,27,False,True,-0.058,False,False,Langenfelde,langenfelde,0.63,Walk,7.9,4.0,60.0,2,72.0,0.0,20.28,30.6,94.9,> 60 min,41.4,2.35,False
SYN-00836,Hamburg-Wandsbek,Hamburg,urban,53.58676,10.09179,Office & Commercial,False,Day (08:00),False,5,19.5,32,True,False,0.601,False,False,Barmbek,barmbek,4.2,Feeder bus,21.6,2.0,40.5,1,64.1,0.0,15.57,28.1,182.2,> 60 min,36.0,2.28,False
SYN-00837,Hamburg-Blankenese/Osdorf,Hamburg,suburban,53.60426,9.78538,Lab & R&D,False,Day (08:00),False,4,15.6,55,False,True,-1.629,False,False,Iserbrook,iserbrook,4.33,Feeder bus,22.0,4.0,71.1,1,97.1,0.0,26.34,30.6,246.51,> 60 min,66.5,3.17,False
SYN-00838,Reinbek/Glinde,Kr. Stormarn,suburban,53.52427,10.2355,Production & Technical,False,Day (08:00),False,5,19.5,33,True,True,1.378,False,False,Reinbek,reinbek,2.22,Feeder bus,15.7,6.0,75.6,1,97.2,0.0,29.66,41.5,347.08,> 60 min,55.7,2.34,False
SYN-00839,Hamburg-Barmbek,Hamburg,urban_core,53.5773,10.05667,Production & Technical,True,Night (22:00),True,5,19.5,53,False,False,1.867,False,False,Friedrichsberg,friedrichsberg,0.81,Walk,10.1,6.0,44.0,1,60.2,0.0,16.49,28.7,192.88,> 60 min,31.5,2.1,False
SYN-00840,Hamburg-Uhlenhorst,Hamburg,urban_core,53.56553,10.04045,Production & Technical,False,Day (08:00),False,5,19.5,37,False,False,0.197,True,False,Landwehr,landwehr,0.48,Walk,6.0,4.0,45.1,1,55.1,0.0,18.23,29.6,213.35,46–60 min,25.5,1.86,False
SYN-00841,Norderstedt,Kr. Segeberg,suburban,53.71947,9.97809,Production & Technical,True,Late (14:00),True,5,19.5,44,True,True,0.223,True,False,Local bus stop,local_bus,0.4,Walk to bus stop,5.0,6.0,24.6,0,35.6,0.0,7.79,15.8,91.15,31–45 min,19.8,2.25,False
SYN-00842,Hamburg-Harburg,Hamburg,urban,53.43793,9.96452,Production & Technical,False,Day (08:00),False,5,19.5,27,True,True,1.586,False,False,Harburg,harburg,3.45,Feeder bus,19.3,4.0,65.7,1,89.1,0.0,38.09,46.7,445.63,> 60 min,42.4,1.91,False
SYN-00843,Hamburg-Uhlenhorst,Hamburg,urban_core,53.57811,10.01739,Lab & R&D,False,Day (08:00),False,3,11.7,35,False,True,2.422,False,False,Alsterdorf,alsterdorf,3.73,Feeder bus,20.2,2.0,33.1,0,55.3,0.0,16.54,28.7,116.12,46–60 min,26.6,1.93,False
SYN-00844,Hamburg-Barmbek,Hamburg,urban_core,53.58019,10.06497,Lab & R&D,False,Day (08:00),False,4,15.6,32,True,True,2.074,False,False,Barmbek,barmbek,2.12,Feeder bus,15.3,2.0,40.5,1,57.9,0.0,16.11,28.5,150.8,46–60 min,29.4,2.03,False
SYN-00845,Hamburg-Langenhorn,Hamburg,urban,53.68536,10.03784,Production & Technical,False,Day (08:00),False,5,19.5,44,True,True,-1.619,False,False,Local bus stop,local_bus,0.4,Walk to bus stop,5.0,6.0,2.5,0,13.5,0.0,0.8,7.8,9.35,≤ 30 min,5.7,1.73,True
SYN-00846,Pinneberg,Kr. Pinneberg,suburban,53.65453,9.79844,Office & Commercial,False,Day (08:00),False,2,7.8,43,False,True,-0.432,False,False,Pinneberg,pinneberg,0.53,Walk,6.7,4.0,72.0,1,82.7,0.0,22.58,28.3,105.69,> 60 min,54.4,2.92,False
SYN-00847,Hamburg-Winterhude,Hamburg,urban_core,53.58891,10.025,Production & Technical,False,Day (08:00),False,5,19.5,47,True,True,0.767,False,False,Alsterdorf,alsterdorf,2.3,Feeder bus,15.9,2.0,33.1,0,51.0,0.0,14.84,27.7,173.63,46–60 min,23.3,1.84,False
SYN-00848,Hamburg-Billstedt/Horn,Hamburg,urban,53.55032,10.06352,Office & Commercial,False,Day (08:00),False,5,19.5,37,False,True,-0.261,True,False,Hasselbrook,hasselbrook,2.81,Feeder bus,17.4,4.0,43.8,1,65.2,0.0,20.57,30.7,240.63,> 60 min,34.5,2.12,False
SYN-00849,Hamburg-Fuhlsbüttel,Hamburg,urban,53.63875,10.01702,Office & Commercial,False,Day (08:00),False,3,11.7,32,True,True,2.099,False,False,Local bus stop,local_bus,0.4,Walk to bus stop,5.0,6.0,24.3,0,35.3,0.0,7.69,21.3,54.01,31–45 min,14.0,1.66,False
SYN-00850,Bargteheide,Kr. Stormarn,rural,53.7203,10.26726,Production & Technical,True,Night (22:00),True,5,19.5,44,True,True,1.296,False,False,Bargteheide,bargteheide,1.13,Feeder bus,12.4,6.0,79.9,2,98.3,0.0,20.25,26.7,236.96,> 60 min,71.6,3.68,False
SYN-00851,Hamburg-Niendorf,Hamburg,urban,53.63932,9.94407,Lab & R&D,False,Day (08:00),False,4,15.6,31,False,True,-0.483,False,False,Hamburg Airport,airport,4.58,Feeder bus,22.7,4.0,38.0,1,64.8,0.0,11.58,25.2,108.35,> 60 min,39.6,2.57,False
SYN-00852,Hamburg-Niendorf,Hamburg,urban,53.61762,9.94861,Field & Sales,False,Day (08:00),False,3,11.7,54,False,True,-0.212,False,True,Niendorf Markt,niendorf_markt,0.21,Walk,2.7,2.0,50.7,0,55.3,0.0,13.57,26.8,95.24,46–60 min,28.5,2.06,False
SYN-00853,Quickborn,Kr. Pinneberg,suburban,53.72742,9.92425,Office & Commercial,False,Day (08:00),False,5,19.5,41,False,True,-0.833,True,False,Quickborn,quickborn,1.75,Feeder bus,14.2,6.0,42.8,0,63.1,0.0,12.44,20.4,145.54,> 60 min,42.7,3.09,False
SYN-00854,Schenefeld,Kr. Pinneberg,suburban,53.58766,9.83144,Office & Commercial,False,Day (08:00),False,4,15.6,38,False,True,-0.228,False,False,Klein Flottbek,klein_flottbek,4.12,Feeder bus,21.4,4.0,64.6,1,89.9,0.0,24.25,29.3,227.02,> 60 min,60.6,3.07,False
SYN-00855,Hamburg-Schnelsen,Hamburg,suburban,53.64495,9.92401,Office & Commercial,False,Day (08:00),False,5,19.5,47,False,True,-0.409,False,False,Schnelsen,schnelsen,1.86,Feeder bus,14.6,6.0,49.9,0,70.4,0.0,12.58,20.6,147.2,> 60 min,49.8,3.42,False
SYN-00856,Hamburg-Eimsbüttel,Hamburg,urban_core,53.58173,9.93721,Production & Technical,True,Early (06:00),True,5,19.5,41,True,True,1.321,False,False,Kellinghusenstraße,kellinghusenstrasse,4.64,Feeder bus,22.9,3.6,37.8,0,64.3,0.0,18.55,29.8,216.99,> 60 min,34.5,2.16,False
SYN-00857,Hamburg-Bahrenfeld/Lurup,Hamburg,urban,53.59285,9.92226,Production & Technical,False,Day (08:00),False,5,19.5,24,False,True,-0.438,False,False,Stellingen,stellingen,0.34,Walk,4.3,4.0,61.8,2,70.1,0.0,17.93,29.5,209.83,> 60 min,40.6,2.38,False
SYN-00858,Pinneberg,Kr. Pinneberg,suburban,53.65353,9.82008,Office & Commercial,False,Day (08:00),False,3,11.7,30,False,True,-2.517,False,False,Pinneberg,pinneberg,1.79,Feeder bus,14.4,4.0,72.0,1,90.4,0.0,20.74,27.0,145.63,> 60 min,63.4,3.35,False
SYN-00859,Hamburg-Winterhude,Hamburg,urban_core,53.58964,10.00607,Production & Technical,True,Early (06:00),True,5,19.5,54,False,True,-1.455,False,False,Lattenkamp,lattenkamp,1.15,Feeder bus,12.5,3.6,35.3,0,51.3,0.0,15.04,27.8,176.0,46–60 min,23.5,1.85,False
SYN-00860,Hamburg-Uhlenhorst,Hamburg,urban_core,53.57256,10.02619,Lab & R&D,False,Day (08:00),False,4,15.6,43,False,True,-0.695,True,False,Alsterdorf,alsterdorf,4.61,Feeder bus,22.8,2.0,33.1,0,58.0,0.0,17.27,29.1,161.61,46–60 min,28.9,1.99,False
SYN-00861,Hamburg-Bahrenfeld/Lurup,Hamburg,urban,53.59418,9.91758,Production & Technical,True,Early (06:00),True,5,19.5,24,False,True,-0.206,False,False,Niendorf Markt,niendorf_markt,4.5,Feeder bus,22.5,3.6,50.7,0,76.7,0.0,18.04,29.5,211.06,> 60 min,47.2,2.6,False
SYN-00862,Hamburg-Bahrenfeld/Lurup,Hamburg,urban,53.57115,9.88161,Production & Technical,True,Night (22:00),True,5,19.5,46,True,False,0.271,True,False,Othmarschen,othmarschen,1.79,Feeder bus,14.4,6.0,64.3,1,84.6,0.0,22.75,31.6,266.14,> 60 min,53.0,2.68,False
SYN-00863,Hamburg-Wilhelmsburg,Hamburg,urban,53.51935,10.02168,Production & Technical,True,Early (06:00),True,5,19.5,36,True,True,-0.83,False,False,Meßberg,messberg,4.51,Feeder bus,22.5,3.6,46.1,0,72.2,0.0,25.26,41.6,295.49,> 60 min,30.6,1.74,False
SYN-00864,Hamburg-Wandsbek,Hamburg,urban,53.56911,10.07144,Field & Sales,False,Day (08:00),False,2,7.8,32,False,True,-0.894,False,True,Barmbek,barmbek,3.53,Feeder bus,19.6,2.0,40.5,1,62.1,0.0,17.83,29.4,83.44,> 60 min,32.7,2.11,False
SYN-00865,Hamburg-Langenhorn,Hamburg,urban,53.66582,10.03475,Production & Technical,True,Late (14:00),True,5,19.5,29,False,True,-0.563,True,False,Local bus stop,local_bus,0.4,Walk to bus stop,5.0,6.0,10.5,0,21.5,0.0,3.34,13.7,39.05,≤ 30 min,7.8,1.57,True
SYN-00866,Halstenbek/Rellingen,Kr. Pinneberg,suburban,53.63238,9.87894,Production & Technical,False,Day (08:00),False,5,19.5,53,False,True,-1.399,True,False,Schnelsen,schnelsen,3.18,Feeder bus,18.5,6.0,49.9,0,74.4,0.0,17.0,24.3,198.92,> 60 min,50.1,3.06,False
SYN-00867,Tangstedt,Kr. Stormarn,rural,53.73097,10.10994,Production & Technical,True,Late (14:00),True,5,19.5,20,False,True,-0.488,False,False,Tangstedt (Bus),tangstedt,2.3,Feeder bus,15.9,6.0,34.3,0,56.2,0.0,8.69,16.8,101.67,46–60 min,39.4,3.35,False
SYN-00868,Hamburg-Harburg,Hamburg,urban,53.46224,9.93555,Office & Commercial,False,Day (08:00),False,3,11.7,33,False,False,-0.297,True,False,Heimfeld,heimfeld,2.26,Feeder bus,15.8,4.0,68.9,1,88.7,0.0,35.15,44.3,246.75,> 60 min,44.4,2.0,False
SYN-00869,Hamburg-Langenhorn,Hamburg,urban,53.68072,10.01337,Field & Sales,False,Day (08:00),False,2,7.8,43,True,True,0.822,False,True,Local bus stop,local_bus,0.4,Walk to bus stop,5.0,6.0,9.7,0,20.7,0.0,3.08,13.1,14.43,≤ 30 min,7.6,1.58,True
SYN-00870,Hamburg-Schnelsen,Hamburg,suburban,53.64312,9.9366,Production & Technical,False,Day (08:00),False,5,19.5,59,False,True,-1.373,False,False,Schnelsen,schnelsen,2.29,Feeder bus,15.9,6.0,49.9,0,71.7,0.0,11.78,19.8,137.79,> 60 min,51.9,3.62,False
SYN-00871,Hamburg-Bahrenfeld/Lurup,Hamburg,urban,53.59516,9.89121,Lab & R&D,False,Day (08:00),False,3,11.7,48,False,True,-0.308,False,False,Langenfelde,langenfelde,3.16,Feeder bus,18.5,4.0,60.0,2,82.5,0.0,19.51,30.3,136.96,> 60 min,52.2,2.72,False
SYN-00872,Norderstedt,Kr. Segeberg,suburban,53.68857,9.97506,Production & Technical,False,Day (08:00),False,5,19.5,33,False,False,-0.495,False,False,Local bus stop,local_bus,0.4,Walk to bus stop,5.0,6.0,20.0,0,31.0,0.0,6.35,14.2,74.27,31–45 min,16.8,2.18,False
SYN-00873,Reinbek/Glinde,Kr. Stormarn,suburban,53.51753,10.21448,Office & Commercial,False,Day (08:00),False,2,7.8,59,False,False,0.426,False,False,Bergedorf,bergedorf,4.16,Feeder bus,21.5,4.0,70.7,2,96.2,0.0,29.51,41.4,138.11,> 60 min,54.8,2.32,False
SYN-00874,Hamburg-Winterhude,Hamburg,urban_core,53.59127,9.9856,Production & Technical,True,Early (06:00),True,5,19.5,27,False,False,0.446,True,False,Hudtwalckerstraße,hudtwalckerstrasse,0.74,Walk,9.3,3.6,36.5,0,49.4,0.0,15.35,28.0,179.59,46–60 min,21.4,1.76,False
SYN-00875,Hamburg-Stellingen/Eidelstedt,Hamburg,urban,53.59681,9.89188,Office & Commercial,False,Day (08:00),False,5,19.5,45,False,True,1.151,False,False,Eidelstedt,eidelstedt,1.69,Feeder bus,14.1,4.0,64.5,2,82.5,0.0,19.29,30.2,225.73,> 60 min,52.3,2.73,False
SYN-00876,Pinneberg,Kr. Pinneberg,suburban,53.66356,9.7806,Office & Commercial,False,Day (08:00),False,3,11.7,47,False,True,-1.336,False,False,Pinneberg,pinneberg,1.89,Feeder bus,14.7,4.0,72.0,1,90.7,0.0,23.9,29.1,167.75,> 60 min,61.6,3.12,False
SYN-00877,Hamburg-Winterhude,Hamburg,urban_core,53.57911,10.01279,Office & Commercial,False,Day (08:00),False,2,7.8,32,False,True,0.467,False,False,Klosterstern,klosterstern,1.35,Feeder bus,13.0,2.0,39.5,0,54.5,0.0,16.46,28.7,77.05,46–60 min,25.8,1.9,False
SYN-00878,Hamburg-Bramfeld/Farmsen,Hamburg,urban,53.60165,10.08701,Production & Technical,False,Day (08:00),False,5,19.5,50,False,True,-0.559,True,False,Rübenkamp,ruebenkamp,4.45,Feeder bus,22.3,4.0,37.2,1,63.5,0.0,13.3,26.6,155.66,> 60 min,36.9,2.39,False
SYN-00879,Hamburg-Rahlstedt,Hamburg,suburban,53.59882,10.17581,Lab & R&D,False,Day (08:00),False,4,15.6,36,True,True,-1.226,False,False,Trabrennbahn,trabrennbahn,7.8,Park+Ride,18.4,2.0,59.3,3,79.6,7.8,17.54,24.7,164.16,> 60 min,54.9,3.22,False
SYN-00880,Hamburg-Wandsbek,Hamburg,urban,53.57775,10.0736,Field & Sales,False,Day (08:00),False,3,11.7,50,False,True,-0.051,False,True,Barmbek,barmbek,2.94,Feeder bus,17.8,2.0,40.5,1,60.3,0.0,16.57,28.7,116.32,> 60 min,31.6,2.1,False
SYN-00881,Hamburg-Barmbek,Hamburg,urban_core,53.57983,10.02534,Office & Commercial,False,Day (08:00),False,2,7.8,22,False,True,2.416,False,False,Alsterdorf,alsterdorf,3.57,Feeder bus,19.7,2.0,33.1,0,54.9,0.0,16.19,28.5,75.77,46–60 min,26.4,1.93,False
SYN-00882,Hamburg-Wandsbek,Hamburg,urban,53.58365,10.07312,Office & Commercial,False,Day (08:00),False,3,11.7,46,True,True,-0.77,False,False,Barmbek,barmbek,2.64,Feeder bus,16.9,2.0,40.5,1,59.4,0.0,15.69,28.2,110.13,46–60 min,31.2,2.11,False
SYN-00883,Elmshorn,Kr. Pinneberg,suburban,53.75039,9.68121,Office & Commercial,False,Day (08:00),False,2,7.8,37,False,True,-0.144,False,False,Sparrieshoop,sparrieshoop,2.27,Feeder bus,15.8,6.0,76.7,1,98.5,0.0,33.81,34.6,158.23,> 60 min,63.9,2.85,False
SYN-00884,Hamburg-Eppendorf,Hamburg,urban_core,53.59476,9.99039,Production & Technical,False,Day (08:00),False,5,19.5,55,False,True,-1.179,False,False,Hudtwalckerstraße,hudtwalckerstrasse,0.53,Walk,6.6,2.0,36.5,0,45.1,0.0,14.71,27.6,172.11,46–60 min,17.5,1.63,False
SYN-00885,Hamburg-Niendorf,Hamburg,urban,53.62591,9.97549,Lab & R&D,False,Day (08:00),False,4,15.6,42,False,True,-1.309,False,False,Fuhlsbüttel,fuhlsbuettel,4.42,Feeder bus,22.3,2.0,26.5,0,50.8,0.0,11.13,24.9,104.14,46–60 min,25.9,2.04,False
SYN-00886,Hamburg-Winterhude,Hamburg,urban_core,53.58966,9.9993,Production & Technical,True,Night (22:00),True,5,19.5,56,False,False,-0.671,False,False,Hudtwalckerstraße,hudtwalckerstrasse,0.54,Walk,6.8,3.6,36.5,0,46.9,0.0,15.19,27.9,177.78,46–60 min,19.0,1.68,False
SYN-00887,Hamburg-Winterhude,Hamburg,urban_core,53.58834,9.99827,Office & Commercial,False,Day (08:00),False,5,19.5,48,False,True,-0.2,True,False,Hudtwalckerstraße,hudtwalckerstrasse,0.62,Walk,7.8,2.0,36.5,0,46.3,0.0,15.41,28.0,180.31,46–60 min,18.3,1.65,False
SYN-00888,Hamburg-Langenhorn,Hamburg,urban,53.66267,10.02653,Production & Technical,True,Early (06:00),True,5,19.5,41,True,True,-0.239,False,False,Local bus stop,local_bus,0.4,Walk to bus stop,5.0,6.0,12.8,0,23.8,0.0,4.05,15.3,47.4,≤ 30 min,8.5,1.56,True
SYN-00889,Hamburg-Ohlsdorf,Hamburg,urban,53.63463,10.04032,Production & Technical,False,Day (08:00),False,5,19.5,51,False,True,-0.226,True,False,Local bus stop,local_bus,0.4,Walk to bus stop,5.0,6.0,24.9,0,35.9,0.0,7.87,21.5,92.11,31–45 min,14.4,1.67,False
SYN-00890,Hamburg-Billstedt/Horn,Hamburg,urban,53.53099,10.10049,Office & Commercial,False,Day (08:00),False,2,7.8,51,False,True,-1.648,False,False,Billstedt,billstedt,1.39,Feeder bus,13.2,2.0,63.7,1,78.8,0.0,23.9,32.1,111.86,> 60 min,46.7,2.45,False
SYN-00891,Hamburg-Bramfeld/Farmsen,Hamburg,urban,53.60285,10.10599,Office & Commercial,False,Day (08:00),False,3,11.7,47,False,True,-0.559,False,False,Farmsen,farmsen,0.38,Walk,4.8,2.0,61.3,3,68.1,0.0,13.69,26.9,96.12,> 60 min,41.2,2.53,False
SYN-00892,Ahrensburg,Kr. Stormarn,suburban,53.66894,10.21348,Lab & R&D,False,Day (08:00),False,5,19.5,20,False,True,0.768,False,False,Ahrensburg (DB),ahrensburg,2.4,Feeder bus,16.2,6.0,67.2,2,89.4,0.0,15.1,22.7,176.65,> 60 min,66.7,3.94,False
SYN-00893,Hamburg-Poppenbüttel,Hamburg,suburban,53.64386,10.07299,Field & Sales,False,Day (08:00),False,3,11.7,31,True,True,-1.275,False,True,Local bus stop,local_bus,0.4,Walk to bus stop,5.0,6.0,21.7,0,32.7,0.0,6.89,14.8,48.35,31–45 min,17.9,2.21,False
SYN-00894,Hamburg-Langenhorn,Hamburg,urban,53.6637,10.01874,Production & Technical,False,Day (08:00),False,5,19.5,57,False,True,-0.455,True,False,Local bus stop,local_bus,0.4,Walk to bus stop,5.0,6.0,13.5,0,24.5,0.0,4.27,15.9,49.97,≤ 30 min,8.6,1.54,True
SYN-00895,Hamburg-Blankenese/Osdorf,Hamburg,suburban,53.54527,9.8041,Production & Technical,False,Day (08:00),False,5,19.5,28,True,False,0.426,False,False,Blankenese,blankenese,2.35,Feeder bus,16.0,4.0,68.6,1,88.6,0.0,30.3,32.8,354.48,> 60 min,55.8,2.7,False
SYN-00896,Pinneberg,Kr. Pinneberg,suburban,53.66828,9.79687,Production & Technical,True,Early (06:00),True,5,19.5,52,False,True,-1.049,False,False,Pinneberg,pinneberg,1.52,Feeder bus,13.6,6.0,74.0,1,93.6,0.0,22.37,28.1,261.67,> 60 min,65.5,3.33,False
SYN-00897,Hamburg-Sasel/Wellingsbüttel,Hamburg,suburban,53.66018,10.10252,Office & Commercial,False,Day (08:00),False,2,7.8,50,True,True,0.108,False,False,Local bus stop,local_bus,0.4,Walk to bus stop,5.0,6.0,20.2,0,31.2,0.0,6.41,14.3,29.98,31–45 min,16.9,2.18,False
SYN-00898,Hamburg-Niendorf,Hamburg,urban,53.6061,9.95044,Office & Commercial,False,Day (08:00),False,3,11.7,34,True,False,-1.238,True,False,Lattenkamp,lattenkamp,4.43,Feeder bus,22.3,2.0,35.3,0,59.5,0.0,14.84,27.7,104.18,46–60 min,31.8,2.15,False
SYN-00899,Hamburg-Niendorf,Hamburg,urban,53.6131,9.95153,Lab & R&D,False,Day (08:00),False,5,19.5,20,False,True,1.405,False,False,Lattenkamp,lattenkamp,4.76,Feeder bus,23.3,2.0,35.3,0,60.5,0.0,13.93,27.1,163.04,> 60 min,33.4,2.23,False
SYN-00900,Hamburg-Uhlenhorst,Hamburg,urban_core,53.57562,10.02659,Office & Commercial,False,Day (08:00),False,5,19.5,36,False,False,0.816,False,False,Hamburger Straße,hamburger_strasse,0.24,Walk,3.1,2.0,51.3,2,56.4,0.0,16.81,28.9,196.62,46–60 min,27.5,1.95,False
SYN-00901,Hamburg-Eppendorf,Hamburg,urban_core,53.6009,9.97807,Production & Technical,False,Day (08:00),False,5,19.5,64,False,False,0.039,True,False,Lattenkamp,lattenkamp,1.94,Feeder bus,14.8,2.0,35.3,0,52.1,0.0,14.28,27.3,167.05,46–60 min,24.8,1.91,False
SYN-00902,Hamburg-Sasel/Wellingsbüttel,Hamburg,suburban,53.65658,10.12243,Office & Commercial,False,Day (08:00),False,2,7.8,33,False,True,1.175,False,False,Poppenbüttel,poppenbuettel,3.23,Feeder bus,18.7,4.0,40.2,0,62.9,0.0,8.15,16.2,38.16,> 60 min,46.7,3.88,False
SYN-00903,Norderstedt,Kr. Segeberg,suburban,53.70495,10.04268,Office & Commercial,False,Day (08:00),False,4,15.6,33,False,True,-0.279,False,False,Local bus stop,local_bus,0.4,Walk to bus stop,5.0,6.0,8.6,0,19.6,0.0,2.72,9.6,25.48,≤ 30 min,10.0,2.04,True
SYN-00904,Hamburg-Eimsbüttel,Hamburg,urban_core,53.59365,9.9549,Office & Commercial,False,Day (08:00),False,4,15.6,31,False,False,-0.085,False,False,Hudtwalckerstraße,hudtwalckerstrasse,3.38,Feeder bus,19.1,2.0,36.5,0,57.7,0.0,16.2,28.5,151.65,46–60 min,29.2,2.02,False
SYN-00905,Großhansdorf,Kr. Stormarn,rural,53.65995,10.27813,Production & Technical,True,Early (06:00),True,5,19.5,55,False,True,0.856,False,False,Kiekut,kiekut,0.6,Walk,7.5,3.6,87.3,2,98.4,0.0,21.0,27.2,245.7,> 60 min,71.2,3.62,False
SYN-00906,Hamburg-Rahlstedt,Hamburg,suburban,53.62527,10.16548,Production & Technical,True,Late (14:00),True,5,19.5,39,True,True,1.791,False,False,Volksdorf,volksdorf,2.61,Feeder bus,16.8,3.6,73.0,2,93.5,0.0,14.07,21.9,164.6,> 60 min,71.6,4.27,False
SYN-00907,Hamburg-Eimsbüttel,Hamburg,urban_core,53.59064,9.96372,Production & Technical,False,Day (08:00),False,5,19.5,35,True,False,-0.227,False,False,Hudtwalckerstraße,hudtwalckerstrasse,2.62,Feeder bus,16.9,2.0,36.5,0,55.4,0.0,16.22,28.5,189.81,46–60 min,26.9,1.94,False
SYN-00908,Hamburg-Langenhorn,Hamburg,urban,53.68967,10.02282,Production & Technical,False,Day (08:00),False,5,19.5,58,False,True,-0.23,True,False,Local bus stop,local_bus,0.4,Walk to bus stop,5.0,6.0,6.7,0,17.7,0.0,2.14,10.9,25.0,≤ 30 min,6.8,1.62,True
SYN-00909,Hamburg-Sasel/Wellingsbüttel,Hamburg,suburban,53.64936,10.09702,Office & Commercial,False,Day (08:00),False,3,11.7,48,True,True,0.845,False,False,Local bus stop,local_bus,0.4,Walk to bus stop,5.0,6.0,22.8,0,33.8,0.0,7.22,15.2,50.67,31–45 min,18.6,2.22,False
SYN-00910,Hamburg-Volksdorf/Duvenstedt,Hamburg,suburban,53.65914,10.16744,Production & Technical,False,Day (08:00),False,5,19.5,32,False,True,-0.011,False,False,Volksdorf,volksdorf,2.49,Feeder bus,16.5,2.0,67.0,2,85.5,0.0,11.54,19.6,135.06,> 60 min,65.9,4.36,False
SYN-00911,Hamburg-Blankenese/Osdorf,Hamburg,suburban,53.5957,9.78449,Office & Commercial,False,Day (08:00),False,3,11.7,29,False,True,0.711,False,False,Iserbrook,iserbrook,3.11,Feeder bus,18.3,4.0,71.1,1,93.5,0.0,27.04,31.0,189.8,> 60 min,62.5,3.02,False
SYN-00912,Neumünster,Kr. Neumünster,suburban,54.08913,9.97121,Office & Commercial,False,Day (08:00),False,2,7.8,55,False,True,0.464,False,False,Neumünster,neumuenster,2.37,Feeder bus,16.1,6.0,133.4,2,155.5,0.0,60.74,56.6,284.25,> 60 min,98.9,2.75,False
SYN-00913,Halstenbek/Rellingen,Kr. Pinneberg,suburban,53.62274,9.84635,Lab & R&D,False,Day (08:00),False,4,15.6,42,False,True,-0.662,False,False,Halstenbek,halstenbek,0.88,Walk,11.0,4.0,73.1,1,88.1,0.0,20.24,26.7,189.46,> 60 min,61.4,3.3,False
SYN-00914,Seevetal/Neu Wulmstorf,Kr. Harburg,rural,53.42432,9.8763,Production & Technical,False,Day (08:00),False,5,19.5,25,False,True,0.403,False,False,Neuwiedenthal,neuwiedenthal,6.75,Park+Ride,17.1,4.0,73.6,1,94.7,6.75,42.24,50.2,494.24,> 60 min,44.5,1.89,False
SYN-00915,Reinbek/Glinde,Kr. Stormarn,suburban,53.52431,10.23434,Production & Technical,True,Late (14:00),True,5,19.5,22,False,True,0.227,True,False,Reinbek,reinbek,2.27,Feeder bus,15.8,6.0,77.6,1,99.4,0.0,29.6,41.5,346.33,> 60 min,57.9,2.4,False
SYN-00916,Ahrensburg,Kr. Stormarn,suburban,53.68793,10.25243,Production & Technical,True,Night (22:00),True,5,19.5,30,True,True,-1.117,True,False,Ahrensburg (DB),ahrensburg,2.5,Feeder bus,16.5,6.0,73.2,2,95.7,0.0,18.31,25.3,214.28,> 60 min,70.4,3.78,False
SYN-00917,Norderstedt,Kr. Segeberg,suburban,53.70473,9.96776,Production & Technical,False,Day (08:00),False,5,19.5,28,False,False,-0.856,False,False,Local bus stop,local_bus,0.4,Walk to bus stop,5.0,6.0,23.6,0,34.6,0.0,7.48,15.5,87.55,31–45 min,19.1,2.23,False
SYN-00918,Hamburg-Langenhorn,Hamburg,urban,53.67487,10.0216,Production & Technical,False,Day (08:00),False,5,19.5,20,False,True,-0.136,True,False,Local bus stop,local_bus,0.4,Walk to bus stop,5.0,6.0,9.0,0,20.0,0.0,2.86,12.6,33.42,≤ 30 min,7.4,1.59,True
SYN-00919,Hamburg-Volksdorf/Duvenstedt,Hamburg,suburban,53.65711,10.16715,Office & Commercial,False,Day (08:00),False,3,11.7,30,False,True,1.029,False,False,Volksdorf,volksdorf,2.2,Feeder bus,15.6,2.0,67.0,2,84.6,0.0,11.63,19.7,81.67,> 60 min,64.9,4.29,False
SYN-00920,Hamburg-Altona/Ottensen,Hamburg,urban_core,53.5487,9.94374,Production & Technical,True,Late (14:00),True,5,19.5,32,True,True,1.478,False,False,Stephansplatz,stephansplatz,4.06,Feeder bus,21.2,3.6,43.4,0,68.2,0.0,22.68,31.6,265.33,> 60 min,36.6,2.16,False
SYN-00921,Hamburg-Langenhorn,Hamburg,urban,53.68137,10.01924,Production & Technical,False,Day (08:00),False,5,19.5,37,True,True,0.983,True,False,Local bus stop,local_bus,0.4,Walk to bus stop,5.0,6.0,8.1,0,19.1,0.0,2.56,11.9,29.92,≤ 30 min,7.2,1.61,True
SYN-00922,Kaltenkirchen,Kr. Segeberg,suburban,53.83502,9.96222,Production & Technical,True,Late (14:00),True,5,19.5,61,False,False,0.023,False,False,Kaltenkirchen,kaltenkirchen,0.47,Walk,5.9,6.0,64.9,1,76.7,0.0,23.45,28.8,274.36,> 60 min,47.9,2.66,False
SYN-00923,Hamburg-Rahlstedt,Hamburg,suburban,53.60151,10.13338,Office & Commercial,False,Day (08:00),False,4,15.6,39,False,True,0.363,False,False,Farmsen,farmsen,2.61,Feeder bus,16.8,2.0,61.3,3,80.1,0.0,14.98,22.6,140.21,> 60 min,57.5,3.54,False
SYN-00924,Hamburg-Altona/Ottensen,Hamburg,urban_core,53.5545,9.9174,Lab & R&D,False,Day (08:00),False,5,19.5,40,False,True,0.661,True,False,Sternschanze,sternschanze,4.34,Feeder bus,22.0,2.0,49.3,1,73.3,0.0,22.96,31.7,268.66,> 60 min,41.6,2.31,False
SYN-00925,Hamburg-Ohlsdorf,Hamburg,urban,53.61843,10.02148,Office & Commercial,False,Day (08:00),False,5,19.5,48,True,False,0.458,False,False,Klein Borstel,klein_borstel,1.42,Feeder bus,13.3,2.0,28.1,0,43.4,0.0,10.52,24.3,123.11,31–45 min,19.1,1.79,False
SYN-00926,Hamburg-Sasel/Wellingsbüttel,Hamburg,suburban,53.66797,10.0907,Office & Commercial,False,Day (08:00),False,3,11.7,39,True,True,0.425,False,False,Local bus stop,local_bus,0.4,Walk to bus stop,5.0,6.0,15.3,0,26.3,0.0,4.86,12.5,34.12,≤ 30 min,13.8,2.1,True
SYN-00927,Hamburg-Fuhlsbüttel,Hamburg,urban,53.62847,10.03033,Office & Commercial,False,Day (08:00),False,3,11.7,46,True,False,-1.321,False,False,Klein Borstel,klein_borstel,0.22,Walk,2.7,2.0,28.1,0,32.8,0.0,8.89,22.7,62.44,31–45 min,10.1,1.44,False
SYN-00928,Quickborn,Kr. Pinneberg,suburban,53.73498,9.88985,Office & Commercial,False,Day (08:00),False,4,15.6,45,False,True,-0.94,False,False,Quickborn,quickborn,1.49,Feeder bus,13.5,6.0,42.8,0,62.3,0.0,15.67,23.2,146.65,> 60 min,39.1,2.69,False
SYN-00929,Hamburg-Wandsbek,Hamburg,urban,53.56908,10.06959,Production & Technical,False,Day (08:00),False,5,19.5,43,False,False,-0.896,False,False,Barmbek,barmbek,3.42,Feeder bus,19.3,2.0,40.5,1,61.8,0.0,17.81,29.4,208.42,> 60 min,32.4,2.1,False
SYN-00930,Hamburg-Bahrenfeld/Lurup,Hamburg,urban,53.5756,9.90592,Office & Commercial,False,Day (08:00),False,3,11.7,64,False,True,0.89,False,False,Langenfelde,langenfelde,1.16,Feeder bus,12.5,4.0,60.0,2,76.5,0.0,20.88,30.9,146.55,> 60 min,45.6,2.48,False
SYN-00931,Hamburg-Volksdorf/Duvenstedt,Hamburg,suburban,53.66062,10.15344,Office & Commercial,False,Day (08:00),False,4,15.6,52,False,True,1.387,False,False,Volksdorf,volksdorf,2.61,Feeder bus,16.8,2.0,67.0,2,85.9,0.0,10.31,18.4,96.46,> 60 min,67.5,4.67,False
SYN-00932,Hamburg-Winterhude,Hamburg,urban_core,53.5928,10.03341,Production & Technical,False,Day (08:00),False,5,19.5,30,False,False,-1.619,True,False,Alsterdorf,alsterdorf,2.19,Feeder bus,15.6,2.0,33.1,0,50.7,0.0,14.18,27.2,165.92,46–60 min,23.5,1.86,False
SYN-00933,Hamburg-Barmbek,Hamburg,urban_core,53.60088,10.04444,Office & Commercial,False,Day (08:00),False,4,15.6,46,False,False,1.848,False,False,Sengelmannstraße,sengelmannstrasse,2.3,Feeder bus,15.9,2.0,31.4,0,49.3,0.0,12.92,26.3,120.95,46–60 min,23.0,1.87,False
SYN-00934,Hamburg-Blankenese/Osdorf,Hamburg,suburban,53.57639,9.85097,Office & Commercial,False,Day (08:00),False,4,15.6,33,False,True,0.137,False,False,Klein Flottbek,klein_flottbek,1.98,Feeder bus,15.0,4.0,64.6,1,83.5,0.0,24.04,29.2,225.05,> 60 min,54.3,2.86,False
SYN-00935,Hamburg-Wilhelmsburg,Hamburg,urban,53.49433,10.02992,Office & Commercial,False,Day (08:00),False,2,7.8,47,False,True,1.079,False,False,Wilhelmsburg,wilhelmsburg,1.91,Feeder bus,14.7,4.0,60.0,1,78.8,0.0,28.95,42.7,135.5,> 60 min,36.1,1.85,False
SYN-00936,Hamburg-Schnelsen,Hamburg,suburban,53.62721,9.93777,Production & Technical,False,Day (08:00),False,5,19.5,27,False,True,0.656,False,False,Niendorf Markt,niendorf_markt,1.72,Feeder bus,14.2,2.0,50.7,0,66.8,0.0,13.18,21.1,154.26,> 60 min,45.7,3.17,False
SYN-00937,Ahrensburg,Kr. Stormarn,suburban,53.66204,10.23837,Office & Commercial,False,Day (08:00),False,3,11.7,30,True,True,1.54,False,False,Ahrensburg Ost,ahrensburg_ost,0.37,Walk,4.7,2.0,78.5,3,85.1,0.0,17.47,24.6,122.67,> 60 min,60.5,3.46,False
SYN-00938,Hamburg-Langenhorn,Hamburg,urban,53.68373,10.00012,Lab & R&D,False,Day (08:00),False,4,15.6,46,True,True,0.293,False,False,Local bus stop,local_bus,0.4,Walk to bus stop,5.0,6.0,13.1,0,24.1,0.0,4.14,15.6,38.79,≤ 30 min,8.5,1.54,True
SYN-00939,Halstenbek/Rellingen,Kr. Pinneberg,suburban,53.62587,9.87556,Production & Technical,False,Day (08:00),False,5,19.5,53,False,True,-1.647,False,False,Schnelsen,schnelsen,3.62,Feeder bus,19.8,6.0,49.9,0,75.7,0.0,17.75,24.9,207.69,> 60 min,50.8,3.04,False
SYN-00940,Hamburg-Langenhorn,Hamburg,urban,53.65563,10.01437,Production & Technical,True,Early (06:00),True,5,19.5,48,True,False,-0.056,True,False,Local bus stop,local_bus,0.4,Walk to bus stop,5.0,6.0,17.4,0,28.4,0.0,5.5,18.3,64.33,≤ 30 min,10.1,1.55,False
SYN-00941,Hamburg-Sasel/Wellingsbüttel,Hamburg,suburban,53.6486,10.14026,Production & Technical,False,Day (08:00),False,5,19.5,51,False,True,0.266,True,False,Poppenbüttel,poppenbuettel,4.91,Feeder bus,23.7,4.0,40.2,0,68.0,0.0,10.14,18.3,118.63,> 60 min,49.7,3.72,False
SYN-00942,Quickborn,Kr. Pinneberg,suburban,53.73416,9.88599,Production & Technical,False,Day (08:00),False,5,19.5,46,False,True,-0.383,True,False,Quickborn,quickborn,1.71,Feeder bus,14.1,6.0,42.8,0,62.9,0.0,15.92,23.4,186.24,> 60 min,39.5,2.69,False
SYN-00943,Hamburg-Niendorf,Hamburg,urban,53.62949,9.9744,Field & Sales,False,Day (08:00),False,1,3.9,44,False,True,0.774,False,True,Fuhlsbüttel Nord,fuhlsbuettel_nord,4.99,Feeder bus,24.0,2.0,24.4,0,50.4,0.0,10.74,24.5,25.14,46–60 min,25.9,2.06,False
SYN-00944,Hamburg-Barmbek,Hamburg,urban_core,53.59656,10.05481,Office & Commercial,False,Day (08:00),False,3,11.7,36,True,True,0.384,True,False,Sengelmannstraße,sengelmannstrasse,3.38,Feeder bus,19.1,2.0,31.4,0,52.5,0.0,13.59,26.8,95.4,46–60 min,25.7,1.96,False
SYN-00945,Hamburg-Eppendorf,Hamburg,urban_core,53.58252,9.98476,Production & Technical,False,Day (08:00),False,5,19.5,51,True,True,-0.396,False,False,Kellinghusenstraße,kellinghusenstrasse,0.84,Walk,10.5,2.0,37.8,0,50.2,0.0,16.61,28.8,194.33,46–60 min,21.4,1.74,False
SYN-00946,Hamburg-Poppenbüttel,Hamburg,suburban,53.64802,10.05665,Production & Technical,True,Late (14:00),True,5,19.5,53,False,True,-1.369,False,False,Local bus stop,local_bus,0.4,Walk to bus stop,5.0,6.0,18.7,0,29.7,0.0,5.91,13.7,69.2,≤ 30 min,16.0,2.17,False
SYN-00947,Hamburg-Stellingen/Eidelstedt,Hamburg,urban,53.60156,9.90108,Field & Sales,False,Day (08:00),False,2,7.8,41,False,True,-0.225,True,True,Niendorf Markt,niendorf_markt,4.9,Feeder bus,23.7,2.0,50.7,0,76.4,0.0,18.21,29.6,85.22,> 60 min,46.8,2.58,False
SYN-00948,Quickborn,Kr. Pinneberg,suburban,53.71385,9.88783,Production & Technical,False,Day (08:00),False,5,19.5,41,True,True,0.121,False,False,Quickborn,quickborn,2.59,Feeder bus,16.8,6.0,42.8,0,65.6,0.0,14.66,22.4,171.53,> 60 min,43.2,2.93,False
SYN-00949,Neumünster,Kr. Neumünster,suburban,54.07694,9.94879,Office & Commercial,False,Day (08:00),False,4,15.6,60,False,True,-2.359,False,False,Neumünster,neumuenster,2.85,Feeder bus,17.5,6.0,133.4,2,156.9,0.0,59.18,55.3,553.89,> 60 min,101.6,2.84,False
SYN-00950,Hamburg-Bramfeld/Farmsen,Hamburg,urban,53.60528,10.09635,Production & Technical,False,Day (08:00),False,5,19.5,42,True,True,-0.63,False,False,Wandsbek-Gartenstadt,wandsbek_gartenstadt,3.22,Feeder bus,18.7,2.0,51.8,2,72.4,0.0,13.04,26.4,152.57,> 60 min,46.0,2.74,False
SYN-00951,Hamburg-St. Pauli/Neustadt,Hamburg,urban_core,53.56268,9.96877,Production & Technical,True,Late (14:00),True,5,19.5,43,True,False,-1.663,True,False,Sternschanze,sternschanze,0.22,Walk,2.8,3.6,51.3,1,57.7,0.0,19.89,30.4,232.77,46–60 min,27.3,1.9,False
SYN-00952,Hamburg-Poppenbüttel,Hamburg,suburban,53.65972,10.08911,Office & Commercial,False,Day (08:00),False,3,11.7,47,False,True,-0.8,False,False,Local bus stop,local_bus,0.4,Walk to bus stop,5.0,6.0,17.6,0,28.6,0.0,5.58,13.4,39.16,≤ 30 min,15.2,2.13,False
SYN-00953,Hamburg-Poppenbüttel,Hamburg,suburban,53.67383,10.09205,Production & Technical,False,Day (08:00),False,5,19.5,41,False,True,1.114,False,False,Local bus stop,local_bus,0.4,Walk to bus stop,5.0,6.0,14.2,0,25.2,0.0,4.51,12.0,52.77,≤ 30 min,13.2,2.1,True
SYN-00954,Hamburg-Ohlsdorf,Hamburg,urban,53.61927,10.04786,Office & Commercial,False,Day (08:00),False,5,19.5,33,True,False,-0.886,False,False,Ohlsdorf,ohlsdorf,1.37,Feeder bus,13.1,2.0,29.4,0,44.5,0.0,10.16,24.0,118.88,31–45 min,20.5,1.85,False
SYN-00955,Ahrensburg,Kr. Stormarn,suburban,53.65806,10.24167,Production & Technical,True,Late (14:00),True,5,19.5,46,False,True,0.536,False,False,Ahrensburg Ost,ahrensburg_ost,0.49,Walk,6.1,3.6,83.4,2,93.1,0.0,17.9,25.0,209.39,> 60 min,68.1,3.72,False
SYN-00956,Pinneberg,Kr. Pinneberg,suburban,53.6477,9.82263,Office & Commercial,False,Day (08:00),False,5,19.5,42,False,True,2.749,False,False,Thesdorf,thesdorf,0.54,Walk,6.8,4.0,75.7,1,86.5,0.0,20.76,27.0,242.86,> 60 min,59.5,3.2,False
SYN-00957,Hamburg-Wilhelmsburg,Hamburg,urban,53.49848,10.00561,Office & Commercial,False,Day (08:00),False,5,19.5,62,True,True,1.27,False,False,Wilhelmsburg,wilhelmsburg,0.92,Walk,11.5,4.0,60.0,1,75.6,0.0,28.52,42.6,333.74,> 60 min,33.0,1.77,False
SYN-00958,Hamburg-Uhlenhorst,Hamburg,urban_core,53.56391,10.02626,Office & Commercial,False,Day (08:00),False,2,7.8,51,False,False,0.334,False,False,Klosterstern,klosterstern,3.31,Feeder bus,18.9,2.0,39.5,0,60.4,0.0,18.56,29.8,86.85,> 60 min,30.6,2.03,False
SYN-00959,Hamburg-Eimsbüttel,Hamburg,urban_core,53.57345,9.93924,Production & Technical,True,Early (06:00),True,5,19.5,35,True,False,1.325,False,False,Kellinghusenstraße,kellinghusenstrasse,4.83,Feeder bus,23.5,3.6,37.8,0,64.8,0.0,19.53,30.3,228.47,> 60 min,34.5,2.14,False
SYN-00960,Hamburg-St. Pauli/Neustadt,Hamburg,urban_core,53.55062,9.96095,Office & Commercial,False,Day (08:00),False,3,11.7,50,False,True,-1.153,False,False,Reeperbahn,reeperbahn,0.15,Walk,1.9,4.0,54.4,1,60.3,0.0,21.83,31.3,153.28,> 60 min,29.0,1.93,False
SYN-00961,Hamburg-St. Pauli/Neustadt,Hamburg,urban_core,53.54826,9.97882,Field & Sales,False,Day (08:00),False,1,3.9,45,False,True,-1.273,False,True,Stephansplatz,stephansplatz,1.61,Feeder bus,13.8,2.0,43.4,0,59.2,0.0,21.67,31.2,50.71,46–60 min,28.0,1.9,False
SYN-00962,Hamburg-Barmbek,Hamburg,urban_core,53.58027,10.05154,Production & Technical,False,Day (08:00),False,5,19.5,56,False,False,0.145,False,False,Friedrichsberg,friedrichsberg,0.42,Walk,5.3,4.0,42.0,1,51.3,0.0,16.02,28.4,187.44,46–60 min,22.9,1.81,False
SYN-00963,Hamburg-Langenhorn,Hamburg,urban,53.66231,10.00831,Production & Technical,False,Day (08:00),False,5,19.5,36,True,False,0.649,True,False,Local bus stop,local_bus,0.4,Walk to bus stop,5.0,6.0,15.8,0,26.8,0.0,5.02,17.6,58.69,≤ 30 min,9.2,1.52,False
SYN-00964,Hamburg-Langenhorn,Hamburg,urban,53.66237,10.00674,Office & Commercial,False,Day (08:00),False,2,7.8,44,False,False,1.211,False,False,Local bus stop,local_bus,0.4,Walk to bus stop,5.0,6.0,16.1,0,27.1,0.0,5.11,17.7,23.89,≤ 30 min,9.4,1.53,False
SYN-00965,Ahrensburg,Kr. Stormarn,suburban,53.66534,10.26712,Production & Technical,True,Early (06:00),True,5,19.5,41,True,True,-0.652,False,False,Schmalenbeck,schmalenbeck,0.46,Walk,5.7,3.6,85.6,2,94.9,0.0,19.89,26.4,232.73,> 60 min,68.5,3.59,False
SYN-00966,Hamburg-Eimsbüttel,Hamburg,urban_core,53.57394,9.96739,Office & Commercial,False,Day (08:00),False,4,15.6,43,False,True,0.527,False,False,Hoheluftbrücke,hoheluftbruecke,0.66,Walk,8.3,2.0,46.3,1,56.6,0.0,18.37,29.7,171.9,46–60 min,26.9,1.91,False
SYN-00967,Ahrensburg,Kr. Stormarn,suburban,53.66615,10.21408,Office & Commercial,False,Day (08:00),False,4,15.6,32,True,True,0.226,True,False,Ahrensburg (DB),ahrensburg,2.46,Feeder bus,16.4,6.0,67.2,2,89.6,0.0,15.23,22.9,142.57,> 60 min,66.7,3.91,False
SYN-00968,Hamburg-Ohlsdorf,Hamburg,urban,53.61972,10.01815,Production & Technical,False,Day (08:00),False,5,19.5,48,False,False,-0.081,True,False,Klein Borstel,klein_borstel,1.43,Feeder bus,13.3,2.0,28.1,0,43.4,0.0,10.4,24.2,121.69,31–45 min,19.2,1.79,False
SYN-00969,Hamburg-Altona/Ottensen,Hamburg,urban_core,53.5588,9.94299,Office & Commercial,False,Day (08:00),False,2,7.8,47,False,False,0.194,True,False,Hallerstraße,hallerstrasse,4.51,Feeder bus,22.5,2.0,41.4,0,65.9,0.0,21.33,31.1,99.81,> 60 min,34.8,2.12,False
SYN-00970,Hamburg-Schnelsen,Hamburg,suburban,53.62313,9.92778,Office & Commercial,False,Day (08:00),False,3,11.7,56,False,True,-1.188,False,False,Niendorf Markt,niendorf_markt,2.11,Feeder bus,15.3,2.0,50.7,0,68.0,0.0,14.25,22.0,100.06,> 60 min,46.0,3.09,False
SYN-00971,Hamburg-Sasel/Wellingsbüttel,Hamburg,suburban,53.67134,10.09471,Production & Technical,False,Day (08:00),False,5,19.5,42,False,False,0.18,True,False,Local bus stop,local_bus,0.4,Walk to bus stop,5.0,6.0,15.4,0,26.4,0.0,4.89,12.5,57.23,≤ 30 min,13.9,2.11,True
SYN-00972,Norderstedt,Kr. Segeberg,suburban,53.72154,10.00109,Lab & R&D,False,Day (08:00),False,3,11.7,37,False,True,0.178,True,False,Local bus stop,local_bus,0.4,Walk to bus stop,5.0,6.0,20.8,0,31.8,0.0,6.57,14.5,46.13,31–45 min,17.3,2.19,False
SYN-00973,Hamburg-Langenhorn,Hamburg,urban,53.67982,10.00102,Production & Technical,True,Early (06:00),True,5,19.5,51,False,False,-0.44,False,False,Local bus stop,local_bus,0.4,Walk to bus stop,5.0,6.0,13.2,0,24.2,0.0,4.18,15.6,48.86,≤ 30 min,8.6,1.55,True
SYN-00974,Wedel,Kr. Pinneberg,suburban,53.58613,9.71478,Production & Technical,True,Night (22:00),True,5,19.5,33,False,False,0.716,False,False,Wedel,wedel,1.01,Feeder bus,12.0,6.0,80.5,1,98.5,0.0,33.17,34.3,388.1,> 60 min,64.2,2.87,False
SYN-00975,Hamburg-Bramfeld/Farmsen,Hamburg,urban,53.59829,10.0891,Lab & R&D,False,Day (08:00),False,5,19.5,54,False,True,0.978,False,False,Rübenkamp,ruebenkamp,4.72,Feeder bus,23.2,4.0,37.2,1,64.3,0.0,13.84,27.0,161.94,> 60 min,37.3,2.38,False
SYN-00976,Hamburg-Rahlstedt,Hamburg,suburban,53.58818,10.16959,Production & Technical,True,Early (06:00),True,5,19.5,54,False,True,0.377,False,False,Trabrennbahn,trabrennbahn,7.35,Park+Ride,17.8,3.6,64.2,2,85.6,7.35,18.44,25.4,215.74,> 60 min,60.2,3.37,False
SYN-00977,Hamburg-Eppendorf,Hamburg,urban_core,53.59865,9.98593,Lab & R&D,False,Day (08:00),False,5,19.5,56,False,False,-0.926,True,False,Lattenkamp,lattenkamp,1.2,Feeder bus,12.6,2.0,35.3,0,49.9,0.0,14.31,27.3,167.39,46–60 min,22.6,1.83,False
SYN-00978,Hamburg-Winterhude,Hamburg,urban_core,53.60765,9.99746,Production & Technical,True,Early (06:00),True,5,19.5,46,False,True,0.383,False,False,Alsterdorf,alsterdorf,1.68,Feeder bus,14.0,3.6,33.1,0,50.8,0.0,12.68,26.1,148.31,46–60 min,24.7,1.95,False
SYN-00979,Hamburg-St. Pauli/Neustadt,Hamburg,urban_core,53.54544,9.96821,Office & Commercial,False,Day (08:00),False,3,11.7,37,True,True,-0.478,False,False,Landungsbrücken,landungsbruecken,0.12,Walk,1.5,2.0,53.1,1,56.6,0.0,22.36,31.5,156.93,46–60 min,25.1,1.8,False
SYN-00980,Hamburg-Niendorf,Hamburg,urban,53.63866,9.9407,Production & Technical,True,Late (14:00),True,5,19.5,43,False,False,0.23,False,False,Hamburg Airport,airport,4.85,Feeder bus,23.6,6.0,40.0,1,69.6,0.0,11.87,25.5,138.92,> 60 min,44.1,2.73,False
SYN-00981,Seevetal/Neu Wulmstorf,Kr. Harburg,rural,53.43454,9.93901,Office & Commercial,False,Day (08:00),False,2,7.8,46,False,True,-1.274,False,False,Heimfeld,heimfeld,4.06,Feeder bus,21.2,4.0,68.9,1,94.1,0.0,39.08,47.6,182.9,> 60 min,46.5,1.98,False
SYN-00982,Hamburg-Bergedorf,Hamburg,suburban,53.50569,10.17682,Office & Commercial,False,Day (08:00),False,4,15.6,36,False,True,1.277,False,False,Nettelnburg,nettelnburg,2.08,Feeder bus,15.2,4.0,69.3,1,88.6,0.0,29.59,41.4,276.93,> 60 min,47.2,2.14,False
SYN-00983,Hamburg-Bahrenfeld/Lurup,Hamburg,urban,53.59316,9.88378,Lab & R&D,False,Day (08:00),False,4,15.6,57,False,True,0.683,False,False,Langenfelde,langenfelde,3.47,Feeder bus,19.4,4.0,60.0,2,83.5,0.0,20.19,30.6,189.0,> 60 min,52.9,2.73,False
SYN-00984,Hamburg-Eppendorf,Hamburg,urban_core,53.58524,9.98201,Field & Sales,False,Day (08:00),False,2,7.8,48,True,True,1.403,False,True,Kellinghusenstraße,kellinghusenstrasse,0.78,Walk,9.8,2.0,37.8,0,49.5,0.0,16.31,28.6,76.33,46–60 min,20.9,1.73,False
SYN-00985,Hamburg-Fuhlsbüttel,Hamburg,urban,53.63786,10.03877,Office & Commercial,False,Day (08:00),False,3,11.7,32,True,True,1.368,False,False,Local bus stop,local_bus,0.4,Walk to bus stop,5.0,6.0,23.4,0,34.4,0.0,7.4,21.0,51.95,31–45 min,13.4,1.64,False
SYN-00986,Wedel,Kr. Pinneberg,suburban,53.57957,9.69324,Office & Commercial,False,Day (08:00),False,5,19.5,63,False,True,-0.721,False,False,Wedel,wedel,1.07,Feeder bus,12.2,4.0,78.5,1,94.7,0.0,35.33,35.4,413.34,> 60 min,59.3,2.68,False
SYN-00987,Hamburg-Bramfeld/Farmsen,Hamburg,urban,53.59296,10.08087,Office & Commercial,False,Day (08:00),False,3,11.7,43,False,True,-0.292,False,False,Barmbek,barmbek,3.39,Feeder bus,19.2,2.0,40.5,1,61.7,0.0,14.44,27.4,101.36,> 60 min,34.3,2.25,False
SYN-00988,Norderstedt,Kr. Segeberg,suburban,53.72859,9.98114,Lab & R&D,False,Day (08:00),False,5,19.5,30,True,True,1.842,False,False,Friedrichsgabe,friedrichsgabe,0.26,Walk,3.2,6.0,28.4,0,37.7,0.0,8.53,16.6,99.77,31–45 min,21.1,2.27,False
SYN-00989,Hamburg-Bramfeld/Farmsen,Hamburg,urban,53.60059,10.09637,Office & Commercial,False,Day (08:00),False,4,15.6,33,True,True,0.135,False,False,Alte Wöhr,alte_woehr,4.94,Feeder bus,23.8,4.0,38.9,1,66.7,0.0,13.7,26.9,128.28,> 60 min,39.8,2.48,False
SYN-00990,Hamburg-Harburg,Hamburg,urban,53.45698,10.02335,Lab & R&D,False,Day (08:00),False,3,11.7,58,False,True,-1.471,False,False,Harburg,harburg,2.85,Feeder bus,17.5,4.0,65.7,1,87.3,0.0,34.58,44.1,242.77,> 60 min,43.2,1.98,False
SYN-00991,Hamburg-Rahlstedt,Hamburg,suburban,53.61051,10.16599,Production & Technical,False,Day (08:00),False,5,19.5,62,False,True,0.574,False,False,Berne,berne,4.65,Feeder bus,22.9,2.0,63.0,3,88.0,0.0,15.65,23.2,183.08,> 60 min,64.8,3.79,False
SYN-00992,Hamburg-Bahrenfeld/Lurup,Hamburg,urban,53.56965,9.87307,Office & Commercial,False,Day (08:00),False,4,15.6,53,False,False,0.11,False,False,Othmarschen,othmarschen,1.73,Feeder bus,14.2,4.0,62.3,1,80.5,0.0,23.41,31.9,219.15,> 60 min,48.6,2.52,False
SYN-00993,Hamburg-Harburg,Hamburg,urban,53.48258,9.97378,Office & Commercial,False,Day (08:00),False,2,7.8,57,True,False,1.406,True,False,Wilhelmsburg,wilhelmsburg,4.5,Feeder bus,22.5,4.0,60.0,1,86.5,0.0,31.35,43.3,146.74,> 60 min,43.2,2.0,False
SYN-00994,Hamburg-Schnelsen,Hamburg,suburban,53.63929,9.9213,Production & Technical,True,Late (14:00),True,5,19.5,55,True,True,-0.074,False,False,Schnelsen,schnelsen,1.02,Feeder bus,12.0,6.0,49.9,0,67.9,0.0,13.23,21.1,154.79,> 60 min,46.8,3.22,False
SYN-00995,Tornesch,Kr. Pinneberg,rural,53.70137,9.70043,Production & Technical,False,Day (08:00),False,5,19.5,48,True,True,-0.42,False,False,Tornesch,tornesch,1.51,Feeder bus,13.5,6.0,81.0,1,100.5,0.0,30.83,33.1,360.69,> 60 min,67.4,3.04,False
SYN-00996,Hamburg-Barmbek,Hamburg,urban_core,53.59809,10.0291,Field & Sales,False,Day (08:00),False,2,7.8,46,True,True,1.809,True,True,Alsterdorf,alsterdorf,1.4,Feeder bus,13.2,2.0,33.1,0,48.4,0.0,13.43,26.7,62.84,46–60 min,21.7,1.81,False
SYN-00997,Hamburg-Rahlstedt,Hamburg,suburban,53.61083,10.15999,Production & Technical,True,Late (14:00),True,5,19.5,48,False,True,-1.738,False,False,Berne,berne,4.14,Feeder bus,21.4,3.6,68.0,2,93.0,0.0,15.25,22.9,178.47,> 60 min,70.1,4.06,False
SYN-00998,Norderstedt,Kr. Segeberg,suburban,53.72332,10.01926,Production & Technical,False,Day (08:00),False,5,19.5,50,False,True,-0.819,False,False,Local bus stop,local_bus,0.4,Walk to bus stop,5.0,6.0,18.8,0,29.8,0.0,5.97,13.8,69.84,≤ 30 min,16.0,2.16,False
SYN-00999,Buxtehude,Kr. Stade,suburban,53.46754,9.68596,Production & Technical,False,Day (08:00),False,5,19.5,34,True,True,-0.854,True,False,Buxtehude,buxtehude,1.32,Feeder bus,13.0,6.0,96.4,2,115.3,0.0,46.01,53.3,538.32,> 60 min,62.0,2.16,False
SYN-01000,Hamburg-Sasel/Wellingsbüttel,Hamburg,suburban,53.64906,10.08527,Production & Technical,True,Late (14:00),True,5,19.5,50,True,True,-2.428,False,False,Local bus stop,local_bus,0.4,Walk to bus stop,5.0,6.0,21.0,0,32.0,0.0,6.66,14.6,77.87,31–45 min,17.4,2.19,False
SYN-01001,Norderstedt,Kr. Segeberg,suburban,53.71583,10.00267,Office & Commercial,False,Day (08:00),False,2,7.8,58,False,True,0.507,False,False,Local bus stop,local_bus,0.4,Walk to bus stop,5.0,6.0,18.4,0,29.4,0.0,5.82,13.6,27.25,≤ 30 min,15.8,2.16,False
SYN-01002,Hamburg-Eppendorf,Hamburg,urban_core,53.5966,9.96604,Lab & R&D,False,Day (08:00),False,5,19.5,40,True,False,-0.174,False,False,Lattenkamp,lattenkamp,2.87,Feeder bus,17.6,2.0,35.3,0,54.9,0.0,15.33,28.0,179.4,46–60 min,26.9,1.96,False
SYN-01003,Hamburg-Langenhorn,Hamburg,urban,53.65519,10.01379,Field & Sales,False,Day (08:00),False,3,11.7,39,True,True,1.105,False,True,Local bus stop,local_bus,0.4,Walk to bus stop,5.0,6.0,17.6,0,28.6,0.0,5.58,18.5,39.18,≤ 30 min,10.1,1.55,False
SYN-01004,Hamburg-Fuhlsbüttel,Hamburg,urban,53.63985,10.0176,Office & Commercial,False,Day (08:00),False,3,11.7,47,True,True,0.456,True,False,Local bus stop,local_bus,0.4,Walk to bus stop,5.0,6.0,23.8,0,34.8,0.0,7.52,21.1,52.8,31–45 min,13.7,1.65,False
SYN-01005,Hamburg-Rahlstedt,Hamburg,suburban,53.6153,10.13828,Office & Commercial,False,Day (08:00),False,3,11.7,35,False,True,0.624,False,False,Meiendorfer Weg,meiendorfer_weg,1.82,Feeder bus,14.5,2.0,64.6,3,81.1,0.0,13.51,21.4,94.83,> 60 min,59.7,3.79,False
SYN-01006,Hamburg-Winterhude,Hamburg,urban_core,53.59974,9.9907,Production & Technical,False,Day (08:00),False,5,19.5,28,False,False,0.128,False,False,Lattenkamp,lattenkamp,0.88,Walk,11.0,2.0,35.3,0,48.3,0.0,14.0,27.1,163.79,46–60 min,21.2,1.78,False
SYN-01007,Tornesch,Kr. Pinneberg,rural,53.69064,9.71608,Lab & R&D,False,Day (08:00),False,4,15.6,55,False,True,-1.281,False,False,Tornesch,tornesch,1.65,Feeder bus,14.0,6.0,81.0,1,100.9,0.0,29.37,32.3,274.9,> 60 min,68.6,3.12,False
SYN-01008,Hamburg-Bramfeld/Farmsen,Hamburg,urban,53.60986,10.11216,Production & Technical,False,Day (08:00),False,5,19.5,37,True,True,0.323,False,False,Berne,berne,0.23,Walk,2.8,2.0,63.0,3,67.9,0.0,12.97,26.4,151.71,> 60 min,41.5,2.57,False
SYN-01009,Hamburg-Bahrenfeld/Lurup,Hamburg,urban,53.56613,9.89944,Production & Technical,True,Early (06:00),True,5,19.5,42,False,True,1.069,False,False,Bahrenfeld,bahrenfeld,0.97,Feeder bus,11.9,6.0,61.9,1,79.8,0.0,22.36,31.5,261.66,> 60 min,48.3,2.53,False
SYN-01010,Hamburg-Eppendorf,Hamburg,urban_core,53.59351,9.98934,Field & Sales,False,Day (08:00),False,2,7.8,35,False,True,0.416,False,True,Hudtwalckerstraße,hudtwalckerstrasse,0.48,Walk,6.0,2.0,36.5,0,44.5,0.0,14.92,27.7,69.82,31–45 min,16.8,1.61,False
SYN-01011,Hamburg-Rahlstedt,Hamburg,suburban,53.59137,10.11938,Lab & R&D,False,Day (08:00),False,4,15.6,56,False,True,-1.035,True,False,Wandsbek-Gartenstadt,wandsbek_gartenstadt,4.3,Feeder bus,21.9,2.0,51.8,2,75.7,0.0,15.75,23.3,147.41,> 60 min,52.4,3.25,False
SYN-01012,Hamburg-Wandsbek,Hamburg,urban,53.58388,10.08675,Production & Technical,True,Night (22:00),True,5,19.5,51,True,False,-1.199,False,False,Barmbek,barmbek,3.79,Feeder bus,20.4,3.6,42.5,1,66.5,0.0,15.88,28.3,185.84,> 60 min,38.2,2.35,False
SYN-01013,Hamburg-Eimsbüttel,Hamburg,urban_core,53.56293,9.95322,Office & Commercial,False,Day (08:00),False,4,15.6,39,False,True,0.604,False,False,Hallerstraße,hallerstrasse,3.5,Feeder bus,19.5,2.0,41.4,0,62.9,0.0,20.38,30.7,190.78,> 60 min,32.2,2.05,False
SYN-01014,Ahrensburg,Kr. Stormarn,suburban,53.68376,10.24806,Office & Commercial,False,Day (08:00),False,3,11.7,29,False,True,-0.437,False,False,Ahrensburg (DB),ahrensburg,1.8,Feeder bus,14.4,6.0,67.2,2,87.6,0.0,17.93,25.0,125.89,> 60 min,62.6,3.5,False
SYN-01015,Hamburg-Bramfeld/Farmsen,Hamburg,urban,53.60419,10.12046,Production & Technical,True,Early (06:00),True,5,19.5,38,False,True,0.145,False,False,Wandsbek-Gartenstadt,wandsbek_gartenstadt,4.86,Feeder bus,23.6,3.6,54.7,1,81.9,0.0,14.06,27.1,164.53,> 60 min,54.8,3.02,False
SYN-01016,Hamburg-Niendorf,Hamburg,urban,53.62066,9.95981,Production & Technical,False,Day (08:00),False,5,19.5,48,False,True,-0.189,False,False,Lattenkamp,lattenkamp,4.87,Feeder bus,23.6,2.0,35.3,0,60.9,0.0,12.59,26.1,147.25,> 60 min,34.8,2.33,False
SYN-01017,Hamburg-Billstedt/Horn,Hamburg,urban,53.53947,10.08126,Production & Technical,True,Early (06:00),True,5,19.5,44,False,True,-0.328,False,False,Hasselbrook,hasselbrook,4.93,Feeder bus,23.8,6.0,45.8,1,75.6,0.0,22.36,31.5,261.56,> 60 min,44.1,2.4,False
SYN-01018,Quickborn,Kr. Pinneberg,suburban,53.73297,9.8755,Office & Commercial,False,Day (08:00),False,3,11.7,43,False,True,0.177,False,False,Quickborn,quickborn,2.5,Feeder bus,16.5,6.0,42.8,0,65.3,0.0,16.68,24.0,117.12,> 60 min,41.3,2.72,False
SYN-01019,Norderstedt,Kr. Segeberg,suburban,53.73464,10.01322,Office & Commercial,False,Day (08:00),False,3,11.7,44,True,True,0.421,False,False,Local bus stop,local_bus,0.4,Walk to bus stop,5.0,6.0,24.4,0,35.4,0.0,7.74,15.8,54.35,31–45 min,19.6,2.24,False
SYN-01020,Hamburg-Eppendorf,Hamburg,urban_core,53.59445,9.97471,Office & Commercial,False,Day (08:00),False,4,15.6,50,False,False,2.182,False,False,Hudtwalckerstraße,hudtwalckerstrasse,1.71,Feeder bus,14.1,2.0,36.5,0,52.7,0.0,15.28,28.0,143.04,46–60 min,24.7,1.88,False
SYN-01021,Pinneberg,Kr. Pinneberg,suburban,53.66486,9.78673,Production & Technical,False,Day (08:00),False,5,19.5,42,False,True,0.658,False,False,Pinneberg,pinneberg,1.55,Feeder bus,13.6,4.0,72.0,1,89.6,0.0,23.33,28.8,272.94,> 60 min,60.8,3.11,False
SYN-01022,Hamburg-Bahrenfeld/Lurup,Hamburg,urban,53.56672,9.92128,Lab & R&D,False,Day (08:00),False,3,11.7,47,True,True,1.66,False,False,Diebsteich,diebsteich,0.33,Walk,4.1,4.0,59.6,1,67.7,0.0,21.21,31.0,148.89,> 60 min,36.7,2.18,False
SYN-01023,Seevetal/Neu Wulmstorf,Kr. Harburg,rural,53.43059,9.87546,Office & Commercial,False,Day (08:00),False,3,11.7,31,True,True,-0.935,False,False,Neuwiedenthal,neuwiedenthal,5.9,Park+Ride,16.1,4.0,73.6,1,93.7,5.9,41.39,49.5,290.58,> 60 min,44.2,1.89,False
SYN-01024,Hamburg-St. Pauli/Neustadt,Hamburg,urban_core,53.54719,9.97068,Lab & R&D,False,Day (08:00),False,4,15.6,64,False,False,-1.618,False,False,Landungsbrücken,landungsbruecken,0.22,Walk,2.7,2.0,53.1,1,57.8,0.0,22.04,31.4,206.27,46–60 min,26.4,1.84,False
SYN-01025,Hamburg-Rahlstedt,Hamburg,suburban,53.6185,10.18812,Production & Technical,True,Early (06:00),True,5,19.5,39,True,False,-0.064,False,False,Volksdorf,volksdorf,4.34,Feeder bus,22.0,3.6,73.0,2,98.7,0.0,16.26,23.7,190.29,> 60 min,75.0,4.16,False
SYN-01026,Hamburg-Volksdorf/Duvenstedt,Hamburg,suburban,53.63755,10.15617,Office & Commercial,False,Day (08:00),False,2,7.8,44,True,True,0.725,False,False,Volksdorf,volksdorf,0.78,Walk,9.8,2.0,67.0,2,78.8,0.0,12.26,20.3,57.37,> 60 min,58.5,3.88,False
SYN-01027,Ahrensburg,Kr. Stormarn,suburban,53.68492,10.25415,Lab & R&D,False,Day (08:00),False,3,11.7,48,False,True,0.501,False,False,Ahrensburg (DB),ahrensburg,2.18,Feeder bus,15.5,6.0,67.2,2,88.8,0.0,18.47,25.4,129.66,> 60 min,63.4,3.5,False
SYN-01028,Hamburg-Bramfeld/Farmsen,Hamburg,urban,53.6137,10.08403,Production & Technical,True,Early (06:00),True,5,19.5,37,True,True,1.445,False,False,Ohlsdorf,ohlsdorf,4.57,Feeder bus,22.7,3.6,29.4,0,55.7,0.0,11.49,25.2,134.48,46–60 min,30.5,2.21,False
SYN-01029,Hamburg-Bahrenfeld/Lurup,Hamburg,urban,53.57893,9.89659,Production & Technical,True,Late (14:00),True,5,19.5,42,False,False,-2.387,True,False,Langenfelde,langenfelde,1.79,Feeder bus,14.4,6.0,63.5,1,83.8,0.0,21.0,30.9,245.64,> 60 min,52.9,2.71,False
SYN-01030,Hamburg-Winterhude,Hamburg,urban_core,53.60069,9.99016,Production & Technical,False,Day (08:00),False,5,19.5,42,True,True,1.603,False,False,Lattenkamp,lattenkamp,1.0,Feeder bus,12.0,2.0,35.3,0,49.3,0.0,13.88,27.0,162.43,46–60 min,22.3,1.83,False
SYN-01031,Hamburg-Altona/Ottensen,Hamburg,urban_core,53.54234,9.92326,Production & Technical,False,Day (08:00),False,5,19.5,32,False,False,0.852,False,False,Sternschanze,sternschanze,4.69,Feeder bus,23.1,2.0,49.3,1,74.3,0.0,24.32,32.2,284.56,> 60 min,42.1,2.31,False
SYN-01032,Hamburg-Stellingen/Eidelstedt,Hamburg,urban,53.5864,9.90132,Office & Commercial,False,Day (08:00),False,2,7.8,47,False,True,-1.477,True,False,Langenfelde,langenfelde,1.68,Feeder bus,14.0,4.0,60.0,2,78.1,0.0,19.86,30.4,92.97,> 60 min,47.7,2.57,False
SYN-01033,Hamburg-Rotherbaum,Hamburg,urban_core,53.57556,9.98442,Production & Technical,True,Early (06:00),True,5,19.5,24,False,True,1.374,False,False,Kellinghusenstraße,kellinghusenstrasse,1.76,Feeder bus,14.3,3.6,37.8,0,55.6,0.0,17.61,29.3,206.02,46–60 min,26.3,1.9,False
SYN-01034,Halstenbek/Rellingen,Kr. Pinneberg,suburban,53.63023,9.87953,Production & Technical,False,Day (08:00),False,5,19.5,61,False,True,-0.247,False,False,Schnelsen,schnelsen,3.15,Feeder bus,18.5,6.0,49.9,0,74.3,0.0,17.11,24.4,200.24,> 60 min,49.9,3.05,False
SYN-01035,Hamburg-Barmbek,Hamburg,urban_core,53.59743,10.05082,Office & Commercial,False,Day (08:00),False,5,19.5,51,True,True,0.581,True,False,Sengelmannstraße,sengelmannstrasse,3.04,Feeder bus,18.1,2.0,31.4,0,51.5,0.0,13.44,26.7,157.3,46–60 min,24.8,1.93,False
SYN-01036,Hamburg-Rahlstedt,Hamburg,suburban,53.58322,10.13994,Production & Technical,True,Late (14:00),True,5,19.5,49,False,True,0.782,False,False,Farmsen,farmsen,4.07,Feeder bus,21.2,3.6,66.3,2,91.1,0.0,17.66,24.8,206.58,> 60 min,66.3,3.67,False
SYN-01037,Hamburg-Bramfeld/Farmsen,Hamburg,urban,53.60653,10.10083,Production & Technical,False,Day (08:00),False,5,19.5,23,False,False,0.897,False,False,Wandsbek-Gartenstadt,wandsbek_gartenstadt,3.63,Feeder bus,19.9,2.0,51.8,2,73.7,0.0,13.01,26.4,152.18,> 60 min,47.3,2.79,False
SYN-01038,Hamburg-Barmbek,Hamburg,urban_core,53.58098,10.05385,Office & Commercial,False,Day (08:00),False,3,11.7,33,True,True,-0.973,False,False,Friedrichsberg,friedrichsberg,0.64,Walk,8.1,4.0,42.0,1,54.1,0.0,15.92,28.3,111.77,46–60 min,25.8,1.91,False
SYN-01039,Hamburg-Barmbek,Hamburg,urban_core,53.5948,10.04074,Production & Technical,True,Night (22:00),True,5,19.5,57,False,True,-0.043,False,False,Alte Wöhr,alte_woehr,0.21,Walk,2.7,6.0,40.9,1,49.5,0.0,13.84,27.0,161.96,46–60 min,22.5,1.83,False
SYN-01040,Hamburg-Langenhorn,Hamburg,urban,53.66117,10.00536,Production & Technical,True,Night (22:00),True,5,19.5,64,False,False,-1.834,True,False,Local bus stop,local_bus,0.4,Walk to bus stop,5.0,6.0,16.8,0,27.8,0.0,5.32,18.1,62.25,≤ 30 min,9.7,1.54,False
SYN-01041,Hamburg-Langenhorn,Hamburg,urban,53.67114,10.03446,Production & Technical,True,Late (14:00),True,5,19.5,55,False,False,0.582,True,False,Local bus stop,local_bus,0.4,Walk to bus stop,5.0,6.0,8.2,0,19.2,0.0,2.6,12.0,30.43,≤ 30 min,7.2,1.6,True
SYN-01042,Hamburg-Billstedt/Horn,Hamburg,urban,53.5471,10.09861,Production & Technical,True,Early (06:00),True,5,19.5,53,False,False,1.365,False,False,Legienstraße,legienstrasse,1.69,Feeder bus,14.1,3.6,62.9,1,80.6,0.0,21.5,31.1,251.57,> 60 min,49.5,2.59,False
SYN-01043,Hamburg-Rahlstedt,Hamburg,suburban,53.61979,10.16147,Office & Commercial,False,Day (08:00),False,5,19.5,48,True,False,-1.441,False,False,Meiendorfer Weg,meiendorfer_weg,3.86,Feeder bus,20.6,2.0,64.6,3,87.2,0.0,14.37,22.1,168.1,> 60 min,65.1,3.95,False
SYN-01044,Hamburg-Billstedt/Horn,Hamburg,urban,53.53754,10.10435,Production & Technical,False,Day (08:00),False,5,19.5,33,True,True,-0.371,False,False,Billstedt,billstedt,0.58,Walk,7.2,2.0,63.7,1,72.9,0.0,23.01,31.8,269.27,> 60 min,41.1,2.29,False
SYN-01045,Norderstedt,Kr. Segeberg,suburban,53.72015,9.97226,Production & Technical,True,Night (22:00),True,5,19.5,53,False,True,-1.166,False,False,Norderstedt Mitte,norderstedt_mitte,2.54,Feeder bus,16.6,3.6,23.0,0,43.2,0.0,8.26,16.3,96.67,31–45 min,26.9,2.65,False
SYN-01046,Hamburg-Bramfeld/Farmsen,Hamburg,urban,53.60546,10.10265,Field & Sales,False,Day (08:00),False,1,3.9,30,False,True,-0.104,False,True,Farmsen,farmsen,0.66,Walk,8.2,2.0,61.3,3,71.6,0.0,13.22,26.5,30.93,> 60 min,45.1,2.7,False
SYN-01047,Hamburg-Niendorf,Hamburg,urban,53.61564,9.93461,Lab & R&D,False,Day (08:00),False,4,15.6,29,False,True,0.779,False,False,Niendorf Markt,niendorf_markt,1.44,Feeder bus,13.3,2.0,50.7,0,66.0,0.0,14.61,27.5,136.78,> 60 min,38.5,2.4,False
SYN-01048,Hamburg-Wilhelmsburg,Hamburg,urban,53.50573,9.98013,Production & Technical,True,Early (06:00),True,5,19.5,28,False,True,-0.06,False,False,Wilhelmsburg,wilhelmsburg,2.87,Feeder bus,17.6,6.0,62.0,1,85.7,0.0,27.84,42.4,325.7,> 60 min,43.3,2.02,False
SYN-01049,Ellerau,Kr. Segeberg,rural,53.74984,9.93102,Production & Technical,True,Late (14:00),True,5,19.5,53,False,True,0.169,False,False,Haslohfurth,haslohfurth,4.47,Feeder bus,22.4,6.0,31.1,0,59.5,0.0,13.94,21.8,163.05,46–60 min,37.7,2.73,False
SYN-01050,Hamburg-Poppenbüttel,Hamburg,suburban,53.66205,10.06735,Office & Commercial,False,Day (08:00),False,2,7.8,41,False,True,0.982,False,False,Local bus stop,local_bus,0.4,Walk to bus stop,5.0,6.0,13.2,0,24.2,0.0,4.18,11.6,19.54,≤ 30 min,12.6,2.09,True
SYN-01051,Hamburg-Billstedt/Horn,Hamburg,urban,53.53914,10.0642,Lab & R&D,False,Day (08:00),False,5,19.5,43,False,True,1.235,False,False,Tiefstack,tiefstack,0.15,Walk,1.9,4.0,57.8,1,63.7,0.0,22.24,31.5,260.27,> 60 min,32.2,2.02,False
SYN-01052,Hamburg-Langenhorn,Hamburg,urban,53.6573,10.00831,Office & Commercial,False,Day (08:00),False,2,7.8,42,True,True,-0.968,False,False,Local bus stop,local_bus,0.4,Walk to bus stop,5.0,6.0,17.7,0,28.7,0.0,5.59,18.5,26.18,≤ 30 min,10.2,1.55,False
SYN-01053,Hamburg-Sasel/Wellingsbüttel,Hamburg,suburban,53.67382,10.11015,Production & Technical,True,Early (06:00),True,5,19.5,30,False,True,1.486,True,False,Local bus stop,local_bus,0.4,Walk to bus stop,5.0,6.0,18.9,0,29.9,0.0,6.0,13.8,70.19,≤ 30 min,16.1,2.17,False
SYN-01054,Hamburg-Langenhorn,Hamburg,urban,53.68544,10.02308,Production & Technical,True,Early (06:00),True,5,19.5,35,False,True,1.733,True,False,Local bus stop,local_bus,0.4,Walk to bus stop,5.0,6.0,6.6,0,17.6,0.0,2.09,10.8,24.42,≤ 30 min,6.8,1.63,True
SYN-01055,Hamburg-Sasel/Wellingsbüttel,Hamburg,suburban,53.68204,10.10786,Production & Technical,True,Early (06:00),True,5,19.5,35,False,True,1.569,False,False,Local bus stop,local_bus,0.4,Walk to bus stop,5.0,6.0,17.4,0,28.4,0.0,5.51,13.3,64.49,≤ 30 min,15.1,2.14,False
SYN-01056,Hamburg-Billstedt/Horn,Hamburg,urban,53.54827,10.06325,Lab & R&D,False,Day (08:00),False,3,11.7,27,False,True,0.242,False,False,Hasselbrook,hasselbrook,3.07,Feeder bus,18.2,4.0,43.8,1,66.0,0.0,20.87,30.9,146.52,> 60 min,35.1,2.14,False
SYN-01057,Schenefeld,Kr. Pinneberg,suburban,53.61188,9.82172,Lab & R&D,False,Day (08:00),False,4,15.6,36,True,True,-0.752,False,False,Krupunder,krupunder,2.99,Feeder bus,18.0,4.0,70.8,1,92.7,0.0,22.95,28.5,214.81,> 60 min,64.2,3.25,False
SYN-01058,Hamburg-Niendorf,Hamburg,urban,53.63439,9.9329,Production & Technical,True,Early (06:00),True,5,19.5,30,False,True,-0.634,False,False,Schnelsen,schnelsen,1.46,Feeder bus,13.4,6.0,49.9,0,69.2,0.0,12.81,26.2,149.93,> 60 min,43.0,2.64,False
SYN-01059,Hamburg-Altona/Ottensen,Hamburg,urban_core,53.55632,9.93094,Office & Commercial,False,Day (08:00),False,4,15.6,48,False,True,-0.852,True,False,Stephansplatz,stephansplatz,4.95,Feeder bus,23.8,2.0,43.4,0,69.2,0.0,22.14,31.4,207.24,> 60 min,37.8,2.2,False
SYN-01060,Hamburg-Stellingen/Eidelstedt,Hamburg,urban,53.60306,9.89085,Production & Technical,True,Early (06:00),True,5,19.5,49,False,False,0.045,False,False,Schnelsen,schnelsen,4.84,Feeder bus,23.5,6.0,49.9,0,79.4,0.0,18.71,29.9,218.96,> 60 min,49.5,2.66,False
SYN-01061,Ahrensburg,Kr. Stormarn,suburban,53.65769,10.24866,Office & Commercial,False,Day (08:00),False,3,11.7,28,False,True,0.981,False,False,Ahrensburg (DB),ahrensburg,2.17,Feeder bus,15.5,6.0,67.2,2,88.7,0.0,18.51,25.4,129.96,> 60 min,63.3,3.49,False
SYN-01062,Hamburg-Rahlstedt,Hamburg,suburban,53.61115,10.11419,Lab & R&D,False,Day (08:00),False,3,11.7,39,False,True,1.257,False,False,Berne,berne,0.46,Walk,5.7,2.0,63.0,3,70.7,0.0,12.88,20.8,90.4,> 60 min,49.9,3.4,False
SYN-01063,Hamburg-Sasel/Wellingsbüttel,Hamburg,suburban,53.67519,10.11108,Office & Commercial,False,Day (08:00),False,4,15.6,62,False,True,-0.919,False,False,Local bus stop,local_bus,0.4,Walk to bus stop,5.0,6.0,19.0,0,30.0,0.0,6.01,13.9,56.29,31–45 min,16.1,2.16,False
SYN-01064,Hamburg-Rahlstedt,Hamburg,suburban,53.60318,10.16754,Production & Technical,False,Day (08:00),False,5,19.5,31,True,True,0.045,False,False,Berne,berne,4.83,Feeder bus,23.5,2.0,63.0,3,88.5,0.0,16.56,23.9,193.78,> 60 min,64.6,3.7,False
SYN-01065,Hamburg-Bramfeld/Farmsen,Hamburg,urban,53.61012,10.06503,Office & Commercial,False,Day (08:00),False,4,15.6,47,False,False,-0.038,False,False,Ohlsdorf,ohlsdorf,3.28,Feeder bus,18.8,2.0,29.4,0,50.2,0.0,11.65,25.3,109.06,46–60 min,24.9,1.98,False
SYN-01066,Reinbek/Glinde,Kr. Stormarn,suburban,53.52713,10.21705,Production & Technical,True,Late (14:00),True,5,19.5,43,True,True,-0.752,False,False,Reinbek,reinbek,3.52,Feeder bus,19.6,6.0,77.6,1,103.2,0.0,28.4,40.8,332.28,> 60 min,62.4,2.53,False
SYN-01067,Hamburg-Winterhude,Hamburg,urban_core,53.58476,9.99386,Office & Commercial,False,Day (08:00),False,5,19.5,54,False,True,0.886,False,False,Kellinghusenstraße,kellinghusenstrasse,0.46,Walk,5.7,2.0,37.8,0,45.5,0.0,16.04,28.4,187.64,46–60 min,17.1,1.6,False
SYN-01068,Hamburg-Billstedt/Horn,Hamburg,urban,53.53994,10.11555,Production & Technical,False,Day (08:00),False,5,19.5,45,False,True,0.463,False,False,Merkenstraße,merkenstrasse,0.51,Walk,6.3,2.0,65.2,1,73.5,0.0,22.91,31.7,268.06,> 60 min,41.8,2.32,False
SYN-01069,Norderstedt,Kr. Segeberg,suburban,53.6961,10.03697,Lab & R&D,False,Day (08:00),False,5,19.5,37,True,True,0.125,True,False,Local bus stop,local_bus,0.4,Walk to bus stop,5.0,6.0,5.1,0,16.1,0.0,1.61,8.1,18.83,≤ 30 min,8.0,1.99,True
SYN-01070,Hamburg-Winterhude,Hamburg,urban_core,53.60975,10.00473,Production & Technical,True,Late (14:00),True,5,19.5,43,True,False,0.692,False,False,Sengelmannstraße,sengelmannstrasse,1.74,Feeder bus,14.2,3.6,31.4,0,49.2,0.0,12.17,25.7,142.37,46–60 min,23.5,1.91,False
SYN-01071,Neumünster,Kr. Neumünster,suburban,54.05747,9.99331,Production & Technical,False,Day (08:00),False,5,19.5,43,True,True,0.499,False,False,Neumünster,neumuenster,2.57,Feeder bus,16.7,6.0,133.4,2,156.1,0.0,55.82,52.5,653.07,> 60 min,103.6,2.97,False
SYN-01072,Hamburg-Rahlstedt,Hamburg,suburban,53.58639,10.16582,Production & Technical,True,Early (06:00),True,5,19.5,41,True,True,0.522,False,False,Trabrennbahn,trabrennbahn,7.07,Park+Ride,17.5,3.6,64.2,2,85.3,7.07,18.46,25.4,216.0,> 60 min,59.9,3.36,False
SYN-01073,Hamburg-Barmbek,Hamburg,urban_core,53.57171,10.03236,Production & Technical,True,Early (06:00),True,5,19.5,27,False,True,-0.238,False,False,Alsterdorf,alsterdorf,4.86,Feeder bus,23.6,3.6,33.1,0,60.3,0.0,17.34,29.2,202.93,> 60 min,31.1,2.07,False
SYN-01074,Elmshorn,Kr. Pinneberg,suburban,53.73771,9.67052,Production & Technical,True,Late (14:00),True,5,19.5,56,False,False,0.563,False,False,Elmshorn,elmshorn,2.62,Feeder bus,16.9,6.0,85.1,1,108.0,0.0,34.25,34.8,400.77,> 60 min,73.2,3.1,False
SYN-01075,Quickborn,Kr. Pinneberg,suburban,53.71316,9.8948,Office & Commercial,False,Day (08:00),False,2,7.8,54,False,True,-0.045,False,False,Quickborn,quickborn,2.42,Feeder bus,16.3,6.0,42.8,0,65.1,0.0,14.04,21.9,65.69,> 60 min,43.2,2.97,False
SYN-01076,Hamburg-Bramfeld/Farmsen,Hamburg,urban,53.60656,10.09262,Production & Technical,True,Early (06:00),True,5,19.5,31,False,True,-0.101,False,False,Rübenkamp,ruebenkamp,4.88,Feeder bus,23.6,6.0,39.2,1,68.8,0.0,12.75,26.2,149.16,> 60 min,42.6,2.63,False
SYN-01077,Hamburg-Altona/Ottensen,Hamburg,urban_core,53.55821,9.91002,Production & Technical,False,Day (08:00),False,5,19.5,39,True,False,0.634,False,False,Bahrenfeld,bahrenfeld,0.59,Walk,7.4,4.0,59.9,1,71.3,0.0,22.82,31.7,267.05,> 60 min,39.6,2.25,False
SYN-01078,Hamburg-Eimsbüttel,Hamburg,urban_core,53.58432,9.94815,Production & Technical,True,Night (22:00),True,5,19.5,40,False,True,0.728,False,False,Kellinghusenstraße,kellinghusenstrasse,3.66,Feeder bus,20.0,3.6,37.8,0,61.3,0.0,17.72,29.4,207.28,> 60 min,31.9,2.09,False
SYN-01079,Hamburg-Rahlstedt,Hamburg,suburban,53.62624,10.13873,Production & Technical,False,Day (08:00),False,5,19.5,29,True,True,1.198,False,False,Meiendorfer Weg,meiendorfer_weg,2.43,Feeder bus,16.3,2.0,64.6,3,82.9,0.0,12.27,20.3,143.53,> 60 min,62.6,4.08,False
SYN-01080,Hamburg-Bramfeld/Farmsen,Hamburg,urban,53.59537,10.07946,Lab & R&D,False,Day (08:00),False,5,19.5,21,False,True,-0.546,False,False,Barmbek,barmbek,3.39,Feeder bus,19.2,2.0,40.5,1,61.7,0.0,14.06,27.1,164.49,> 60 min,34.6,2.28,False
SYN-01081,Hamburg-Poppenbüttel,Hamburg,suburban,53.64503,10.09269,Field & Sales,False,Day (08:00),False,2,7.8,35,True,True,1.342,False,True,Local bus stop,local_bus,0.4,Walk to bus stop,5.0,6.0,23.7,0,34.7,0.0,7.52,15.5,35.19,31–45 min,19.2,2.24,False
SYN-01082,Schenefeld,Kr. Pinneberg,suburban,53.59838,9.82054,Production & Technical,True,Late (14:00),True,5,19.5,38,True,True,-0.01,False,False,Krupunder,krupunder,3.86,Feeder bus,20.6,6.0,72.8,1,99.3,0.0,24.1,29.3,281.97,> 60 min,70.0,3.39,False
SYN-01083,Tornesch,Kr. Pinneberg,rural,53.70613,9.70674,Office & Commercial,False,Day (08:00),False,3,11.7,26,True,True,-0.539,False,False,Tornesch,tornesch,1.13,Feeder bus,12.4,6.0,81.0,1,99.4,0.0,30.33,32.8,212.89,> 60 min,66.6,3.03,False
SYN-01084,Kaltenkirchen,Kr. Segeberg,suburban,53.82409,9.95015,Office & Commercial,False,Day (08:00),False,3,11.7,44,True,False,-0.67,False,False,Kaltenkirchen Süd,kaltenkirchen_sued,1.19,Feeder bus,12.6,6.0,57.4,1,76.0,0.0,22.29,28.1,156.47,> 60 min,47.9,2.7,False
SYN-01085,Reinbek/Glinde,Kr. Stormarn,suburban,53.52186,10.21376,Field & Sales,False,Day (08:00),False,2,7.8,55,False,True,-1.318,True,True,Bergedorf,bergedorf,4.77,Feeder bus,23.3,4.0,70.7,2,98.0,0.0,28.92,41.1,135.34,> 60 min,56.9,2.38,False
SYN-01086,Hamburg-Bahrenfeld/Lurup,Hamburg,urban,53.57499,9.88843,Production & Technical,True,Late (14:00),True,5,19.5,51,False,True,-1.741,False,False,Bahrenfeld,bahrenfeld,2.53,Feeder bus,16.6,6.0,61.9,1,84.5,0.0,21.91,31.3,256.4,> 60 min,53.2,2.7,False
SYN-01087,Hamburg-Blankenese/Osdorf,Hamburg,suburban,53.56178,9.75534,Production & Technical,True,Late (14:00),True,5,19.5,41,False,True,0.594,False,False,Sülldorf,suelldorf,2.68,Feeder bus,17.0,6.0,74.9,1,97.9,0.0,32.01,33.7,374.51,> 60 min,64.2,2.91,False
SYN-01088,Hamburg-Blankenese/Osdorf,Hamburg,suburban,53.57433,9.75372,Office & Commercial,False,Day (08:00),False,5,19.5,22,False,True,2.214,False,False,Sülldorf,suelldorf,1.67,Feeder bus,14.0,4.0,72.9,1,90.9,0.0,31.06,33.2,363.39,> 60 min,57.7,2.74,False
SYN-01089,Hamburg-Eimsbüttel,Hamburg,urban_core,53.57986,9.96676,Lab & R&D,False,Day (08:00),False,5,19.5,50,False,True,-1.401,True,False,Kellinghusenstraße,kellinghusenstrasse,2.3,Feeder bus,15.9,2.0,37.8,0,55.7,0.0,17.57,29.3,205.57,46–60 min,26.4,1.9,False
SYN-01090,Hamburg-Eppendorf,Hamburg,urban_core,53.58272,9.98513,Office & Commercial,False,Day (08:00),False,2,7.8,44,True,True,-0.634,False,False,Kellinghusenstraße,kellinghusenstrasse,0.79,Walk,9.9,2.0,37.8,0,49.7,0.0,16.57,28.7,77.55,46–60 min,21.0,1.73,False
SYN-01091,Hamburg-Poppenbüttel,Hamburg,suburban,53.64044,10.06769,Office & Commercial,False,Day (08:00),False,4,15.6,47,False,True,0.568,False,False,Local bus stop,local_bus,0.4,Walk to bus stop,5.0,6.0,22.8,0,33.8,0.0,7.23,15.2,67.71,31–45 min,18.6,2.22,False
SYN-01092,Hamburg-Rahlstedt,Hamburg,suburban,53.62616,10.15556,Production & Technical,False,Day (08:00),False,5,19.5,63,False,True,-0.496,False,False,Volksdorf,volksdorf,2.42,Feeder bus,16.3,2.0,67.0,2,85.3,0.0,13.32,21.2,155.9,> 60 min,64.1,4.02,False
SYN-01093,Hamburg-Volksdorf/Duvenstedt,Hamburg,suburban,53.66214,10.13392,Office & Commercial,False,Day (08:00),False,3,11.7,33,False,True,0.884,False,False,Poppenbüttel,poppenbuettel,4.28,Feeder bus,21.8,4.0,40.2,0,66.1,0.0,8.63,16.7,60.56,> 60 min,49.4,3.96,False
SYN-01094,Hamburg-Sasel/Wellingsbüttel,Hamburg,suburban,53.6504,10.0966,Lab & R&D,False,Day (08:00),False,5,19.5,20,False,True,0.165,False,False,Local bus stop,local_bus,0.4,Walk to bus stop,5.0,6.0,22.3,0,33.3,0.0,7.07,15.1,82.75,31–45 min,18.2,2.21,False
SYN-01095,Hamburg-Wandsbek,Hamburg,urban,53.58244,10.0832,Production & Technical,True,Late (14:00),True,5,19.5,30,True,True,-0.231,False,False,Barmbek,barmbek,3.52,Feeder bus,19.6,3.6,42.5,1,65.7,0.0,16.03,28.4,187.51,> 60 min,37.3,2.31,False
SYN-01096,Hamburg-Barmbek,Hamburg,urban_core,53.5863,10.03505,Office & Commercial,False,Day (08:00),False,3,11.7,47,False,True,0.041,False,False,Barmbek,barmbek,0.67,Walk,8.3,2.0,40.5,1,50.9,0.0,15.14,27.9,106.3,46–60 min,23.0,1.82,False
SYN-01097,Hamburg-Schnelsen,Hamburg,suburban,53.63185,9.89469,Production & Technical,True,Early (06:00),True,5,19.5,42,False,True,-2.482,False,False,Schnelsen,schnelsen,1.83,Feeder bus,14.5,6.0,49.9,0,70.4,0.0,15.83,23.3,185.21,> 60 min,47.1,3.02,False
SYN-01098,Hamburg-Bergedorf,Hamburg,suburban,53.48829,10.2006,Office & Commercial,False,Day (08:00),False,2,7.8,29,False,False,-1.027,False,False,Bergedorf,bergedorf,0.69,Walk,8.6,4.0,70.7,2,83.3,0.0,32.83,43.1,153.66,> 60 min,40.2,1.93,False
SYN-01099,Ellerau,Kr. Segeberg,rural,53.75242,9.9218,Office & Commercial,False,Day (08:00),False,2,7.8,26,True,True,0.915,False,False,Ellerau,ellerau,0.11,Walk,1.4,6.0,56.7,1,64.1,0.0,14.8,22.5,69.28,> 60 min,41.6,2.85,False
SYN-01100,Hamburg-Ohlsdorf,Hamburg,urban,53.63201,10.01461,Office & Commercial,False,Day (08:00),False,3,11.7,38,False,True,1.409,False,False,Fuhlsbüttel,fuhlsbuettel,0.97,Feeder bus,11.9,2.0,26.5,0,40.4,0.0,8.72,22.5,61.21,31–45 min,17.9,1.8,False
SYN-01101,Norderstedt,Kr. Segeberg,suburban,53.67973,10.02161,Field & Sales,False,Day (08:00),False,2,7.8,28,False,True,1.539,False,True,Local bus stop,local_bus,0.4,Walk to bus stop,5.0,6.0,7.8,0,18.8,0.0,2.46,9.3,11.5,≤ 30 min,9.5,2.02,True
SYN-01102,Hamburg-Bramfeld/Farmsen,Hamburg,urban,53.59447,10.07758,Office & Commercial,False,Day (08:00),False,3,11.7,48,True,True,0.491,True,False,Barmbek,barmbek,3.19,Feeder bus,18.6,2.0,40.5,1,61.1,0.0,14.16,27.2,99.38,> 60 min,33.9,2.25,False
SYN-01103,Hamburg-Harburg,Hamburg,urban,53.47851,9.98013,Production & Technical,True,Late (14:00),True,5,19.5,37,False,True,-2.023,False,False,Wilhelmsburg,wilhelmsburg,4.54,Feeder bus,22.6,6.0,62.0,1,90.7,0.0,31.84,43.4,372.56,> 60 min,47.3,2.09,False
SYN-01104,Kaltenkirchen,Kr. Segeberg,suburban,53.83032,9.94324,Production & Technical,False,Day (08:00),False,5,19.5,35,True,True,-0.618,False,False,Kaltenkirchen Süd,kaltenkirchen_sued,1.93,Feeder bus,14.8,6.0,57.4,1,78.2,0.0,23.39,28.8,273.64,> 60 min,49.4,2.72,False
SYN-01105,Hamburg-Langenhorn,Hamburg,urban,53.66964,9.99837,Production & Technical,True,Early (06:00),True,5,19.5,34,False,True,1.608,True,False,Local bus stop,local_bus,0.4,Walk to bus stop,5.0,6.0,15.8,0,26.8,0.0,5.0,17.5,58.51,≤ 30 min,9.3,1.53,True
SYN-01106,Hamburg-Wilhelmsburg,Hamburg,urban,53.49332,10.00119,Production & Technical,False,Day (08:00),False,5,19.5,45,True,True,1.723,False,False,Wilhelmsburg,wilhelmsburg,1.74,Feeder bus,14.2,4.0,60.0,1,78.3,0.0,29.34,42.8,343.33,> 60 min,35.5,1.83,False
SYN-01107,Hamburg-Langenhorn,Hamburg,urban,53.65903,10.01847,Production & Technical,False,Day (08:00),False,5,19.5,42,True,False,1.513,False,False,Local bus stop,local_bus,0.4,Walk to bus stop,5.0,6.0,15.4,0,26.4,0.0,4.87,17.2,57.01,≤ 30 min,9.2,1.53,True
SYN-01108,Hamburg-Winterhude,Hamburg,urban_core,53.5989,9.99336,Production & Technical,False,Day (08:00),False,5,19.5,44,True,True,0.08,True,False,Lattenkamp,lattenkamp,0.62,Walk,7.8,2.0,35.3,0,45.1,0.0,14.04,27.1,164.22,46–60 min,18.0,1.66,False
SYN-01109,Winsen (Luhe),Kr. Harburg,rural,53.35419,10.18985,Production & Technical,True,Early (06:00),True,5,19.5,44,False,True,-1.64,False,False,Winsen (Luhe),winsen,2.01,Feeder bus,15.0,6.0,89.4,2,110.4,0.0,51.57,58.0,603.32,> 60 min,52.4,1.9,False
SYN-01110,Hamburg-Niendorf,Hamburg,urban,53.61671,9.98109,Production & Technical,True,Early (06:00),True,5,19.5,41,False,True,0.126,False,False,Fuhlsbüttel,fuhlsbuettel,4.58,Feeder bus,22.7,3.6,26.5,0,52.8,0.0,12.04,25.6,140.87,46–60 min,27.2,2.06,False
SYN-01111,Hamburg-Fuhlsbüttel,Hamburg,urban,53.648,10.01723,Office & Commercial,False,Day (08:00),False,5,19.5,31,True,True,0.348,False,False,Local bus stop,local_bus,0.4,Walk to bus stop,5.0,6.0,20.2,0,31.2,0.0,6.4,19.6,74.85,31–45 min,11.6,1.59,False
SYN-01112,Hamburg-Barmbek,Hamburg,urban_core,53.5838,10.03263,Production & Technical,True,Late (14:00),True,5,19.5,34,True,True,2.049,True,False,Alsterdorf,alsterdorf,3.24,Feeder bus,18.7,3.6,33.1,0,55.5,0.0,15.53,28.1,181.74,46–60 min,27.4,1.98,False
SYN-01113,Hamburg-Rahlstedt,Hamburg,suburban,53.62056,10.15301,Office & Commercial,False,Day (08:00),False,2,7.8,38,False,True,0.194,False,False,Meiendorfer Weg,meiendorfer_weg,3.17,Feeder bus,18.5,2.0,64.6,3,85.1,0.0,13.76,21.6,64.38,> 60 min,63.5,3.94,False
SYN-01114,Elmshorn,Kr. Pinneberg,suburban,53.76126,9.65145,Lab & R&D,False,Day (08:00),False,5,19.5,64,False,True,-0.45,False,False,Elmshorn,elmshorn,1.21,Feeder bus,12.6,6.0,80.1,1,98.8,0.0,36.81,36.7,430.69,> 60 min,62.1,2.69,False
SYN-01115,Reinbek/Glinde,Kr. Stormarn,suburban,53.53663,10.21907,Office & Commercial,False,Day (08:00),False,2,7.8,27,True,True,0.223,False,False,Glinde (Bus),glinde,1.0,Feeder bus,12.0,6.0,84.6,2,102.6,0.0,27.31,31.2,127.79,> 60 min,71.4,3.29,False
SYN-01116,Norderstedt,Kr. Segeberg,suburban,53.70657,9.96654,Production & Technical,False,Day (08:00),False,5,19.5,37,False,True,0.383,False,False,Local bus stop,local_bus,0.4,Walk to bus stop,5.0,6.0,24.3,0,35.3,0.0,7.69,15.7,89.92,31–45 min,19.6,2.25,False
SYN-01117,Hamburg-Langenhorn,Hamburg,urban,53.6662,10.00996,Production & Technical,False,Day (08:00),False,5,19.5,43,True,False,0.76,False,False,Local bus stop,local_bus,0.4,Walk to bus stop,5.0,6.0,14.2,0,25.2,0.0,4.5,16.4,52.6,≤ 30 min,8.8,1.54,True
SYN-01118,Hamburg-Harburg,Hamburg,urban,53.47107,10.01493,Office & Commercial,False,Day (08:00),False,5,19.5,39,False,False,-0.525,True,False,Wilhelmsburg,wilhelmsburg,4.62,Feeder bus,22.9,4.0,60.0,1,86.9,0.0,32.53,43.6,380.58,> 60 min,43.3,1.99,False
SYN-01119,Hamburg-Sasel/Wellingsbüttel,Hamburg,suburban,53.64476,10.10282,Office & Commercial,False,Day (08:00),False,3,11.7,54,False,True,-1.358,False,False,Local bus stop,local_bus,0.4,Walk to bus stop,5.0,6.0,25.5,0,36.5,0.0,8.08,16.1,56.72,31–45 min,20.4,2.27,False
SYN-01120,Pinneberg,Kr. Pinneberg,suburban,53.65966,9.77167,Production & Technical,True,Late (14:00),True,5,19.5,39,False,True,1.321,False,False,Pinneberg,pinneberg,2.49,Feeder bus,16.5,6.0,74.0,1,96.5,0.0,24.77,29.7,289.85,> 60 min,66.8,3.25,False
SYN-01121,Hamburg-Billstedt/Horn,Hamburg,urban,53.54098,10.08911,Office & Commercial,False,Day (08:00),False,2,7.8,39,False,False,-1.441,True,False,Tiefstack,tiefstack,2.05,Feeder bus,15.2,4.0,57.8,1,76.9,0.0,22.24,31.4,104.08,> 60 min,45.5,2.45,False
SYN-01122,Hamburg-Langenhorn,Hamburg,urban,53.67515,10.01222,Office & Commercial,False,Day (08:00),False,3,11.7,51,False,True,1.638,True,False,Local bus stop,local_bus,0.4,Walk to bus stop,5.0,6.0,11.1,0,22.1,0.0,3.52,14.1,24.7,≤ 30 min,8.0,1.57,True
SYN-01123,Henstedt-Ulzburg,Kr. Segeberg,suburban,53.80101,9.99535,Production & Technical,False,Day (08:00),False,5,19.5,62,False,True,-2.344,False,False,Ulzburg Süd,ulzburg_sued,3.7,Feeder bus,20.1,6.0,36.8,0,62.9,0.0,17.71,24.8,207.23,> 60 min,38.1,2.54,False
SYN-01124,Hamburg-Niendorf,Hamburg,urban,53.6159,9.95642,Office & Commercial,False,Day (08:00),False,5,19.5,57,False,False,-0.685,False,False,Niendorf Markt,niendorf_markt,0.58,Walk,7.2,2.0,50.7,0,59.9,0.0,13.34,26.6,156.04,46–60 min,33.3,2.25,False
SYN-01125,Hamburg-Barmbek,Hamburg,urban_core,53.57672,10.03948,Production & Technical,False,Day (08:00),False,5,19.5,40,False,False,1.355,False,False,Friedrichsberg,friedrichsberg,0.74,Walk,9.3,4.0,42.0,1,55.3,0.0,16.56,28.7,193.74,46–60 min,26.6,1.93,False
SYN-01126,Hamburg-Altona/Ottensen,Hamburg,urban_core,53.53575,9.94239,Production & Technical,True,Night (22:00),True,5,19.5,41,True,True,0.367,True,False,Landungsbrücken,landungsbruecken,2.75,Feeder bus,17.2,3.6,55.1,1,75.9,0.0,24.52,32.3,286.83,> 60 min,43.6,2.35,False
SYN-01127,Hamburg-Rotherbaum,Hamburg,urban_core,53.57614,9.99067,Office & Commercial,False,Day (08:00),False,4,15.6,43,False,False,-0.983,False,False,Klosterstern,klosterstern,0.68,Walk,8.5,2.0,39.5,0,50.0,0.0,17.36,29.2,162.48,46–60 min,20.8,1.71,False
SYN-01128,Hamburg-Billstedt/Horn,Hamburg,urban,53.55069,10.10383,Production & Technical,False,Day (08:00),False,5,19.5,44,False,True,0.543,False,False,Legienstraße,legienstrasse,1.84,Feeder bus,14.5,2.0,60.9,1,77.4,0.0,21.08,31.0,246.68,> 60 min,46.4,2.5,False
SYN-01129,Hamburg-Rahlstedt,Hamburg,suburban,53.61497,10.12764,Office & Commercial,False,Day (08:00),False,4,15.6,33,True,True,0.117,False,False,Meiendorfer Weg,meiendorfer_weg,0.92,Walk,11.4,2.0,64.6,3,78.0,0.0,13.0,20.9,121.67,> 60 min,57.1,3.73,False
SYN-01130,Buxtehude,Kr. Stade,suburban,53.45818,9.70239,Production & Technical,True,Early (06:00),True,5,19.5,52,True,True,-0.483,False,False,Buxtehude,buxtehude,1.83,Feeder bus,14.5,6.0,102.4,2,122.9,0.0,46.04,53.4,538.68,> 60 min,69.5,2.3,False
SYN-01131,Winsen (Luhe),Kr. Harburg,rural,53.37305,10.21791,Production & Technical,False,Day (08:00),False,5,19.5,44,True,True,-0.957,False,False,Winsen (Luhe),winsen,1.98,Feeder bus,14.9,6.0,83.4,2,104.4,0.0,49.54,56.3,579.65,> 60 min,48.1,1.85,False
SYN-01132,Hamburg-Uhlenhorst,Hamburg,urban_core,53.57713,10.02625,Lab & R&D,False,Day (08:00),False,5,19.5,42,False,False,0.315,False,False,Hamburger Straße,hamburger_strasse,0.06,Walk,0.8,2.0,51.3,2,54.1,0.0,16.58,28.7,194.02,46–60 min,25.4,1.89,False
SYN-01133,Hamburg-Langenhorn,Hamburg,urban,53.65589,10.02257,Production & Technical,True,Early (06:00),True,5,19.5,28,False,True,-0.199,False,False,Local bus stop,local_bus,0.4,Walk to bus stop,5.0,6.0,16.2,0,27.2,0.0,5.12,17.7,59.93,≤ 30 min,9.5,1.54,False
SYN-01134,Hamburg-Bahrenfeld/Lurup,Hamburg,urban,53.57928,9.91209,Production & Technical,True,Early (06:00),True,5,19.5,43,True,True,2.568,False,False,Langenfelde,langenfelde,0.46,Walk,5.8,6.0,63.5,1,75.2,0.0,20.1,30.5,235.23,> 60 min,44.7,2.47,False
SYN-01135,Reinbek/Glinde,Kr. Stormarn,suburban,53.52091,10.20625,Lab & R&D,False,Day (08:00),False,5,19.5,21,False,True,0.01,False,False,Nettelnburg,nettelnburg,4.78,Feeder bus,23.3,4.0,69.3,1,96.7,0.0,28.7,41.0,335.84,> 60 min,55.7,2.36,False
SYN-01136,Hamburg-Bramfeld/Farmsen,Hamburg,urban,53.61461,10.06345,Office & Commercial,False,Day (08:00),False,4,15.6,36,True,False,-0.124,False,False,Ohlsdorf,ohlsdorf,2.86,Feeder bus,17.6,2.0,29.4,0,48.9,0.0,10.96,24.7,102.63,46–60 min,24.2,1.98,False
SYN-01137,Hamburg-Eppendorf,Hamburg,urban_core,53.59171,10.00596,Office & Commercial,False,Day (08:00),False,4,15.6,36,True,False,-0.092,False,False,Lattenkamp,lattenkamp,0.9,Walk,11.2,2.0,35.3,0,48.5,0.0,14.74,27.6,138.0,46–60 min,20.9,1.76,False
SYN-01138,Hamburg-Barmbek,Hamburg,urban_core,53.57677,10.03094,Production & Technical,True,Early (06:00),True,5,19.5,45,False,False,2.077,False,False,Alsterdorf,alsterdorf,4.13,Feeder bus,21.4,3.6,33.1,0,58.1,0.0,16.6,28.7,194.19,46–60 min,29.4,2.02,False
SYN-01139,Norderstedt,Kr. Segeberg,suburban,53.71938,10.02802,Production & Technical,False,Day (08:00),False,5,19.5,63,False,False,-2.089,False,False,Local bus stop,local_bus,0.4,Walk to bus stop,5.0,6.0,16.2,0,27.2,0.0,5.14,12.8,60.08,≤ 30 min,14.4,2.12,False
SYN-01140,Hamburg-Billstedt/Horn,Hamburg,urban,53.54305,10.09938,Office & Commercial,False,Day (08:00),False,4,15.6,48,False,True,0.409,False,False,Billstedt,billstedt,0.36,Walk,4.5,2.0,63.7,1,70.1,0.0,22.11,31.4,206.95,> 60 min,38.7,2.23,False
SYN-01141,Hamburg-Bramfeld/Farmsen,Hamburg,urban,53.61624,10.08116,Production & Technical,False,Day (08:00),False,5,19.5,58,False,True,-0.356,True,False,Ohlsdorf,ohlsdorf,4.24,Feeder bus,21.7,2.0,29.4,0,53.1,0.0,11.06,24.8,129.35,46–60 min,28.3,2.14,False
SYN-01142,Hamburg-Harburg,Hamburg,urban,53.45318,9.97674,Production & Technical,False,Day (08:00),False,5,19.5,49,False,False,-1.39,False,False,Harburg,harburg,1.25,Feeder bus,12.7,4.0,65.7,1,82.5,0.0,35.64,44.7,416.96,> 60 min,37.8,1.85,False
SYN-01143,Henstedt-Ulzburg,Kr. Segeberg,suburban,53.80444,9.95869,Office & Commercial,False,Day (08:00),False,4,15.6,54,False,True,-1.119,True,False,Ulzburg Süd,ulzburg_sued,4.73,Feeder bus,23.2,6.0,36.8,0,66.0,0.0,19.28,26.0,180.46,> 60 min,40.0,2.54,False
SYN-01144,Hamburg-Bergedorf,Hamburg,suburban,53.49024,10.23402,Production & Technical,False,Day (08:00),False,5,19.5,62,True,True,-0.116,False,False,Bergedorf,bergedorf,2.2,Feeder bus,15.6,4.0,70.7,2,90.3,0.0,33.93,43.7,397.01,> 60 min,46.6,2.07,False
SYN-01145,Hamburg-Barmbek,Hamburg,urban_core,53.57837,10.0603,Production & Technical,True,Night (22:00),True,5,19.5,34,True,True,-0.381,False,False,Barmbek,barmbek,1.92,Feeder bus,14.7,3.6,42.5,1,60.9,0.0,16.35,28.6,191.25,> 60 min,32.3,2.13,False
SYN-01146,Hamburg-Bramfeld/Farmsen,Hamburg,urban,53.60499,10.09156,Production & Technical,True,Late (14:00),True,5,19.5,33,False,True,0.56,True,False,Rübenkamp,ruebenkamp,4.79,Feeder bus,23.4,6.0,39.2,1,68.5,0.0,12.94,26.3,151.43,> 60 min,42.2,2.6,False
SYN-01147,Hamburg-Bahrenfeld/Lurup,Hamburg,urban,53.55431,9.90439,Office & Commercial,False,Day (08:00),False,4,15.6,49,False,True,1.762,False,False,Bahrenfeld,bahrenfeld,1.2,Feeder bus,12.6,4.0,59.9,1,76.5,0.0,23.59,32.0,220.78,> 60 min,44.5,2.39,False
SYN-01148,Hamburg-Harburg,Hamburg,urban,53.48463,9.97939,Office & Commercial,False,Day (08:00),False,2,7.8,42,True,False,0.321,False,False,Wilhelmsburg,wilhelmsburg,3.94,Feeder bus,20.8,4.0,60.0,1,84.9,0.0,30.95,43.2,144.86,> 60 min,41.7,1.97,False
SYN-01149,Hamburg-Eimsbüttel,Hamburg,urban_core,53.58163,9.96035,Lab & R&D,False,Day (08:00),False,4,15.6,44,False,True,-1.137,False,False,Kellinghusenstraße,kellinghusenstrasse,2.71,Feeder bus,17.1,2.0,37.8,0,56.9,0.0,17.57,29.3,164.44,46–60 min,27.6,1.94,False
SYN-01150,Pinneberg,Kr. Pinneberg,suburban,53.65966,9.79685,Production & Technical,False,Day (08:00),False,5,19.5,39,False,True,-0.897,False,False,Pinneberg,pinneberg,0.4,Walk,5.0,4.0,72.0,1,81.0,0.0,22.57,28.3,264.04,> 60 min,52.7,2.86,False
SYN-01151,Hamburg-Langenhorn,Hamburg,urban,53.67479,10.01256,Production & Technical,True,Late (14:00),True,5,19.5,35,False,True,-0.019,False,False,Local bus stop,local_bus,0.4,Walk to bus stop,5.0,6.0,11.1,0,22.1,0.0,3.52,14.1,41.19,≤ 30 min,8.0,1.57,True
SYN-01152,Pinneberg,Kr. Pinneberg,suburban,53.64232,9.79141,Office & Commercial,False,Day (08:00),False,5,19.5,60,False,True,-0.752,False,False,Pinneberg,pinneberg,2.4,Feeder bus,16.2,4.0,72.0,1,92.2,0.0,23.65,29.0,276.71,> 60 min,63.2,3.18,False
SYN-01153,Hamburg-Langenhorn,Hamburg,urban,53.66715,10.0302,Production & Technical,True,Night (22:00),True,5,19.5,30,True,True,0.502,False,False,Local bus stop,local_bus,0.4,Walk to bus stop,5.0,6.0,10.4,0,21.4,0.0,3.3,13.6,38.66,≤ 30 min,7.8,1.57,True
SYN-01154,Hamburg-Fuhlsbüttel,Hamburg,urban,53.6251,10.02097,Office & Commercial,False,Day (08:00),False,2,7.8,50,False,True,0.329,False,False,Klein Borstel,klein_borstel,0.75,Walk,9.4,2.0,28.1,0,39.5,0.0,9.56,23.4,44.73,31–45 min,16.1,1.69,False
SYN-01155,Hamburg-St. Pauli/Neustadt,Hamburg,urban_core,53.54968,9.97928,Lab & R&D,False,Day (08:00),False,3,11.7,48,True,False,1.981,False,False,Stephansplatz,stephansplatz,1.42,Feeder bus,13.2,2.0,43.4,0,58.6,0.0,21.46,31.1,150.62,46–60 min,27.5,1.88,False
SYN-01156,Norderstedt,Kr. Segeberg,suburban,53.71452,9.94986,Office & Commercial,False,Day (08:00),False,4,15.6,25,False,True,0.18,False,False,Norderstedt Mitte,norderstedt_mitte,3.67,Feeder bus,20.0,2.0,23.0,0,45.0,0.0,9.53,17.6,89.17,46–60 min,27.4,2.56,False
SYN-01157,Norderstedt,Kr. Segeberg,suburban,53.68402,9.9954,Production & Technical,True,Night (22:00),True,5,19.5,33,True,True,-1.102,False,False,Local bus stop,local_bus,0.4,Walk to bus stop,5.0,6.0,14.4,0,25.4,0.0,4.56,12.1,53.31,≤ 30 min,13.3,2.1,True
SYN-01158,Norderstedt,Kr. Segeberg,suburban,53.72588,9.97811,Field & Sales,False,Day (08:00),False,2,7.8,35,True,True,1.17,False,True,Friedrichsgabe,friedrichsgabe,0.59,Walk,7.4,6.0,28.4,0,41.8,0.0,8.43,16.5,39.43,31–45 min,25.3,2.53,False
SYN-01159,Hamburg-Barmbek,Hamburg,urban_core,53.57347,10.02112,Production & Technical,False,Day (08:00),False,5,19.5,48,False,True,1.513,True,False,Klosterstern,klosterstern,2.21,Feeder bus,15.6,2.0,39.5,0,57.1,0.0,17.18,29.1,201.05,46–60 min,28.0,1.96,False
SYN-01160,Hamburg-Wilhelmsburg,Hamburg,urban,53.49633,10.00869,Lab & R&D,False,Day (08:00),False,5,19.5,38,True,True,0.449,False,False,Wilhelmsburg,wilhelmsburg,1.04,Feeder bus,12.1,4.0,60.0,1,76.2,0.0,28.81,42.7,337.1,> 60 min,33.5,1.78,False
SYN-01161,Norderstedt,Kr. Segeberg,suburban,53.69906,9.94803,Office & Commercial,False,Day (08:00),False,2,7.8,41,False,True,-0.33,False,False,Norderstedt Mitte,norderstedt_mitte,3.78,Feeder bus,20.3,2.0,23.0,0,45.3,0.0,8.93,17.0,41.8,46–60 min,28.3,2.66,False
SYN-01162,Hamburg-Rahlstedt,Hamburg,suburban,53.59928,10.15476,Office & Commercial,False,Day (08:00),False,5,19.5,26,False,True,0.789,False,False,Farmsen,farmsen,4.45,Feeder bus,22.3,2.0,61.3,3,85.7,0.0,16.31,23.7,190.88,> 60 min,62.0,3.62,False
SYN-01163,Henstedt-Ulzburg,Kr. Segeberg,suburban,53.80281,9.96516,Lab & R&D,False,Day (08:00),False,3,11.7,64,False,False,-0.678,True,False,Ulzburg Süd,ulzburg_sued,4.26,Feeder bus,21.8,6.0,36.8,0,64.6,0.0,18.83,25.7,132.18,> 60 min,38.9,2.51,False
SYN-01164,Hamburg-Ohlsdorf,Hamburg,urban,53.63008,10.0496,Office & Commercial,False,Day (08:00),False,3,11.7,43,True,True,-1.922,False,False,Fuhlsbüttel,fuhlsbuettel,2.24,Feeder bus,15.7,2.0,26.5,0,44.2,0.0,8.54,22.3,59.96,31–45 min,21.9,1.98,False
SYN-01165,Hamburg-Langenhorn,Hamburg,urban,53.68645,10.01388,Production & Technical,False,Day (08:00),False,5,19.5,47,False,True,0.63,False,False,Local bus stop,local_bus,0.4,Walk to bus stop,5.0,6.0,9.1,0,20.1,0.0,2.89,12.7,33.85,≤ 30 min,7.4,1.58,True
SYN-01166,Ellerau,Kr. Segeberg,rural,53.7564,9.90705,Production & Technical,True,Early (06:00),True,5,19.5,36,False,True,0.692,True,False,Quickborn,quickborn,3.97,Feeder bus,20.9,6.0,42.8,0,69.7,0.0,16.18,23.6,189.35,> 60 min,46.1,2.95,False
SYN-01167,Henstedt-Ulzburg,Kr. Segeberg,suburban,53.79739,9.96503,Office & Commercial,False,Day (08:00),False,2,7.8,35,False,True,1.458,False,False,Ulzburg Süd,ulzburg_sued,3.57,Feeder bus,19.7,6.0,36.8,0,62.5,0.0,18.08,25.1,84.64,> 60 min,37.4,2.49,False
SYN-01168,Hamburg-St. Pauli/Neustadt,Hamburg,urban_core,53.54333,9.96657,Office & Commercial,False,Day (08:00),False,4,15.6,63,True,True,-0.731,False,False,Landungsbrücken,landungsbruecken,0.44,Walk,5.5,2.0,53.1,1,60.6,0.0,22.7,31.6,212.49,> 60 min,29.0,1.92,False
SYN-01169,Hamburg-Bergedorf,Hamburg,suburban,53.4965,10.18659,Production & Technical,False,Day (08:00),False,5,19.5,21,False,True,0.476,False,False,Nettelnburg,nettelnburg,0.88,Walk,11.0,4.0,69.3,1,84.3,0.0,31.2,42.3,365.02,> 60 min,42.0,1.99,False
SYN-01170,Hamburg-Langenhorn,Hamburg,urban,53.66747,10.03852,Office & Commercial,False,Day (08:00),False,2,7.8,45,False,True,0.348,False,False,Local bus stop,local_bus,0.4,Walk to bus stop,5.0,6.0,9.5,0,20.5,0.0,3.01,12.9,14.08,≤ 30 min,7.6,1.59,True
SYN-01171,Hamburg-Winterhude,Hamburg,urban_core,53.59582,9.99153,Office & Commercial,False,Day (08:00),False,3,11.7,29,True,True,0.652,True,False,Lattenkamp,lattenkamp,0.69,Walk,8.7,2.0,35.3,0,45.9,0.0,14.53,27.5,101.97,46–60 min,18.4,1.67,False
SYN-01172,Hamburg-Bahrenfeld/Lurup,Hamburg,urban,53.58316,9.9167,Production & Technical,True,Late (14:00),True,5,19.5,38,False,False,0.332,False,False,Langenfelde,langenfelde,0.49,Walk,6.1,6.0,63.5,1,75.6,0.0,19.39,30.2,226.89,> 60 min,45.4,2.5,False
SYN-01173,Hamburg-Sasel/Wellingsbüttel,Hamburg,suburban,53.65565,10.12962,Production & Technical,True,Late (14:00),True,5,19.5,35,True,True,0.054,False,False,Poppenbüttel,poppenbuettel,3.85,Feeder bus,20.6,6.0,40.2,0,66.8,0.0,8.77,16.9,102.55,> 60 min,49.9,3.95,False
SYN-01174,Hamburg-Bahrenfeld/Lurup,Hamburg,urban,53.5644,9.90633,Office & Commercial,False,Day (08:00),False,3,11.7,31,True,False,0.545,False,False,Bahrenfeld,bahrenfeld,0.37,Walk,4.7,4.0,59.9,1,68.6,0.0,22.23,31.4,156.02,> 60 min,37.2,2.18,False
SYN-01175,Hamburg-Rotherbaum,Hamburg,urban_core,53.5689,9.99568,Production & Technical,False,Day (08:00),False,5,19.5,42,False,False,1.091,False,False,Hallerstraße,hallerstrasse,0.25,Walk,3.1,2.0,41.4,0,46.5,0.0,18.29,29.7,213.97,46–60 min,16.8,1.57,False
SYN-01176,Hamburg-Bahrenfeld/Lurup,Hamburg,urban,53.5684,9.90955,Production & Technical,True,Early (06:00),True,5,19.5,20,False,True,1.737,False,False,Sternschanze,sternschanze,4.94,Feeder bus,23.8,3.6,51.3,1,78.7,0.0,21.57,31.2,252.34,> 60 min,47.5,2.52,False
SYN-01177,Hamburg-Eppendorf,Hamburg,urban_core,53.59537,9.96582,Production & Technical,False,Day (08:00),False,5,19.5,39,False,False,-0.356,False,False,Lattenkamp,lattenkamp,2.89,Feeder bus,17.7,2.0,35.3,0,54.9,0.0,15.51,28.1,181.42,46–60 min,26.8,1.95,False
SYN-01178,Hamburg-Winterhude,Hamburg,urban_core,53.59447,10.03112,Production & Technical,True,Night (22:00),True,5,19.5,41,False,True,0.194,False,False,Alsterdorf,alsterdorf,1.88,Feeder bus,14.6,3.6,33.1,0,51.4,0.0,13.95,27.1,163.21,46–60 min,24.3,1.9,False
SYN-01179,Hamburg-Schnelsen,Hamburg,suburban,53.63481,9.90892,Production & Technical,True,Night (22:00),True,5,19.5,27,False,True,-0.273,False,False,Schnelsen,schnelsen,0.66,Walk,8.3,6.0,49.9,0,64.1,0.0,14.52,22.3,169.89,> 60 min,41.8,2.87,False
SYN-01180,Hamburg-Schnelsen,Hamburg,suburban,53.64839,9.93128,Office & Commercial,False,Day (08:00),False,3,11.7,59,False,True,-0.949,False,False,Schnelsen,schnelsen,2.58,Feeder bus,16.7,6.0,49.9,0,72.6,0.0,11.76,19.8,82.58,> 60 min,52.8,3.67,False
SYN-01181,Hamburg-Bahrenfeld/Lurup,Hamburg,urban,53.57704,9.86535,Production & Technical,True,Early (06:00),True,5,19.5,35,True,True,-1.349,False,False,Othmarschen,othmarschen,2.99,Feeder bus,18.0,6.0,64.3,1,88.2,0.0,23.06,31.8,269.86,> 60 min,56.4,2.77,False
SYN-01182,Hamburg-Langenhorn,Hamburg,urban,53.67429,10.00373,Field & Sales,False,Day (08:00),False,2,7.8,39,False,True,0.224,False,True,Local bus stop,local_bus,0.4,Walk to bus stop,5.0,6.0,13.4,0,24.4,0.0,4.24,15.8,19.87,≤ 30 min,8.6,1.54,True
SYN-01183,Norderstedt,Kr. Segeberg,suburban,53.69605,10.00694,Lab & R&D,False,Day (08:00),False,4,15.6,35,True,True,0.496,False,False,Local bus stop,local_bus,0.4,Walk to bus stop,5.0,6.0,11.9,0,22.9,0.0,3.77,11.0,35.24,≤ 30 min,11.9,2.08,True
SYN-01184,Hamburg-Niendorf,Hamburg,urban,53.61968,9.94695,Office & Commercial,False,Day (08:00),False,3,11.7,41,False,True,0.012,True,False,Niendorf Markt,niendorf_markt,0.4,Walk,5.0,2.0,50.7,0,57.7,0.0,13.43,26.7,94.26,46–60 min,31.0,2.16,False
SYN-01185,Hamburg-Niendorf,Hamburg,urban,53.6237,9.94632,Field & Sales,False,Day (08:00),False,3,11.7,56,False,True,-0.092,False,True,Niendorf Markt,niendorf_markt,0.89,Walk,11.1,2.0,50.7,0,63.7,0.0,13.02,26.4,91.38,> 60 min,37.3,2.41,False
SYN-01186,Henstedt-Ulzburg,Kr. Segeberg,suburban,53.79614,9.94848,Lab & R&D,False,Day (08:00),False,5,19.5,64,False,True,-0.048,True,False,Ulzburg Süd,ulzburg_sued,4.33,Feeder bus,22.0,6.0,36.8,0,64.8,0.0,18.55,25.5,217.08,> 60 min,39.3,2.54,False
SYN-01187,Hamburg-Winterhude,Hamburg,urban_core,53.58259,10.0272,Production & Technical,True,Early (06:00),True,5,19.5,50,False,False,1.628,True,False,Alsterdorf,alsterdorf,3.23,Feeder bus,18.7,3.6,33.1,0,55.4,0.0,15.76,28.2,184.38,46–60 min,27.2,1.96,False
SYN-01188,Seevetal/Neu Wulmstorf,Kr. Harburg,rural,53.43432,9.90095,Office & Commercial,False,Day (08:00),False,3,11.7,54,False,True,-0.92,False,False,Harburg Rathaus,harburg_rathaus,7.67,Park+Ride,18.2,4.0,67.2,1,89.4,7.67,40.08,48.4,281.36,> 60 min,41.0,1.85,False
SYN-01189,Hamburg-Langenhorn,Hamburg,urban,53.67485,9.99221,Production & Technical,False,Day (08:00),False,5,19.5,61,False,True,-1.338,False,False,Local bus stop,local_bus,0.4,Walk to bus stop,5.0,6.0,16.3,0,27.3,0.0,5.15,17.8,60.26,≤ 30 min,9.5,1.53,False
SYN-01190,Hamburg-Rahlstedt,Hamburg,suburban,53.60322,10.16596,Office & Commercial,False,Day (08:00),False,3,11.7,45,False,False,-0.24,False,False,Berne,berne,4.69,Feeder bus,23.1,2.0,63.0,3,88.1,0.0,16.47,23.9,115.59,> 60 min,64.2,3.69,False
SYN-01191,Hamburg-Eppendorf,Hamburg,urban_core,53.59344,9.96852,Office & Commercial,False,Day (08:00),False,4,15.6,59,False,True,1.95,True,False,Hudtwalckerstraße,hudtwalckerstrasse,2.21,Feeder bus,15.6,2.0,36.5,0,54.2,0.0,15.66,28.2,146.54,46–60 min,26.0,1.92,False
SYN-01192,Hamburg-Winterhude,Hamburg,urban_core,53.58838,10.0309,Production & Technical,False,Day (08:00),False,5,19.5,51,False,True,-0.961,False,False,Alsterdorf,alsterdorf,2.58,Feeder bus,16.7,2.0,33.1,0,51.9,0.0,14.86,27.7,173.88,46–60 min,24.2,1.87,False
SYN-01193,Neumünster,Kr. Neumünster,suburban,54.07864,9.96047,Production & Technical,False,Day (08:00),False,5,19.5,44,True,False,0.517,False,False,Neumünster,neumuenster,1.95,Feeder bus,14.8,6.0,133.4,2,154.2,0.0,59.29,55.4,693.66,> 60 min,98.8,2.78,False
SYN-01194,Reinbek/Glinde,Kr. Stormarn,suburban,53.52701,10.23205,Field & Sales,False,Day (08:00),False,3,11.7,46,False,True,0.991,False,True,Reinbek,reinbek,2.71,Feeder bus,17.1,6.0,75.6,1,98.7,0.0,29.15,41.2,204.64,> 60 min,57.5,2.4,False
SYN-01195,Bad Segeberg,Kr. Segeberg,rural,53.94832,10.31748,Production & Technical,False,Day (08:00),False,5,19.5,22,False,True,-2.332,False,False,Bad Segeberg (Bus),bad_segeberg,2.0,Feeder bus,15.0,6.0,109.2,2,130.2,0.0,46.0,44.3,538.25,> 60 min,85.9,2.94,False
SYN-01196,Hamburg-Niendorf,Hamburg,urban,53.63967,9.94952,Production & Technical,True,Night (22:00),True,5,19.5,45,False,True,0.51,False,False,Hamburg Airport,airport,4.13,Feeder bus,21.4,6.0,40.0,1,67.4,0.0,11.17,24.9,130.63,> 60 min,42.5,2.71,False
SYN-01197,Hamburg-Schnelsen,Hamburg,suburban,53.64122,9.90875,Production & Technical,False,Day (08:00),False,5,19.5,25,False,True,0.787,True,False,Schnelsen,schnelsen,1.34,Feeder bus,13.0,6.0,49.9,0,68.9,0.0,14.04,21.9,164.24,> 60 min,47.0,3.15,False
SYN-01198,Hamburg-Rahlstedt,Hamburg,suburban,53.61311,10.14261,Office & Commercial,False,Day (08:00),False,4,15.6,24,False,True,-0.067,False,False,Berne,berne,2.72,Feeder bus,17.2,2.0,63.0,3,82.2,0.0,14.0,21.8,131.08,> 60 min,60.4,3.77,False
SYN-01199,Hamburg-Sasel/Wellingsbüttel,Hamburg,suburban,53.66754,10.10598,Lab & R&D,False,Day (08:00),False,5,19.5,44,False,True,-0.78,False,False,Local bus stop,local_bus,0.4,Walk to bus stop,5.0,6.0,19.1,0,30.1,0.0,6.04,13.9,70.72,31–45 min,16.2,2.17,False
SYN-01200,Hamburg-Bahrenfeld/Lurup,Hamburg,urban,53.55951,9.91065,Office & Commercial,False,Day (08:00),False,4,15.6,30,False,True,-0.241,False,False,Bahrenfeld,bahrenfeld,0.43,Walk,5.3,4.0,59.9,1,69.3,0.0,22.63,31.6,211.81,> 60 min,37.7,2.19,False
