employee_id,zone,region,urbanity,home_lat,home_lon,job_family,shift_worker,shift_pattern,offpeak_travel,days_on_site_per_week,commute_days_per_month,age,has_children_under12,car_available,green_attitude,already_has_dticket,field_role
SYN-00001,Hamburg-Wilhelmsburg,Hamburg,urban,53.49111,9.99381,Production & Technical,True,Early (06:00),True,5,19.5,32,False,True,0.852,False,False
SYN-00002,Hamburg-Barmbek,Hamburg,urban_core,53.58815,10.02049,Production & Technical,True,Early (06:00),True,5,19.5,48,False,False,1.207,False,False
SYN-00003,Quickborn,Kr. Pinneberg,suburban,53.72932,9.87636,Office & Commercial,False,Day (08:00),False,2,7.8,45,True,True,-0.133,False,False
SYN-00004,Hamburg-Billstedt/Horn,Hamburg,urban,53.55978,10.07009,Production & Technical,True,Early (06:00),True,5,19.5,51,False,False,-0.299,False,False
SYN-00005,Hamburg-Langenhorn,Hamburg,urban,53.67301,10.01336,Lab & R&D,False,Day (08:00),False,5,19.5,38,False,True,0.35,False,False
SYN-00006,Reinbek/Glinde,Kr. Stormarn,suburban,53.52509,10.2384,Production & Technical,False,Day (08:00),False,5,19.5,32,False,True,-0.35,False,False
SYN-00007,Hamburg-Blankenese/Osdorf,Hamburg,suburban,53.5521,9.78588,Production & Technical,True,Late (14:00),True,5,19.5,52,False,True,0.937,False,False
SYN-00008,Hamburg-Harburg,Hamburg,urban,53.45448,10.01017,Production & Technical,False,Day (08:00),False,5,19.5,36,False,True,2.127,False,False
SYN-00009,Hamburg-Langenhorn,Hamburg,urban,53.6676,10.03157,Production & Technical,True,Late (14:00),True,5,19.5,44,False,True,1.566,False,False
SYN-00010,Hamburg-Eppendorf,Hamburg,urban_core,53.59793,9.97891,Production & Technical,False,Day (08:00),False,5,19.5,25,True,True,-1.518,True,False
SYN-00011,Hamburg-Winterhude,Hamburg,urban_core,53.58916,9.98842,Office & Commercial,False,Day (08:00),False,3,11.7,36,False,True,0.013,False,False
SYN-00012,Uetersen,Kr. Pinneberg,rural,53.6991,9.66071,Production & Technical,False,Day (08:00),False,5,19.5,53,False,False,-0.479,False,False
SYN-00013,Hamburg-Rahlstedt,Hamburg,suburban,53.58867,10.17084,Office & Commercial,False,Day (08:00),False,4,15.6,34,True,True,0.496,False,False
SYN-00014,Henstedt-Ulzburg,Kr. Segeberg,suburban,53.77644,9.9745,Lab & R&D,False,Day (08:00),False,4,15.6,51,True,True,-1.977,False,False
SYN-00015,Hamburg-Barmbek,Hamburg,urban_core,53.57661,10.04115,Office & Commercial,False,Day (08:00),False,4,15.6,20,False,False,-1.027,False,False
SYN-00016,Hamburg-Poppenbüttel,Hamburg,suburban,53.66815,10.10004,Office & Commercial,False,Day (08:00),False,2,7.8,36,False,False,1.307,True,False
SYN-00017,Hamburg-Altona/Ottensen,Hamburg,urban_core,53.55284,9.94691,Production & Technical,True,Early (06:00),True,5,19.5,40,True,True,-0.176,False,False
SYN-00018,Norderstedt,Kr. Segeberg,suburban,53.68274,9.98811,Production & Technical,True,Late (14:00),True,5,19.5,61,False,False,-1.904,False,False
SYN-00019,Henstedt-Ulzburg,Kr. Segeberg,suburban,53.80684,9.99285,Production & Technical,True,Late (14:00),True,5,19.5,29,False,True,-0.987,False,False
SYN-00020,Hamburg-Rahlstedt,Hamburg,suburban,53.61088,10.15045,Field & Sales,False,Day (08:00),False,2,7.8,49,False,True,0.174,False,True
SYN-00021,Hamburg-Blankenese/Osdorf,Hamburg,suburban,53.57573,9.80121,Office & Commercial,False,Day (08:00),False,2,7.8,54,False,True,-1.123,True,False
SYN-00022,Hamburg-Bramfeld/Farmsen,Hamburg,urban,53.61292,10.10454,Production & Technical,True,Night (22:00),True,5,19.5,34,True,True,0.525,False,False
SYN-00023,Bad Oldesloe,Kr. Stormarn,rural,53.81063,10.34736,Office & Commercial,False,Day (08:00),False,3,11.7,38,False,True,-1.212,False,False
SYN-00024,Pinneberg,Kr. Pinneberg,suburban,53.66985,9.81454,Lab & R&D,False,Day (08:00),False,5,19.5,44,False,True,-1.878,False,False
SYN-00025,Hamburg-Wilhelmsburg,Hamburg,urban,53.51254,10.00082,Office & Commercial,False,Day (08:00),False,4,15.6,26,False,True,1.841,False,False
SYN-00026,Hamburg-Niendorf,Hamburg,urban,53.61716,9.91893,Office & Commercial,False,Day (08:00),False,2,7.8,37,True,True,0.632,False,False
SYN-00027,Hamburg-Eppendorf,Hamburg,urban_core,53.59839,9.9915,Lab & R&D,False,Day (08:00),False,5,19.5,56,False,False,-0.217,True,False
SYN-00028,Norderstedt,Kr. Segeberg,suburban,53.69825,9.96077,Office & Commercial,False,Day (08:00),False,3,11.7,48,True,True,-0.721,False,False
SYN-00029,Hamburg-Fuhlsbüttel,Hamburg,urban,53.62618,10.00682,Office & Commercial,False,Day (08:00),False,2,7.8,40,False,False,1.648,True,False
SYN-00030,Hamburg-Billstedt/Horn,Hamburg,urban,53.54525,10.08079,Production & Technical,False,Day (08:00),False,5,19.5,43,True,True,0.725,True,False
SYN-00031,Hamburg-Bahrenfeld/Lurup,Hamburg,urban,53.57992,9.88453,Production & Technical,False,Day (08:00),False,5,19.5,48,False,True,1.197,False,False
SYN-00032,Bargteheide,Kr. Stormarn,rural,53.72596,10.24791,Field & Sales,False,Day (08:00),False,3,11.7,50,False,True,-1.017,False,True
SYN-00033,Hamburg-Bramfeld/Farmsen,Hamburg,urban,53.60251,10.08241,Office & Commercial,False,Day (08:00),False,2,7.8,36,False,True,0.301,False,False
SYN-00034,Hamburg-Winterhude,Hamburg,urban_core,53.58914,10.03017,Production & Technical,False,Day (08:00),False,5,19.5,59,False,True,0.469,False,False
SYN-00035,Hamburg-Eimsbüttel,Hamburg,urban_core,53.57557,9.94308,Office & Commercial,False,Day (08:00),False,3,11.7,56,False,True,-0.433,False,False
SYN-00036,Hamburg-Niendorf,Hamburg,urban,53.626,9.9472,Production & Technical,False,Day (08:00),False,5,19.5,49,False,True,-0.062,True,False
SYN-00037,Hamburg-Langenhorn,Hamburg,urban,53.66503,10.01079,Lab & R&D,False,Day (08:00),False,4,15.6,33,False,True,-0.284,False,False
SYN-00038,Hamburg-Eimsbüttel,Hamburg,urban_core,53.57261,9.9398,Production & Technical,True,Early (06:00),True,5,19.5,31,True,True,0.932,True,False
SYN-00039,Hamburg-Poppenbüttel,Hamburg,suburban,53.64934,10.09039,Office & Commercial,False,Day (08:00),False,3,11.7,38,False,True,-1.355,False,False
SYN-00040,Hamburg-Billstedt/Horn,Hamburg,urban,53.54532,10.07614,Office & Commercial,False,Day (08:00),False,4,15.6,43,False,True,0.705,False,False
SYN-00041,Hamburg-Barmbek,Hamburg,urban_core,53.6,10.03963,Production & Technical,False,Day (08:00),False,5,19.5,23,False,False,0.977,True,False
SYN-00042,Henstedt-Ulzburg,Kr. Segeberg,suburban,53.79679,9.9982,Production & Technical,True,Early (06:00),True,5,19.5,47,True,True,-0.387,False,False
SYN-00043,Hamburg-Stellingen/Eidelstedt,Hamburg,urban,53.60318,9.92738,Office & Commercial,False,Day (08:00),False,4,15.6,56,True,True,0.366,False,False
SYN-00044,Hamburg-Volksdorf/Duvenstedt,Hamburg,suburban,53.64427,10.15755,Production & Technical,True,Night (22:00),True,5,19.5,48,False,True,-0.565,True,False
SYN-00045,Henstedt-Ulzburg,Kr. Segeberg,suburban,53.77667,9.98265,Production & Technical,True,Late (14:00),True,5,19.5,35,False,False,-0.653,False,False
SYN-00046,Hamburg-Neugraben,Hamburg,suburban,53.45951,9.84987,Office & Commercial,False,Day (08:00),False,5,19.5,33,False,True,0.594,False,False
SYN-00047,Hamburg-Winterhude,Hamburg,urban_core,53.60704,10.01646,Production & Technical,True,Early (06:00),True,5,19.5,45,False,False,0.887,True,False
SYN-00048,Hamburg-Sasel/Wellingsbüttel,Hamburg,suburban,53.65161,10.11972,Production & Technical,False,Day (08:00),False,5,19.5,40,True,True,-0.574,True,False
SYN-00049,Hamburg-Billstedt/Horn,Hamburg,urban,53.52665,10.07226,Production & Technical,True,Early (06:00),True,5,19.5,47,True,True,-0.526,False,False
SYN-00050,Hamburg-Langenhorn,Hamburg,urban,53.6571,10.00308,Lab & R&D,False,Day (08:00),False,5,19.5,49,False,True,-0.15,False,False
SYN-00051,Hamburg-Niendorf,Hamburg,urban,53.61657,9.94121,Production & Technical,True,Early (06:00),True,5,19.5,54,False,True,-0.602,False,False
SYN-00052,Norderstedt,Kr. Segeberg,suburban,53.70408,9.9779,Production & Technical,False,Day (08:00),False,5,19.5,30,True,False,1.625,False,False
SYN-00053,Hamburg-Harburg,Hamburg,urban,53.45424,9.96806,Production & Technical,False,Day (08:00),False,5,19.5,44,False,True,0.433,False,False
SYN-00054,Hamburg-Billstedt/Horn,Hamburg,urban,53.54942,10.0612,Production & Technical,True,Early (06:00),True,5,19.5,38,False,False,0.231,False,False
SYN-00055,Hamburg-Stellingen/Eidelstedt,Hamburg,urban,53.59556,9.90253,Production & Technical,True,Early (06:00),True,5,19.5,41,False,True,-0.766,True,False
SYN-00056,Hamburg-Wilhelmsburg,Hamburg,urban,53.48484,10.00186,Production & Technical,False,Day (08:00),False,5,19.5,52,False,False,0.722,False,False
SYN-00057,Hamburg-Eppendorf,Hamburg,urban_core,53.58081,9.9728,Production & Technical,True,Early (06:00),True,5,19.5,53,False,False,-0.445,False,False
SYN-00058,Hamburg-Wandsbek,Hamburg,urban,53.5894,10.0879,Production & Technical,False,Day (08:00),False,5,19.5,57,True,True,-0.753,False,False
SYN-00059,Hamburg-Langenhorn,Hamburg,urban,53.67011,10.03976,Lab & R&D,False,Day (08:00),False,5,19.5,47,False,False,0.839,False,False
SYN-00060,Hamburg-Langenhorn,Hamburg,urban,53.65433,10.01281,Production & Technical,True,Night (22:00),True,5,19.5,41,False,False,0.554,True,False
SYN-00061,Hamburg-Billstedt/Horn,Hamburg,urban,53.5483,10.08431,Production & Technical,True,Late (14:00),True,5,19.5,39,True,True,-2.303,False,False
SYN-00062,Hamburg-Eimsbüttel,Hamburg,urban_core,53.57358,9.93943,Lab & R&D,False,Day (08:00),False,5,19.5,23,False,False,0.509,False,False
SYN-00063,Hamburg-Altona/Ottensen,Hamburg,urban_core,53.56062,9.93926,Lab & R&D,False,Day (08:00),False,5,19.5,57,False,True,0.226,False,False
SYN-00064,Hamburg-Blankenese/Osdorf,Hamburg,suburban,53.54938,9.77175,Office & Commercial,False,Day (08:00),False,2,7.8,38,False,True,-0.373,False,False
SYN-00065,Hamburg-Rahlstedt,Hamburg,suburban,53.60837,10.18669,Production & Technical,False,Day (08:00),False,5,19.5,48,True,True,-0.04,False,False
SYN-00066,Hamburg-Altona/Ottensen,Hamburg,urban_core,53.55038,9.90298,Production & Technical,True,Night (22:00),True,5,19.5,49,False,True,-1.576,False,False
SYN-00067,Hamburg-Altona/Ottensen,Hamburg,urban_core,53.55547,9.91897,Production & Technical,True,Early (06:00),True,5,19.5,28,True,True,-2.248,False,False
SYN-00068,Hamburg-Volksdorf/Duvenstedt,Hamburg,suburban,53.62929,10.13674,Production & Technical,True,Early (06:00),True,5,19.5,32,False,True,-0.909,False,False
SYN-00069,Norderstedt,Kr. Segeberg,suburban,53.68736,9.97463,Production & Technical,True,Early (06:00),True,5,19.5,59,False,True,-0.101,False,False
SYN-00070,Hamburg-Barmbek,Hamburg,urban_core,53.579,10.05625,Office & Commercial,False,Day (08:00),False,3,11.7,45,True,False,-2.925,False,False
SYN-00071,Hamburg-Schnelsen,Hamburg,suburban,53.6183,9.92989,Production & Technical,True,Night (22:00),True,5,19.5,36,False,False,-0.844,False,False
SYN-00072,Hamburg-Barmbek,Hamburg,urban_core,53.59156,10.02733,Office & Commercial,False,Day (08:00),False,5,19.5,41,True,False,-1.556,False,False
SYN-00073,Quickborn,Kr. Pinneberg,suburban,53.72711,9.88512,Production & Technical,False,Day (08:00),False,5,19.5,54,False,False,-0.543,False,False
SYN-00074,Hamburg-Poppenbüttel,Hamburg,suburban,53.642,10.08184,Production & Technical,False,Day (08:00),False,5,19.5,52,False,True,1.691,False,False
SYN-00075,Norderstedt,Kr. Segeberg,suburban,53.69839,10.009,Office & Commercial,False,Day (08:00),False,4,15.6,26,False,True,-0.051,False,False
SYN-00076,Hamburg-Sasel/Wellingsbüttel,Hamburg,suburban,53.67209,10.11668,Lab & R&D,False,Day (08:00),False,4,15.6,60,False,False,-0.508,False,False
SYN-00077,Hamburg-Volksdorf/Duvenstedt,Hamburg,suburban,53.65689,10.17459,Production & Technical,True,Late (14:00),True,5,19.5,53,True,True,0.556,True,False
SYN-00078,Hamburg-Billstedt/Horn,Hamburg,urban,53.54753,10.10138,Office & Commercial,False,Day (08:00),False,4,15.6,40,True,True,0.205,False,False
SYN-00079,Hamburg-Altona/Ottensen,Hamburg,urban_core,53.5403,9.9501,Production & Technical,True,Early (06:00),True,5,19.5,29,True,True,0.352,False,False
SYN-00080,Hamburg-Wilhelmsburg,Hamburg,urban,53.52119,10.00003,Production & Technical,True,Night (22:00),True,5,19.5,54,False,True,0.877,False,False
SYN-00081,Hamburg-Billstedt/Horn,Hamburg,urban,53.53156,10.08927,Office & Commercial,False,Day (08:00),False,4,15.6,47,False,True,0.539,False,False
SYN-00082,Hamburg-Barmbek,Hamburg,urban_core,53.58598,10.05733,Production & Technical,False,Day (08:00),False,5,19.5,26,False,True,0.905,False,False
SYN-00083,Hamburg-Bergedorf,Hamburg,suburban,53.50194,10.22835,Production & Technical,False,Day (08:00),False,5,19.5,39,True,True,-0.189,True,False
SYN-00084,Hamburg-Ohlsdorf,Hamburg,urban,53.61935,10.04537,Office & Commercial,False,Day (08:00),False,2,7.8,64,False,True,-0.563,True,False
SYN-00085,Norderstedt,Kr. Segeberg,suburban,53.71815,9.94817,Production & Technical,False,Day (08:00),False,5,19.5,42,True,True,0.817,False,False
SYN-00086,Norderstedt,Kr. Segeberg,suburban,53.68343,10.02932,Production & Technical,False,Day (08:00),False,5,19.5,34,True,True,-0.303,False,False
SYN-00087,Hamburg-Stellingen/Eidelstedt,Hamburg,urban,53.60158,9.89125,Production & Technical,True,Early (06:00),True,5,19.5,31,False,True,1.565,False,False
SYN-00088,Hamburg-Eppendorf,Hamburg,urban_core,53.59251,9.97268,Field & Sales,False,Day (08:00),False,3,11.7,61,True,True,-1.014,False,True
SYN-00089,Hamburg-Ohlsdorf,Hamburg,urban,53.63194,10.03979,Office & Commercial,False,Day (08:00),False,3,11.7,51,False,True,1.434,True,False
SYN-00090,Hamburg-Rotherbaum,Hamburg,urban_core,53.56517,9.97565,Production & Technical,False,Day (08:00),False,5,19.5,57,False,True,0.572,False,False
SYN-00091,Hamburg-Fuhlsbüttel,Hamburg,urban,53.64386,10.01907,Production & Technical,True,Early (06:00),True,5,19.5,45,False,True,-0.869,False,False
SYN-00092,Hamburg-Billstedt/Horn,Hamburg,urban,53.53011,10.1077,Office & Commercial,False,Day (08:00),False,2,7.8,56,False,False,0.426,False,False
SYN-00093,Hamburg-Barmbek,Hamburg,urban_core,53.59643,10.04638,Production & Technical,True,Late (14:00),True,5,19.5,33,False,False,-0.15,False,False
SYN-00094,Hamburg-Winterhude,Hamburg,urban_core,53.60311,10.00285,Office & Commercial,False,Day (08:00),False,2,7.8,44,False,False,0.35,True,False
SYN-00095,Hamburg-Volksdorf/Duvenstedt,Hamburg,suburban,53.66101,10.14334,Office & Commercial,False,Day (08:00),False,4,15.6,45,False,True,-0.637,False,False
SYN-00096,Hamburg-Rahlstedt,Hamburg,suburban,53.58967,10.15138,Production & Technical,True,Early (06:00),True,5,19.5,57,False,False,-0.483,True,False
SYN-00097,Hamburg-Bramfeld/Farmsen,Hamburg,urban,53.60424,10.0867,Production & Technical,True,Early (06:00),True,5,19.5,46,False,True,1.025,False,False
SYN-00098,Norderstedt,Kr. Segeberg,suburban,53.70905,10.01602,Production & Technical,True,Late (14:00),True,5,19.5,35,True,True,0.535,False,False
SYN-00099,Hamburg-Langenhorn,Hamburg,urban,53.67846,9.99463,Production & Technical,False,Day (08:00),False,5,19.5,43,False,True,-0.992,False,False
SYN-00100,Bargteheide,Kr. Stormarn,rural,53.7196,10.26512,Production & Technical,False,Day (08:00),False,5,19.5,24,False,True,-1.068,False,False
SYN-00101,Halstenbek/Rellingen,Kr. Pinneberg,suburban,53.63813,9.85296,Lab & R&D,False,Day (08:00),False,3,11.7,20,False,True,0.537,False,False
SYN-00102,Hamburg-Stellingen/Eidelstedt,Hamburg,urban,53.59449,9.88927,Production & Technical,True,Early (06:00),True,5,19.5,51,False,True,0.343,False,False
SYN-00103,Hamburg-Sasel/Wellingsbüttel,Hamburg,suburban,53.67858,10.09992,Office & Commercial,False,Day (08:00),False,5,19.5,38,False,True,-0.708,False,False
SYN-00104,Bad Oldesloe,Kr. Stormarn,rural,53.81335,10.36243,Office & Commercial,False,Day (08:00),False,3,11.7,39,False,True,1.341,False,False
SYN-00105,Hamburg-Wilhelmsburg,Hamburg,urban,53.50153,10.04383,Production & Technical,False,Day (08:00),False,5,19.5,51,False,True,0.813,True,False
SYN-00106,Hamburg-Stellingen/Eidelstedt,Hamburg,urban,53.61634,9.91959,Production & Technical,False,Day (08:00),False,5,19.5,57,False,True,-0.726,False,False
SYN-00107,Hamburg-Eppendorf,Hamburg,urban_core,53.59969,9.97858,Production & Technical,False,Day (08:00),False,5,19.5,48,False,False,-0.472,False,False
SYN-00108,Hamburg-Sasel/Wellingsbüttel,Hamburg,suburban,53.67695,10.09806,Office & Commercial,False,Day (08:00),False,4,15.6,63,False,True,-0.678,False,False
SYN-00109,Hamburg-Langenhorn,Hamburg,urban,53.66797,10.01659,Production & Technical,False,Day (08:00),False,5,19.5,48,False,True,-0.282,False,False
SYN-00110,Halstenbek/Rellingen,Kr. Pinneberg,suburban,53.61906,9.82703,Office & Commercial,False,Day (08:00),False,3,11.7,45,True,True,1.106,True,False
SYN-00111,Hamburg-Eppendorf,Hamburg,urban_core,53.58179,9.98831,Lab & R&D,False,Day (08:00),False,4,15.6,45,False,True,1.285,False,False
SYN-00112,Hamburg-Niendorf,Hamburg,urban,53.60337,9.96547,Office & Commercial,False,Day (08:00),False,3,11.7,28,False,True,0.418,True,False
SYN-00113,Hamburg-Volksdorf/Duvenstedt,Hamburg,suburban,53.664,10.18202,Field & Sales,False,Day (08:00),False,3,11.7,53,False,True,0.395,False,True
SYN-00114,Hamburg-Wandsbek,Hamburg,urban,53.5761,10.07129,Office & Commercial,False,Day (08:00),False,3,11.7,20,False,True,1.34,False,False
SYN-00115,Hamburg-Niendorf,Hamburg,urban,53.62042,9.9565,Lab & R&D,False,Day (08:00),False,4,15.6,36,True,False,0.308,True,False
SYN-00116,Quickborn,Kr. Pinneberg,suburban,53.73668,9.88257,Lab & R&D,False,Day (08:00),False,5,19.5,42,True,True,0.303,False,False
SYN-00117,Hamburg-Blankenese/Osdorf,Hamburg,suburban,53.58936,9.83151,Office & Commercial,False,Day (08:00),False,5,19.5,33,False,True,0.644,False,False
SYN-00118,Hamburg-Stellingen/Eidelstedt,Hamburg,urban,53.60043,9.91488,Office & Commercial,False,Day (08:00),False,5,19.5,37,True,True,0.721,False,False
SYN-00119,Hamburg-Barmbek,Hamburg,urban_core,53.5717,10.03294,Lab & R&D,False,Day (08:00),False,5,19.5,62,False,False,-0.762,True,False
SYN-00120,Hamburg-Rahlstedt,Hamburg,suburban,53.61005,10.1932,Office & Commercial,False,Day (08:00),False,3,11.7,54,True,True,-0.978,False,False
SYN-00121,Hamburg-Wandsbek,Hamburg,urban,53.58222,10.09005,Office & Commercial,False,Day (08:00),False,2,7.8,34,False,False,-0.005,False,False
SYN-00122,Hamburg-Rahlstedt,Hamburg,suburban,53.58917,10.14379,Office & Commercial,False,Day (08:00),False,2,7.8,37,False,True,-0.723,False,False
SYN-00123,Norderstedt,Kr. Segeberg,suburban,53.70443,9.9979,Lab & R&D,False,Day (08:00),False,5,19.5,28,False,True,-1.34,False,False
SYN-00124,Hamburg-Barmbek,Hamburg,urban_core,53.57493,10.02279,Production & Technical,False,Day (08:00),False,5,19.5,50,False,False,0.893,True,False
SYN-00125,Norderstedt,Kr. Segeberg,suburban,53.7214,9.97899,Office & Commercial,False,Day (08:00),False,4,15.6,39,True,True,0.296,False,False
SYN-00126,Hamburg-Eimsbüttel,Hamburg,urban_core,53.58683,9.97575,Office & Commercial,False,Day (08:00),False,3,11.7,20,False,True,-0.623,False,False
SYN-00127,Hamburg-Bramfeld/Farmsen,Hamburg,urban,53.62033,10.07947,Field & Sales,False,Day (08:00),False,1,3.9,43,False,True,-0.108,False,True
SYN-00128,Hamburg-Langenhorn,Hamburg,urban,53.68305,10.00489,Production & Technical,True,Early (06:00),True,5,19.5,47,True,True,-0.118,False,False
SYN-00129,Hamburg-Langenhorn,Hamburg,urban,53.67645,10.00414,Office & Commercial,False,Day (08:00),False,2,7.8,53,False,True,0.149,False,False
SYN-00130,Hamburg-Wandsbek,Hamburg,urban,53.56963,10.0602,Office & Commercial,False,Day (08:00),False,3,11.7,41,True,True,-0.915,False,False
SYN-00131,Hamburg-Ohlsdorf,Hamburg,urban,53.61636,10.0163,Lab & R&D,False,Day (08:00),False,5,19.5,38,False,True,-1.137,False,False
SYN-00132,Uetersen,Kr. Pinneberg,rural,53.68091,9.6517,Lab & R&D,False,Day (08:00),False,3,11.7,64,False,True,-0.147,False,False
SYN-00133,Hamburg-Wandsbek,Hamburg,urban,53.56971,10.04731,Office & Commercial,False,Day (08:00),False,3,11.7,42,False,False,-1.384,False,False
SYN-00134,Hamburg-Bramfeld/Farmsen,Hamburg,urban,53.62931,10.09338,Office & Commercial,False,Day (08:00),False,4,15.6,50,True,True,-0.216,False,False
SYN-00135,Hamburg-Wandsbek,Hamburg,urban,53.59373,10.0615,Production & Technical,False,Day (08:00),False,5,19.5,36,True,True,-0.076,True,False
SYN-00136,Norderstedt,Kr. Segeberg,suburban,53.68102,9.96983,Field & Sales,False,Day (08:00),False,2,7.8,50,False,True,-0.357,False,True
SYN-00137,Großhansdorf,Kr. Stormarn,rural,53.66315,10.28584,Production & Technical,True,Night (22:00),True,5,19.5,26,False,True,0.219,True,False
SYN-00138,Hamburg-Eimsbüttel,Hamburg,urban_core,53.56906,9.96963,Office & Commercial,False,Day (08:00),False,3,11.7,37,True,False,2.032,False,False
SYN-00139,Hamburg-Wilhelmsburg,Hamburg,urban,53.52598,10.01275,Office & Commercial,False,Day (08:00),False,2,7.8,29,False,True,-1.233,False,False
SYN-00140,Norderstedt,Kr. Segeberg,suburban,53.6868,9.99301,Office & Commercial,False,Day (08:00),False,5,19.5,35,False,True,0.893,False,False
SYN-00141,Hamburg-Eimsbüttel,Hamburg,urban_core,53.57286,9.95461,Production & Technical,False,Day (08:00),False,5,19.5,56,False,True,-2.395,False,False
SYN-00142,Hamburg-Eimsbüttel,Hamburg,urban_core,53.56457,9.96446,Production & Technical,True,Early (06:00),True,5,19.5,35,True,True,1.86,False,False
SYN-00143,Barmstedt,Kr. Pinneberg,rural,53.788,9.78238,Lab & R&D,False,Day (08:00),False,4,15.6,50,False,True,-2.476,False,False
SYN-00144,Hamburg-Wandsbek,Hamburg,urban,53.57502,10.095,Office & Commercial,False,Day (08:00),False,2,7.8,59,False,False,2.303,False,False
SYN-00145,Hamburg-Eimsbüttel,Hamburg,urban_core,53.56221,9.95035,Production & Technical,True,Late (14:00),True,5,19.5,42,True,False,-0.04,False,False
SYN-00146,Hamburg-Sasel/Wellingsbüttel,Hamburg,suburban,53.6476,10.13085,Office & Commercial,False,Day (08:00),False,3,11.7,53,False,True,1.007,True,False
SYN-00147,Hamburg-Bramfeld/Farmsen,Hamburg,urban,53.62265,10.08592,Production & Technical,False,Day (08:00),False,5,19.5,48,False,False,1.134,True,False
SYN-00148,Hamburg-Uhlenhorst,Hamburg,urban_core,53.57331,10.03559,Lab & R&D,False,Day (08:00),False,5,19.5,43,True,False,-0.103,True,False
SYN-00149,Hamburg-Barmbek,Hamburg,urban_core,53.58057,10.05594,Production & Technical,False,Day (08:00),False,5,19.5,50,False,False,-0.143,False,False
SYN-00150,Norderstedt,Kr. Segeberg,suburban,53.70305,10.01258,Production & Technical,False,Day (08:00),False,5,19.5,62,False,True,-1.27,False,False
SYN-00151,Henstedt-Ulzburg,Kr. Segeberg,suburban,53.77072,9.97089,Production & Technical,True,Late (14:00),True,5,19.5,35,False,True,0.804,False,False
SYN-00152,Halstenbek/Rellingen,Kr. Pinneberg,suburban,53.61356,9.85013,Office & Commercial,False,Day (08:00),False,2,7.8,31,False,True,-0.34,False,False
SYN-00153,Hamburg-Langenhorn,Hamburg,urban,53.66607,10.0053,Office & Commercial,False,Day (08:00),False,5,19.5,31,False,True,-0.486,True,False
SYN-00154,Hamburg-Altona/Ottensen,Hamburg,urban_core,53.56142,9.92485,Office & Commercial,False,Day (08:00),False,3,11.7,53,False,False,0.704,False,False
SYN-00155,Hamburg-Langenhorn,Hamburg,urban,53.66831,10.04567,Office & Commercial,False,Day (08:00),False,3,11.7,54,False,True,-0.947,False,False
SYN-00156,Hamburg-Billstedt/Horn,Hamburg,urban,53.54378,10.08452,Production & Technical,True,Early (06:00),True,5,19.5,36,True,True,-0.079,False,False
SYN-00157,Hamburg-Sasel/Wellingsbüttel,Hamburg,suburban,53.676,10.11428,Production & Technical,False,Day (08:00),False,5,19.5,20,False,True,0.374,True,False
SYN-00158,Hamburg-Rahlstedt,Hamburg,suburban,53.60367,10.18378,Production & Technical,True,Early (06:00),True,5,19.5,35,True,True,-0.626,False,False
SYN-00159,Hamburg-Bahrenfeld/Lurup,Hamburg,urban,53.55683,9.9071,Lab & R&D,False,Day (08:00),False,4,15.6,48,True,False,-0.442,False,False
SYN-00160,Hamburg-Blankenese/Osdorf,Hamburg,suburban,53.58747,9.80414,Production & Technical,False,Day (08:00),False,5,19.5,41,False,True,1.452,False,False
SYN-00161,Hamburg-Langenhorn,Hamburg,urban,53.66115,10.00129,Field & Sales,False,Day (08:00),False,3,11.7,44,True,True,-0.088,False,True
SYN-00162,Schenefeld,Kr. Pinneberg,suburban,53.5964,9.81745,Production & Technical,True,Late (14:00),True,5,19.5,36,True,True,-0.36,False,False
SYN-00163,Hamburg-Poppenbüttel,Hamburg,suburban,53.65668,10.05877,Production & Technical,True,Early (06:00),True,5,19.5,53,False,True,-0.458,False,False
SYN-00164,Norderstedt,Kr. Segeberg,suburban,53.69974,9.99389,Production & Technical,True,Late (14:00),True,5,19.5,46,True,True,0.288,False,False
SYN-00165,Hamburg-Altona/Ottensen,Hamburg,urban_core,53.5423,9.91751,Production & Technical,True,Night (22:00),True,5,19.5,48,True,False,-0.784,False,False
SYN-00166,Hamburg-Winterhude,Hamburg,urban_core,53.58572,10.02196,Office & Commercial,False,Day (08:00),False,2,7.8,44,True,True,0.744,False,False
SYN-00167,Henstedt-Ulzburg,Kr. Segeberg,suburban,53.80005,9.98451,Office & Commercial,False,Day (08:00),False,2,7.8,48,True,True,0.056,False,False
SYN-00168,Hamburg-Neugraben,Hamburg,suburban,53.48015,9.86994,Production & Technical,True,Early (06:00),True,5,19.5,47,False,True,-1.972,True,False
SYN-00169,Hamburg-Bramfeld/Farmsen,Hamburg,urban,53.60518,10.07804,Office & Commercial,False,Day (08:00),False,5,19.5,32,False,True,2.111,False,False
SYN-00170,Ahrensburg,Kr. Stormarn,suburban,53.68254,10.2405,Office & Commercial,False,Day (08:00),False,5,19.5,46,False,True,1.294,False,False
SYN-00171,Hamburg-Volksdorf/Duvenstedt,Hamburg,suburban,53.65779,10.16131,Lab & R&D,False,Day (08:00),False,5,19.5,51,False,True,-1.051,False,False
SYN-00172,Hamburg-Uhlenhorst,Hamburg,urban_core,53.55937,10.01822,Field & Sales,False,Day (08:00),False,2,7.8,55,False,True,-0.989,False,True
SYN-00173,Hamburg-Sasel/Wellingsbüttel,Hamburg,suburban,53.66009,10.08588,Office & Commercial,False,Day (08:00),False,3,11.7,47,False,True,0.045,True,False
SYN-00174,Elmshorn,Kr. Pinneberg,suburban,53.76125,9.62737,Office & Commercial,False,Day (08:00),False,4,15.6,31,False,True,-1.343,False,False
SYN-00175,Hamburg-Ohlsdorf,Hamburg,urban,53.61223,10.02372,Office & Commercial,False,Day (08:00),False,3,11.7,33,False,True,1.664,True,False
SYN-00176,Norderstedt,Kr. Segeberg,suburban,53.69948,9.98467,Office & Commercial,False,Day (08:00),False,2,7.8,37,True,True,-0.485,False,False
SYN-00177,Hamburg-Barmbek,Hamburg,urban_core,53.58071,10.01923,Office & Commercial,False,Day (08:00),False,2,7.8,44,True,True,1.938,False,False
SYN-00178,Buxtehude,Kr. Stade,suburban,53.48141,9.67847,Production & Technical,True,Early (06:00),True,5,19.5,41,True,True,-0.908,False,False
SYN-00179,Pinneberg,Kr. Pinneberg,suburban,53.66829,9.81738,Office & Commercial,False,Day (08:00),False,3,11.7,30,True,True,-0.012,False,False
SYN-00180,Hamburg-Bahrenfeld/Lurup,Hamburg,urban,53.58816,9.88892,Field & Sales,False,Day (08:00),False,3,11.7,30,False,True,1.617,False,True
SYN-00181,Pinneberg,Kr. Pinneberg,suburban,53.66964,9.80384,Production & Technical,False,Day (08:00),False,5,19.5,20,True,True,-0.057,False,False
SYN-00182,Pinneberg,Kr. Pinneberg,suburban,53.65975,9.79568,Lab & R&D,False,Day (08:00),False,4,15.6,20,False,True,0.539,True,False
SYN-00183,Hamburg-Uhlenhorst,Hamburg,urban_core,53.57757,10.03167,Lab & R&D,False,Day (08:00),False,4,15.6,41,False,True,1.459,False,False
SYN-00184,Hamburg-Volksdorf/Duvenstedt,Hamburg,suburban,53.65855,10.19976,Production & Technical,True,Late (14:00),True,5,19.5,64,False,True,-1.023,False,False
SYN-00185,Hamburg-Wilhelmsburg,Hamburg,urban,53.52698,10.0109,Office & Commercial,False,Day (08:00),False,2,7.8,62,True,True,-1.445,False,False
SYN-00186,Hamburg-Billstedt/Horn,Hamburg,urban,53.54075,10.09256,Lab & R&D,False,Day (08:00),False,4,15.6,31,False,False,-1.125,True,False
SYN-00187,Hamburg-Winterhude,Hamburg,urban_core,53.58813,10.02975,Field & Sales,False,Day (08:00),False,1,3.9,44,True,True,0.9,False,True
SYN-00188,Hamburg-Langenhorn,Hamburg,urban,53.67697,10.03239,Production & Technical,True,Early (06:00),True,5,19.5,26,False,True,0.805,False,False
SYN-00189,Hamburg-Bahrenfeld/Lurup,Hamburg,urban,53.55466,9.91087,Production & Technical,False,Day (08:00),False,5,19.5,28,False,True,1.445,False,False
SYN-00190,Hamburg-Sasel/Wellingsbüttel,Hamburg,suburban,53.6561,10.11463,Office & Commercial,False,Day (08:00),False,2,7.8,29,False,True,-0.157,False,False
SYN-00191,Elmshorn,Kr. Pinneberg,suburban,53.75512,9.62186,Production & Technical,True,Late (14:00),True,5,19.5,40,False,True,-1.497,False,False
SYN-00192,Hamburg-Poppenbüttel,Hamburg,suburban,53.67116,10.06601,Production & Technical,False,Day (08:00),False,5,19.5,40,False,False,-2.419,False,False
SYN-00193,Hamburg-Langenhorn,Hamburg,urban,53.66846,10.00949,Production & Technical,False,Day (08:00),False,5,19.5,45,False,True,2.968,False,False
SYN-00194,Henstedt-Ulzburg,Kr. Segeberg,suburban,53.7939,9.98655,Production & Technical,True,Early (06:00),True,5,19.5,49,True,True,0.31,False,False
SYN-00195,Hamburg-Fuhlsbüttel,Hamburg,urban,53.63154,10.04292,Office & Commercial,False,Day (08:00),False,4,15.6,38,True,True,0.353,False,False
SYN-00196,Hamburg-Niendorf,Hamburg,urban,53.62667,9.94319,Office & Commercial,False,Day (08:00),False,5,19.5,42,True,False,0.429,True,False
SYN-00197,Hamburg-Wandsbek,Hamburg,urban,53.58727,10.08288,Office & Commercial,False,Day (08:00),False,3,11.7,30,False,True,-1.081,False,False
SYN-00198,Neumünster,Kr. Neumünster,suburban,54.05609,10.00223,Office & Commercial,False,Day (08:00),False,3,11.7,27,False,True,-0.645,False,False
SYN-00199,Hamburg-Niendorf,Hamburg,urban,53.63393,9.94113,Production & Technical,True,Early (06:00),True,5,19.5,26,False,False,2.16,False,False
SYN-00200,Hamburg-Volksdorf/Duvenstedt,Hamburg,suburban,53.6651,10.15184,Production & Technical,False,Day (08:00),False,5,19.5,49,False,False,0.442,False,False
SYN-00201,Hamburg-Wilhelmsburg,Hamburg,urban,53.49229,10.02334,Production & Technical,True,Late (14:00),True,5,19.5,38,False,True,-0.547,False,False
SYN-00202,Bad Oldesloe,Kr. Stormarn,rural,53.80676,10.36936,Production & Technical,False,Day (08:00),False,5,19.5,21,False,True,-1.177,False,False
SYN-00203,Hamburg-Rotherbaum,Hamburg,urban_core,53.56093,9.9902,Production & Technical,False,Day (08:00),False,5,19.5,41,True,False,-0.149,False,False
SYN-00204,Hamburg-Langenhorn,Hamburg,urban,53.67222,10.0011,Production & Technical,True,Early (06:00),True,5,19.5,28,False,False,0.068,True,False
SYN-00205,Norderstedt,Kr. Segeberg,suburban,53.71941,9.99956,Production & Technical,True,Early (06:00),True,5,19.5,60,False,True,1.649,False,False
SYN-00206,Hamburg-Poppenbüttel,Hamburg,suburban,53.66352,10.09903,Production & Technical,True,Late (14:00),True,5,19.5,36,False,True,-0.188,True,False
SYN-00207,Hamburg-Langenhorn,Hamburg,urban,53.65871,9.99842,Office & Commercial,False,Day (08:00),False,5,19.5,49,False,True,-1.156,False,False
SYN-00208,Hamburg-Billstedt/Horn,Hamburg,urban,53.54575,10.10154,Office & Commercial,False,Day (08:00),False,3,11.7,54,False,True,-0.109,False,False
SYN-00209,Hamburg-Langenhorn,Hamburg,urban,53.66358,9.99359,Lab & R&D,False,Day (08:00),False,4,15.6,31,False,True,0.598,True,False
SYN-00210,Hamburg-Rotherbaum,Hamburg,urban_core,53.56616,9.99831,Office & Commercial,False,Day (08:00),False,2,7.8,43,False,False,-0.947,False,False
SYN-00211,Hamburg-Billstedt/Horn,Hamburg,urban,53.56049,10.0675,Office & Commercial,False,Day (08:00),False,4,15.6,48,True,True,0.452,True,False
SYN-00212,Hamburg-Wandsbek,Hamburg,urban,53.58323,10.04018,Production & Technical,True,Late (14:00),True,5,19.5,43,False,True,1.342,False,False
SYN-00213,Hamburg-Niendorf,Hamburg,urban,53.60188,9.95138,Office & Commercial,False,Day (08:00),False,2,7.8,46,False,False,0.222,False,False
SYN-00214,Hamburg-Neugraben,Hamburg,suburban,53.47575,9.81648,Production & Technical,False,Day (08:00),False,5,19.5,27,False,True,-0.647,False,False
SYN-00215,Hamburg-Stellingen/Eidelstedt,Hamburg,urban,53.59915,9.92069,Production & Technical,True,Early (06:00),True,5,19.5,48,False,True,-0.479,False,False
SYN-00216,Hamburg-Bahrenfeld/Lurup,Hamburg,urban,53.55498,9.90122,Production & Technical,True,Early (06:00),True,5,19.5,37,False,False,-1.426,False,False
SYN-00217,Hamburg-Langenhorn,Hamburg,urban,53.6763,10.03919,Production & Technical,True,Late (14:00),True,5,19.5,46,False,True,-0.051,False,False
SYN-00218,Hamburg-Langenhorn,Hamburg,urban,53.6805,10.00085,Production & Technical,True,Late (14:00),True,5,19.5,52,False,False,0.294,False,False
SYN-00219,Uetersen,Kr. Pinneberg,rural,53.69266,9.64466,Office & Commercial,False,Day (08:00),False,3,11.7,49,False,True,-1.313,True,False
SYN-00220,Hamburg-Winterhude,Hamburg,urban_core,53.60802,9.99451,Lab & R&D,False,Day (08:00),False,5,19.5,46,True,True,2.223,False,False
SYN-00221,Hamburg-Volksdorf/Duvenstedt,Hamburg,suburban,53.66516,10.1352,Office & Commercial,False,Day (08:00),False,2,7.8,49,True,True,0.576,False,False
SYN-00222,Hamburg-Eimsbüttel,Hamburg,urban_core,53.58888,9.95025,Office & Commercial,False,Day (08:00),False,2,7.8,50,False,True,-1.576,False,False
SYN-00223,Hamburg-Billstedt/Horn,Hamburg,urban,53.54706,10.1153,Office & Commercial,False,Day (08:00),False,3,11.7,58,True,True,-1.889,False,False
SYN-00224,Ahrensburg,Kr. Stormarn,suburban,53.68216,10.23317,Production & Technical,False,Day (08:00),False,5,19.5,42,True,True,-1.084,False,False
SYN-00225,Hamburg-Sasel/Wellingsbüttel,Hamburg,suburban,53.64782,10.10014,Office & Commercial,False,Day (08:00),False,4,15.6,44,False,True,1.44,False,False
SYN-00226,Tornesch,Kr. Pinneberg,rural,53.69455,9.72466,Office & Commercial,False,Day (08:00),False,2,7.8,52,False,True,0.424,False,False
SYN-00227,Norderstedt,Kr. Segeberg,suburban,53.69725,9.98911,Production & Technical,True,Early (06:00),True,5,19.5,37,True,True,1.607,False,False
SYN-00228,Hamburg-Altona/Ottensen,Hamburg,urban_core,53.54925,9.93703,Production & Technical,True,Early (06:00),True,5,19.5,27,False,False,0.61,True,False
SYN-00229,Hamburg-Rahlstedt,Hamburg,suburban,53.59967,10.19134,Lab & R&D,False,Day (08:00),False,4,15.6,47,False,True,-0.393,False,False
SYN-00230,Hamburg-Langenhorn,Hamburg,urban,53.67265,10.03823,Office & Commercial,False,Day (08:00),False,5,19.5,40,True,True,-1.064,False,False
SYN-00231,Hamburg-Langenhorn,Hamburg,urban,53.68706,10.03248,Office & Commercial,False,Day (08:00),False,4,15.6,29,False,True,0.716,False,False
SYN-00232,Hamburg-Barmbek,Hamburg,urban_core,53.57235,10.04046,Office & Commercial,False,Day (08:00),False,4,15.6,48,False,True,0.054,False,False
SYN-00233,Bargteheide,Kr. Stormarn,rural,53.72992,10.26223,Production & Technical,True,Late (14:00),True,5,19.5,58,False,True,-0.801,False,False
SYN-00234,Hamburg-Wandsbek,Hamburg,urban,53.56964,10.06036,Office & Commercial,False,Day (08:00),False,2,7.8,24,False,True,2.068,False,False
SYN-00235,Elmshorn,Kr. Pinneberg,suburban,53.74411,9.65201,Production & Technical,False,Day (08:00),False,5,19.5,53,True,True,-0.41,False,False
SYN-00236,Hamburg-Neugraben,Hamburg,suburban,53.44801,9.8794,Production & Technical,True,Early (06:00),True,5,19.5,20,False,True,1.598,False,False
SYN-00237,Hamburg-Eppendorf,Hamburg,urban_core,53.58386,9.98735,Office & Commercial,False,Day (08:00),False,2,7.8,38,True,False,-1.171,True,False
SYN-00238,Hamburg-Wilhelmsburg,Hamburg,urban,53.50908,10.03623,Production & Technical,True,Late (14:00),True,5,19.5,62,True,True,2.505,False,False
SYN-00239,Norderstedt,Kr. Segeberg,suburban,53.71946,9.94891,Office & Commercial,False,Day (08:00),False,2,7.8,38,True,True,-0.407,True,False
SYN-00240,Hamburg-Langenhorn,Hamburg,urban,53.67766,10.04642,Production & Technical,False,Day (08:00),False,5,19.5,43,False,True,0.841,False,False
SYN-00241,Henstedt-Ulzburg,Kr. Segeberg,suburban,53.78773,9.96192,Office & Commercial,False,Day (08:00),False,5,19.5,50,False,True,0.633,False,False
SYN-00242,Hamburg-Harburg,Hamburg,urban,53.46037,9.96999,Office & Commercial,False,Day (08:00),False,4,15.6,23,False,True,-0.031,False,False
SYN-00243,Hamburg-Poppenbüttel,Hamburg,suburban,53.6501,10.07908,Office & Commercial,False,Day (08:00),False,4,15.6,43,True,True,0.702,False,False
SYN-00244,Hamburg-St. Pauli/Neustadt,Hamburg,urban_core,53.55421,9.96067,Office & Commercial,False,Day (08:00),False,2,7.8,43,False,True,1.204,True,False
SYN-00245,Hamburg-Wandsbek,Hamburg,urban,53.57277,10.08422,Field & Sales,False,Day (08:00),False,1,3.9,62,False,True,-0.896,False,True
SYN-00246,Tangstedt,Kr. Stormarn,rural,53.73746,10.06562,Office & Commercial,False,Day (08:00),False,4,15.6,28,False,True,-0.768,False,False
SYN-00247,Hamburg-Wandsbek,Hamburg,urban,53.57256,10.03847,Office & Commercial,False,Day (08:00),False,4,15.6,38,False,True,0.262,False,False
SYN-00248,Hamburg-Barmbek,Hamburg,urban_core,53.58857,10.02096,Office & Commercial,False,Day (08:00),False,3,11.7,32,False,False,0.401,False,False
SYN-00249,Hamburg-Winterhude,Hamburg,urban_core,53.58846,9.99147,Production & Technical,True,Late (14:00),True,5,19.5,31,False,False,1.926,False,False
SYN-00250,Hamburg-Barmbek,Hamburg,urban_core,53.58913,10.02994,Production & Technical,False,Day (08:00),False,5,19.5,54,True,True,0.853,False,False
SYN-00251,Hamburg-Rahlstedt,Hamburg,suburban,53.62748,10.15336,Production & Technical,True,Late (14:00),True,5,19.5,42,False,True,-0.17,False,False
SYN-00252,Tangstedt,Kr. Stormarn,rural,53.70952,10.09935,Production & Technical,True,Early (06:00),True,5,19.5,36,False,True,0.406,False,False
SYN-00253,Hamburg-Eppendorf,Hamburg,urban_core,53.5949,9.96558,Production & Technical,False,Day (08:00),False,5,19.5,36,True,True,-1.597,False,False
SYN-00254,Hamburg-Poppenbüttel,Hamburg,suburban,53.65634,10.05253,Production & Technical,True,Early (06:00),True,5,19.5,36,False,True,-0.615,True,False
SYN-00255,Hamburg-Poppenbüttel,Hamburg,suburban,53.64585,10.09074,Office & Commercial,False,Day (08:00),False,5,19.5,37,True,True,0.271,False,False
SYN-00256,Hamburg-Bahrenfeld/Lurup,Hamburg,urban,53.58106,9.89496,Production & Technical,True,Night (22:00),True,5,19.5,28,False,True,1.499,True,False
SYN-00257,Hamburg-Bergedorf,Hamburg,suburban,53.47791,10.22326,Office & Commercial,False,Day (08:00),False,4,15.6,39,False,True,0.15,False,False
SYN-00258,Hamburg-Langenhorn,Hamburg,urban,53.6611,10.00998,Production & Technical,True,Early (06:00),True,5,19.5,38,False,True,1.675,False,False
SYN-00259,Norderstedt,Kr. Segeberg,suburban,53.73005,10.0269,Office & Commercial,False,Day (08:00),False,2,7.8,34,True,False,0.901,True,False
SYN-00260,Hamburg-Wandsbek,Hamburg,urban,53.57684,10.09024,Production & Technical,True,Early (06:00),True,5,19.5,44,False,True,-0.372,False,False
SYN-00261,Hamburg-Langenhorn,Hamburg,urban,53.68051,9.99558,Office & Commercial,False,Day (08:00),False,3,11.7,45,False,False,-0.04,True,False
SYN-00262,Henstedt-Ulzburg,Kr. Segeberg,suburban,53.77686,9.99691,Production & Technical,True,Early (06:00),True,5,19.5,36,True,True,0.408,False,False
SYN-00263,Hamburg-Volksdorf/Duvenstedt,Hamburg,suburban,53.64154,10.1712,Office & Commercial,False,Day (08:00),False,2,7.8,40,False,True,-0.515,False,False
SYN-00264,Hamburg-Langenhorn,Hamburg,urban,53.67226,10.03517,Production & Technical,True,Late (14:00),True,5,19.5,64,False,True,1.315,False,False
SYN-00265,Wedel,Kr. Pinneberg,suburban,53.568,9.70599,Field & Sales,False,Day (08:00),False,1,3.9,64,False,True,-1.575,False,True
SYN-00266,Hamburg-Ohlsdorf,Hamburg,urban,53.6288,10.0125,Production & Technical,True,Late (14:00),True,5,19.5,30,False,True,0.666,False,False
SYN-00267,Hamburg-Sasel/Wellingsbüttel,Hamburg,suburban,53.67171,10.0947,Office & Commercial,False,Day (08:00),False,2,7.8,32,True,True,0.802,False,False
SYN-00268,Hamburg-Fuhlsbüttel,Hamburg,urban,53.64083,10.02763,Production & Technical,True,Late (14:00),True,5,19.5,30,True,True,0.037,True,False
SYN-00269,Hamburg-Langenhorn,Hamburg,urban,53.65839,10.00633,Office & Commercial,False,Day (08:00),False,4,15.6,54,False,True,-0.589,False,False
SYN-00270,Norderstedt,Kr. Segeberg,suburban,53.69335,9.99946,Office & Commercial,False,Day (08:00),False,3,11.7,38,True,True,-0.109,False,False
SYN-00271,Norderstedt,Kr. Segeberg,suburban,53.68308,9.96118,Production & Technical,True,Early (06:00),True,5,19.5,45,False,True,0.662,True,False
SYN-00272,Hamburg-Ohlsdorf,Hamburg,urban,53.61948,10.0332,Production & Technical,True,Early (06:00),True,5,19.5,64,False,True,-0.717,False,False
SYN-00273,Norderstedt,Kr. Segeberg,suburban,53.69772,10.00535,Production & Technical,True,Late (14:00),True,5,19.5,42,False,True,-1.169,False,False
SYN-00274,Hamburg-Wandsbek,Hamburg,urban,53.56128,10.07413,Production & Technical,True,Early (06:00),True,5,19.5,50,False,True,1.167,True,False
SYN-00275,Hamburg-Billstedt/Horn,Hamburg,urban,53.53091,10.07658,Field & Sales,False,Day (08:00),False,1,3.9,48,True,True,0.449,False,True
SYN-00276,Hamburg-Winterhude,Hamburg,urban_core,53.58347,10.00988,Production & Technical,True,Late (14:00),True,5,19.5,36,True,True,1.458,False,False
SYN-00277,Hamburg-Bramfeld/Farmsen,Hamburg,urban,53.59714,10.09383,Production & Technical,True,Early (06:00),True,5,19.5,54,False,False,0.709,False,False
SYN-00278,Hamburg-Rotherbaum,Hamburg,urban_core,53.57682,9.96714,Field & Sales,False,Day (08:00),False,3,11.7,33,False,True,2.68,True,True
SYN-00279,Neumünster,Kr. Neumünster,suburban,54.07357,9.95532,Production & Technical,True,Late (14:00),True,5,19.5,57,False,True,0.765,False,False
SYN-00280,Quickborn,Kr. Pinneberg,suburban,53.72225,9.92163,Production & Technical,False,Day (08:00),False,5,19.5,36,False,True,-0.724,False,False
SYN-00281,Norderstedt,Kr. Segeberg,suburban,53.71238,9.96223,Office & Commercial,False,Day (08:00),False,3,11.7,37,False,True,0.454,False,False
SYN-00282,Hamburg-Niendorf,Hamburg,urban,53.6231,9.94315,Lab & R&D,False,Day (08:00),False,5,19.5,30,True,True,-0.207,False,False
SYN-00283,Hamburg-Poppenbüttel,Hamburg,suburban,53.66567,10.1061,Office & Commercial,False,Day (08:00),False,3,11.7,32,False,True,-0.387,False,False
SYN-00284,Hamburg-Sasel/Wellingsbüttel,Hamburg,suburban,53.65069,10.10102,Office & Commercial,False,Day (08:00),False,4,15.6,37,False,True,-1.429,False,False
SYN-00285,Hamburg-Wandsbek,Hamburg,urban,53.57153,10.09593,Field & Sales,False,Day (08:00),False,1,3.9,20,False,True,0.231,True,True
SYN-00286,Hamburg-Barmbek,Hamburg,urban_core,53.58475,10.03387,Production & Technical,True,Late (14:00),True,5,19.5,39,False,True,0.945,True,False
SYN-00287,Norderstedt,Kr. Segeberg,suburban,53.70819,10.04749,Field & Sales,False,Day (08:00),False,2,7.8,36,False,True,-0.066,False,True
SYN-00288,Hamburg-Winterhude,Hamburg,urban_core,53.58975,9.99357,Lab & R&D,False,Day (08:00),False,4,15.6,51,False,True,-0.899,False,False
SYN-00289,Hamburg-Uhlenhorst,Hamburg,urban_core,53.56964,10.04361,Lab & R&D,False,Day (08:00),False,3,11.7,47,False,True,-1.256,False,False
SYN-00290,Hamburg-Langenhorn,Hamburg,urban,53.65964,10.01654,Production & Technical,True,Night (22:00),True,5,19.5,34,False,True,2.395,True,False
SYN-00291,Henstedt-Ulzburg,Kr. Segeberg,suburban,53.79523,9.97704,Production & Technical,True,Late (14:00),True,5,19.5,37,True,True,0.308,False,False
SYN-00292,Norderstedt,Kr. Segeberg,suburban,53.68506,10.02768,Office & Commercial,False,Day (08:00),False,5,19.5,39,True,True,-0.874,False,False
SYN-00293,Tornesch,Kr. Pinneberg,rural,53.70971,9.7051,Office & Commercial,False,Day (08:00),False,4,15.6,58,False,True,-0.105,False,False
SYN-00294,Hamburg-Langenhorn,Hamburg,urban,53.68783,10.0158,Office & Commercial,False,Day (08:00),False,2,7.8,33,True,True,2.489,False,False
SYN-00295,Kaltenkirchen,Kr. Segeberg,suburban,53.84631,9.9459,Lab & R&D,False,Day (08:00),False,5,19.5,34,True,True,0.654,False,False
SYN-00296,Halstenbek/Rellingen,Kr. Pinneberg,suburban,53.63724,9.8709,Office & Commercial,False,Day (08:00),False,4,15.6,30,False,True,-2.687,False,False
SYN-00297,Reinbek/Glinde,Kr. Stormarn,suburban,53.53381,10.19834,Production & Technical,False,Day (08:00),False,5,19.5,26,False,True,2.819,False,False
SYN-00298,Hamburg-Harburg,Hamburg,urban,53.48097,9.98721,Production & Technical,False,Day (08:00),False,5,19.5,45,True,True,-1.749,True,False
SYN-00299,Hamburg-Wilhelmsburg,Hamburg,urban,53.49462,10.02383,Production & Technical,False,Day (08:00),False,5,19.5,44,False,True,-0.089,False,False
SYN-00300,Hamburg-Rahlstedt,Hamburg,suburban,53.61908,10.12996,Production & Technical,False,Day (08:00),False,5,19.5,56,False,True,-1.467,False,False
SYN-00301,Hamburg-Wilhelmsburg,Hamburg,urban,53.49809,9.98131,Production & Technical,False,Day (08:00),False,5,19.5,53,False,True,-0.773,False,False
SYN-00302,Hamburg-Langenhorn,Hamburg,urban,53.65476,10.01193,Office & Commercial,False,Day (08:00),False,4,15.6,64,False,True,0.068,False,False
SYN-00303,Hamburg-St. Pauli/Neustadt,Hamburg,urban_core,53.54575,9.97395,Office & Commercial,False,Day (08:00),False,2,7.8,41,True,False,-1.704,False,False
SYN-00304,Hamburg-Uhlenhorst,Hamburg,urban_core,53.5729,10.01315,Office & Commercial,False,Day (08:00),False,3,11.7,39,True,True,0.31,False,False
SYN-00305,Quickborn,Kr. Pinneberg,suburban,53.72493,9.87751,Production & Technical,False,Day (08:00),False,5,19.5,28,False,True,1.281,False,False
SYN-00306,Hamburg-Eppendorf,Hamburg,urban_core,53.58061,9.98818,Office & Commercial,False,Day (08:00),False,4,15.6,50,True,False,-0.627,True,False
SYN-00307,Hamburg-Winterhude,Hamburg,urban_core,53.60583,9.99538,Office & Commercial,False,Day (08:00),False,5,19.5,43,False,False,-1.057,True,False
SYN-00308,Hamburg-Rahlstedt,Hamburg,suburban,53.60714,10.18351,Lab & R&D,False,Day (08:00),False,3,11.7,49,False,True,-0.356,False,False
SYN-00309,Hamburg-Sasel/Wellingsbüttel,Hamburg,suburban,53.665,10.12544,Office & Commercial,False,Day (08:00),False,4,15.6,29,False,False,-0.222,False,False
SYN-00310,Hamburg-Langenhorn,Hamburg,urban,53.66233,9.99754,Office & Commercial,False,Day (08:00),False,3,11.7,46,False,True,-0.512,False,False
SYN-00311,Hamburg-Eimsbüttel,Hamburg,urban_core,53.58377,9.95327,Office & Commercial,False,Day (08:00),False,3,11.7,44,False,False,-0.872,False,False
SYN-00312,Hamburg-Barmbek,Hamburg,urban_core,53.58512,10.05214,Office & Commercial,False,Day (08:00),False,3,11.7,44,True,True,0.836,False,False
SYN-00313,Hamburg-Poppenbüttel,Hamburg,suburban,53.65703,10.1114,Lab & R&D,False,Day (08:00),False,5,19.5,34,False,True,0.629,False,False
SYN-00314,Hamburg-Winterhude,Hamburg,urban_core,53.60394,10.0281,Production & Technical,False,Day (08:00),False,5,19.5,55,False,True,-0.932,False,False
SYN-00315,Hamburg-Bramfeld/Farmsen,Hamburg,urban,53.62197,10.06579,Production & Technical,True,Late (14:00),True,5,19.5,64,False,False,-1.144,False,False
SYN-00316,Hamburg-Bramfeld/Farmsen,Hamburg,urban,53.61152,10.1072,Production & Technical,False,Day (08:00),False,5,19.5,30,True,False,0.486,False,False
SYN-00317,Hamburg-Winterhude,Hamburg,urban_core,53.58962,10.00982,Office & Commercial,False,Day (08:00),False,5,19.5,50,False,True,-0.748,True,False
SYN-00318,Hamburg-Billstedt/Horn,Hamburg,urban,53.56692,10.08788,Office & Commercial,False,Day (08:00),False,4,15.6,20,False,True,0.695,False,False
SYN-00319,Hamburg-Volksdorf/Duvenstedt,Hamburg,suburban,53.65986,10.16127,Office & Commercial,False,Day (08:00),False,3,11.7,49,False,True,1.251,True,False
SYN-00320,Ahrensburg,Kr. Stormarn,suburban,53.66451,10.23631,Production & Technical,True,Late (14:00),True,5,19.5,21,False,True,0.19,False,False
SYN-00321,Schenefeld,Kr. Pinneberg,suburban,53.59275,9.82905,Production & Technical,False,Day (08:00),False,5,19.5,36,False,True,-1.214,False,False
SYN-00322,Hamburg-Eimsbüttel,Hamburg,urban_core,53.58215,9.93646,Lab & R&D,False,Day (08:00),False,4,15.6,28,False,True,0.975,True,False
SYN-00323,Hamburg-Bramfeld/Farmsen,Hamburg,urban,53.59859,10.1147,Production & Technical,True,Night (22:00),True,5,19.5,40,False,False,0.006,False,False
SYN-00324,Hamburg-St. Pauli/Neustadt,Hamburg,urban_core,53.54206,9.97556,Lab & R&D,False,Day (08:00),False,5,19.5,51,False,False,0.05,True,False
SYN-00325,Quickborn,Kr. Pinneberg,suburban,53.73645,9.92623,Production & Technical,False,Day (08:00),False,5,19.5,22,False,True,0.709,False,False
SYN-00326,Hamburg-Rahlstedt,Hamburg,suburban,53.60439,10.13729,Office & Commercial,False,Day (08:00),False,2,7.8,38,False,True,0.658,False,False
SYN-00327,Hamburg-Neugraben,Hamburg,suburban,53.47549,9.83356,Office & Commercial,False,Day (08:00),False,4,15.6,36,True,False,0.036,True,False
SYN-00328,Hamburg-St. Pauli/Neustadt,Hamburg,urban_core,53.55809,9.97688,Lab & R&D,False,Day (08:00),False,4,15.6,59,False,False,0.006,False,False
SYN-00329,Hamburg-Rahlstedt,Hamburg,suburban,53.59743,10.1651,Production & Technical,False,Day (08:00),False,5,19.5,47,False,True,1.88,False,False
SYN-00330,Hamburg-Sasel/Wellingsbüttel,Hamburg,suburban,53.66918,10.09765,Lab & R&D,False,Day (08:00),False,4,15.6,29,True,True,1.317,False,False
SYN-00331,Hamburg-Bahrenfeld/Lurup,Hamburg,urban,53.58747,9.90036,Office & Commercial,False,Day (08:00),False,2,7.8,37,False,True,1.067,True,False
SYN-00332,Hamburg-Niendorf,Hamburg,urban,53.61787,9.96133,Office & Commercial,False,Day (08:00),False,2,7.8,59,False,False,-0.002,False,False
SYN-00333,Hamburg-Billstedt/Horn,Hamburg,urban,53.52933,10.0805,Office & Commercial,False,Day (08:00),False,3,11.7,50,False,True,-0.989,False,False
SYN-00334,Ellerau,Kr. Segeberg,rural,53.74844,9.93422,Production & Technical,True,Early (06:00),True,5,19.5,32,False,True,0.994,False,False
SYN-00335,Hamburg-Langenhorn,Hamburg,urban,53.67134,10.02594,Office & Commercial,False,Day (08:00),False,3,11.7,39,False,False,0.344,False,False
SYN-00336,Hamburg-Rahlstedt,Hamburg,suburban,53.5881,10.16231,Production & Technical,True,Early (06:00),True,5,19.5,39,False,True,-0.627,False,False
SYN-00337,Hamburg-Langenhorn,Hamburg,urban,53.67863,10.04238,Production & Technical,True,Early (06:00),True,5,19.5,36,True,True,0.007,False,False
SYN-00338,Hamburg-Bahrenfeld/Lurup,Hamburg,urban,53.55591,9.89395,Office & Commercial,False,Day (08:00),False,4,15.6,23,False,True,-0.5,False,False
SYN-00339,Norderstedt,Kr. Segeberg,suburban,53.69837,9.94881,Office & Commercial,False,Day (08:00),False,2,7.8,35,True,True,1.074,False,False
SYN-00340,Elmshorn,Kr. Pinneberg,suburban,53.74122,9.6438,Production & Technical,False,Day (08:00),False,5,19.5,57,False,True,0.333,False,False
SYN-00341,Hamburg-Langenhorn,Hamburg,urban,53.68557,10.03317,Production & Technical,False,Day (08:00),False,5,19.5,38,True,True,0.398,True,False
SYN-00342,Großhansdorf,Kr. Stormarn,rural,53.6657,10.28625,Production & Technical,False,Day (08:00),False,5,19.5,41,True,True,-0.326,False,False
SYN-00343,Hamburg-Harburg,Hamburg,urban,53.46735,10.00422,Production & Technical,True,Night (22:00),True,5,19.5,44,True,True,-0.564,True,False
SYN-00344,Hamburg-Wandsbek,Hamburg,urban,53.57577,10.05608,Office & Commercial,False,Day (08:00),False,5,19.5,64,False,True,-2.347,False,False
SYN-00345,Hamburg-Wilhelmsburg,Hamburg,urban,53.49517,10.02983,Production & Technical,True,Early (06:00),True,5,19.5,42,True,False,-1.263,False,False
SYN-00346,Hamburg-Harburg,Hamburg,urban,53.46345,9.95226,Lab & R&D,False,Day (08:00),False,4,15.6,54,True,True,-0.793,False,False
SYN-00347,Ahrensburg,Kr. Stormarn,suburban,53.67439,10.25533,Production & Technical,False,Day (08:00),False,5,19.5,35,False,False,-0.876,False,False
SYN-00348,Hamburg-Sasel/Wellingsbüttel,Hamburg,suburban,53.66755,10.14029,Production & Technical,True,Late (14:00),True,5,19.5,39,False,True,0.239,False,False
SYN-00349,Hamburg-Wandsbek,Hamburg,urban,53.56393,10.07035,Lab & R&D,False,Day (08:00),False,5,19.5,42,True,True,0.961,False,False
SYN-00350,Hamburg-Langenhorn,Hamburg,urban,53.68118,10.02125,Production & Technical,True,Late (14:00),True,5,19.5,33,False,True,0.172,False,False
SYN-00351,Hamburg-Rahlstedt,Hamburg,suburban,53.60641,10.17015,Production & Technical,False,Day (08:00),False,5,19.5,40,False,True,1.342,False,False
SYN-00352,Hamburg-Ohlsdorf,Hamburg,urban,53.62355,10.01515,Field & Sales,False,Day (08:00),False,3,11.7,52,False,True,-0.8,True,True
SYN-00353,Hamburg-Altona/Ottensen,Hamburg,urban_core,53.55716,9.9158,Field & Sales,False,Day (08:00),False,3,11.7,33,True,True,0.364,False,True
SYN-00354,Hamburg-Wandsbek,Hamburg,urban,53.5855,10.07983,Office & Commercial,False,Day (08:00),False,2,7.8,42,False,True,0.099,True,False
SYN-00355,Hamburg-Eppendorf,Hamburg,urban_core,53.59483,9.97756,Production & Technical,True,Early (06:00),True,5,19.5,50,False,False,1.309,True,False
SYN-00356,Hamburg-Uhlenhorst,Hamburg,urban_core,53.573,10.00858,Office & Commercial,False,Day (08:00),False,5,19.5,33,True,True,0.606,False,False
SYN-00357,Hamburg-Blankenese/Osdorf,Hamburg,suburban,53.59571,9.76271,Field & Sales,False,Day (08:00),False,2,7.8,54,False,True,-0.166,False,True
SYN-00358,Hamburg-Harburg,Hamburg,urban,53.45395,9.94972,Field & Sales,False,Day (08:00),False,1,3.9,43,False,True,-1.522,False,True
SYN-00359,Hamburg-Eimsbüttel,Hamburg,urban_core,53.57205,9.9356,Production & Technical,True,Late (14:00),True,5,19.5,40,False,True,-0.517,True,False
SYN-00360,Hamburg-Wandsbek,Hamburg,urban,53.55682,10.06513,Production & Technical,True,Early (06:00),True,5,19.5,20,False,True,1.613,False,False
SYN-00361,Elmshorn,Kr. Pinneberg,suburban,53.74167,9.62664,Production & Technical,False,Day (08:00),False,5,19.5,38,False,True,-2.109,False,False
SYN-00362,Hamburg-Langenhorn,Hamburg,urban,53.68429,10.00644,Production & Technical,False,Day (08:00),False,5,19.5,46,False,True,1.426,False,False
SYN-00363,Hamburg-Langenhorn,Hamburg,urban,53.68568,10.03489,Office & Commercial,False,Day (08:00),False,2,7.8,61,True,True,0.333,False,False
SYN-00364,Norderstedt,Kr. Segeberg,suburban,53.69397,10.04137,Production & Technical,True,Early (06:00),True,5,19.5,48,True,True,-0.948,False,False
SYN-00365,Hamburg-Rahlstedt,Hamburg,suburban,53.6251,10.17158,Production & Technical,False,Day (08:00),False,5,19.5,54,False,True,-1.132,False,False
SYN-00366,Hamburg-Barmbek,Hamburg,urban_core,53.59532,10.03371,Production & Technical,False,Day (08:00),False,5,19.5,29,False,True,2.463,False,False
SYN-00367,Hamburg-Wilhelmsburg,Hamburg,urban,53.49898,10.01363,Office & Commercial,False,Day (08:00),False,2,7.8,41,True,False,1.578,False,False
SYN-00368,Hamburg-Billstedt/Horn,Hamburg,urban,53.54372,10.08576,Production & Technical,False,Day (08:00),False,5,19.5,55,True,True,-0.186,False,False
SYN-00369,Hamburg-Bramfeld/Farmsen,Hamburg,urban,53.6174,10.07066,Production & Technical,True,Late (14:00),True,5,19.5,32,False,True,0.451,False,False
SYN-00370,Halstenbek/Rellingen,Kr. Pinneberg,suburban,53.64261,9.8488,Production & Technical,True,Late (14:00),True,5,19.5,53,False,True,-0.93,False,False
SYN-00371,Hamburg-Blankenese/Osdorf,Hamburg,suburban,53.58556,9.82874,Field & Sales,False,Day (08:00),False,2,7.8,50,False,True,-0.099,True,True
SYN-00372,Hamburg-Sasel/Wellingsbüttel,Hamburg,suburban,53.66518,10.0828,Production & Technical,False,Day (08:00),False,5,19.5,45,False,True,-0.824,False,False
SYN-00373,Hamburg-Bramfeld/Farmsen,Hamburg,urban,53.62116,10.07392,Office & Commercial,False,Day (08:00),False,2,7.8,38,True,True,0.138,False,False
SYN-00374,Hamburg-Volksdorf/Duvenstedt,Hamburg,suburban,53.67193,10.17173,Production & Technical,True,Late (14:00),True,5,19.5,31,False,True,1.894,False,False
SYN-00375,Hamburg-Fuhlsbüttel,Hamburg,urban,53.63511,10.01551,Production & Technical,True,Early (06:00),True,5,19.5,62,False,True,-0.279,True,False
SYN-00376,Hamburg-Langenhorn,Hamburg,urban,53.66679,10.02939,Production & Technical,True,Early (06:00),True,5,19.5,49,False,True,-1.015,False,False
SYN-00377,Elmshorn,Kr. Pinneberg,suburban,53.74253,9.63007,Production & Technical,True,Early (06:00),True,5,19.5,46,True,False,-1.533,False,False
SYN-00378,Hamburg-Barmbek,Hamburg,urban_core,53.57017,10.03779,Production & Technical,True,Night (22:00),True,5,19.5,37,False,True,0.56,True,False
SYN-00379,Hamburg-Winterhude,Hamburg,urban_core,53.59401,10.03712,Office & Commercial,False,Day (08:00),False,2,7.8,42,False,True,-0.411,False,False
SYN-00380,Hamburg-Bahrenfeld/Lurup,Hamburg,urban,53.58885,9.92654,Office & Commercial,False,Day (08:00),False,3,11.7,44,False,False,0.363,False,False
SYN-00381,Hamburg-Altona/Ottensen,Hamburg,urban_core,53.56458,9.94913,Production & Technical,False,Day (08:00),False,5,19.5,46,False,True,-1.336,True,False
SYN-00382,Elmshorn,Kr. Pinneberg,suburban,53.76183,9.66533,Office & Commercial,False,Day (08:00),False,4,15.6,50,False,True,0.457,False,False
SYN-00383,Hamburg-Wilhelmsburg,Hamburg,urban,53.49578,9.99177,Office & Commercial,False,Day (08:00),False,2,7.8,33,False,True,-0.76,False,False
SYN-00384,Hamburg-Eimsbüttel,Hamburg,urban_core,53.57302,9.96633,Production & Technical,False,Day (08:00),False,5,19.5,26,False,False,0.663,False,False
SYN-00385,Hamburg-Winterhude,Hamburg,urban_core,53.59762,10.03075,Production & Technical,True,Early (06:00),True,5,19.5,43,False,True,-0.005,False,False
SYN-00386,Seevetal/Neu Wulmstorf,Kr. Harburg,rural,53.43068,9.85905,Production & Technical,False,Day (08:00),False,5,19.5,23,False,True,1.735,False,False
SYN-00387,Hamburg-Stellingen/Eidelstedt,Hamburg,urban,53.59592,9.89361,Production & Technical,True,Early (06:00),True,5,19.5,38,True,False,0.388,False,False
SYN-00388,Ahrensburg,Kr. Stormarn,suburban,53.659,10.23549,Office & Commercial,False,Day (08:00),False,5,19.5,36,False,True,1.945,False,False
SYN-00389,Hamburg-Langenhorn,Hamburg,urban,53.68097,10.01144,Field & Sales,False,Day (08:00),False,1,3.9,47,True,True,0.627,False,True
SYN-00390,Quickborn,Kr. Pinneberg,suburban,53.72343,9.91225,Field & Sales,False,Day (08:00),False,1,3.9,64,False,True,0.959,False,True
SYN-00391,Hamburg-Rahlstedt,Hamburg,suburban,53.61071,10.13893,Field & Sales,False,Day (08:00),False,1,3.9,21,False,True,0.041,False,True
SYN-00392,Hamburg-Langenhorn,Hamburg,urban,53.67585,10.02132,Production & Technical,False,Day (08:00),False,5,19.5,64,False,False,0.129,False,False
SYN-00393,Hamburg-Wandsbek,Hamburg,urban,53.57377,10.03764,Production & Technical,True,Early (06:00),True,5,19.5,39,True,False,1.419,False,False
SYN-00394,Hamburg-Billstedt/Horn,Hamburg,urban,53.55922,10.08826,Production & Technical,False,Day (08:00),False,5,19.5,46,True,True,0.988,False,False
SYN-00395,Norderstedt,Kr. Segeberg,suburban,53.72238,9.95515,Production & Technical,False,Day (08:00),False,5,19.5,26,True,True,0.698,False,False
SYN-00396,Hamburg-Eppendorf,Hamburg,urban_core,53.58024,9.97601,Production & Technical,False,Day (08:00),False,5,19.5,53,False,False,-0.161,False,False
SYN-00397,Henstedt-Ulzburg,Kr. Segeberg,suburban,53.78312,9.96809,Production & Technical,True,Late (14:00),True,5,19.5,42,False,True,-0.259,False,False
SYN-00398,Hamburg-Volksdorf/Duvenstedt,Hamburg,suburban,53.64363,10.17416,Office & Commercial,False,Day (08:00),False,4,15.6,41,False,False,1.054,False,False
SYN-00399,Hamburg-Eppendorf,Hamburg,urban_core,53.58479,9.96652,Production & Technical,False,Day (08:00),False,5,19.5,21,False,True,2.046,False,False
SYN-00400,Hamburg-Barmbek,Hamburg,urban_core,53.58606,10.0261,Production & Technical,True,Late (14:00),True,5,19.5,43,True,True,-0.26,True,False
SYN-00401,Hamburg-Volksdorf/Duvenstedt,Hamburg,suburban,53.67404,10.15955,Office & Commercial,False,Day (08:00),False,5,19.5,51,False,True,-0.994,False,False
SYN-00402,Wedel,Kr. Pinneberg,suburban,53.57578,9.70524,Production & Technical,True,Early (06:00),True,5,19.5,39,True,False,-0.954,False,False
SYN-00403,Hamburg-Wilhelmsburg,Hamburg,urban,53.52213,10.02168,Lab & R&D,False,Day (08:00),False,3,11.7,55,False,True,0.763,False,False
SYN-00404,Hamburg-Langenhorn,Hamburg,urban,53.65864,10.00249,Production & Technical,True,Late (14:00),True,5,19.5,54,False,False,-0.979,False,False
SYN-00405,Buchholz i.d.N.,Kr. Harburg,rural,53.33339,9.88192,Office & Commercial,False,Day (08:00),False,5,19.5,35,False,True,0.634,False,False
SYN-00406,Pinneberg,Kr. Pinneberg,suburban,53.65831,9.81652,Production & Technical,True,Late (14:00),True,5,19.5,60,True,True,0.146,False,False
SYN-00407,Hamburg-Sasel/Wellingsbüttel,Hamburg,suburban,53.64952,10.14275,Office & Commercial,False,Day (08:00),False,4,15.6,42,True,True,-0.645,False,False
SYN-00408,Henstedt-Ulzburg,Kr. Segeberg,suburban,53.78863,9.96058,Production & Technical,False,Day (08:00),False,5,19.5,43,False,True,1.447,True,False
SYN-00409,Hamburg-Langenhorn,Hamburg,urban,53.67676,10.03619,Production & Technical,True,Late (14:00),True,5,19.5,43,True,True,-1.329,True,False
SYN-00410,Winsen (Luhe),Kr. Harburg,rural,53.36597,10.22809,Office & Commercial,False,Day (08:00),False,5,19.5,43,False,True,1.343,False,False
SYN-00411,Hamburg-Billstedt/Horn,Hamburg,urban,53.55585,10.0953,Production & Technical,True,Early (06:00),True,5,19.5,20,False,False,0.836,False,False
SYN-00412,Hamburg-Rahlstedt,Hamburg,suburban,53.62049,10.12831,Production & Technical,True,Late (14:00),True,5,19.5,40,False,True,-2.14,False,False
SYN-00413,Norderstedt,Kr. Segeberg,suburban,53.6964,9.95124,Lab & R&D,False,Day (08:00),False,5,19.5,27,False,True,1.742,False,False
SYN-00414,Halstenbek/Rellingen,Kr. Pinneberg,suburban,53.6407,9.85463,Production & Technical,False,Day (08:00),False,5,19.5,60,False,True,0.572,False,False
SYN-00415,Norderstedt,Kr. Segeberg,suburban,53.73428,10.00358,Office & Commercial,False,Day (08:00),False,3,11.7,59,False,True,-0.812,True,False
SYN-00416,Hamburg-Poppenbüttel,Hamburg,suburban,53.64849,10.07945,Office & Commercial,False,Day (08:00),False,4,15.6,51,False,True,-1.215,False,False
SYN-00417,Hamburg-Langenhorn,Hamburg,urban,53.67176,10.01995,Production & Technical,True,Early (06:00),True,5,19.5,39,False,False,-1.369,True,False
SYN-00418,Hamburg-Wilhelmsburg,Hamburg,urban,53.49107,9.9937,Office & Commercial,False,Day (08:00),False,4,15.6,31,False,True,2.749,True,False
SYN-00419,Hamburg-Niendorf,Hamburg,urban,53.60194,9.96327,Production & Technical,True,Night (22:00),True,5,19.5,35,False,True,-0.657,True,False
SYN-00420,Schenefeld,Kr. Pinneberg,suburban,53.60235,9.82793,Office & Commercial,False,Day (08:00),False,4,15.6,63,False,True,-1.714,False,False
SYN-00421,Hamburg-Rahlstedt,Hamburg,suburban,53.6023,10.17379,Production & Technical,True,Early (06:00),True,5,19.5,34,False,True,0.301,False,False
SYN-00422,Norderstedt,Kr. Segeberg,suburban,53.69625,9.96047,Production & Technical,False,Day (08:00),False,5,19.5,20,False,True,-1.371,False,False
SYN-00423,Norderstedt,Kr. Segeberg,suburban,53.73268,10.01093,Production & Technical,True,Late (14:00),True,5,19.5,53,False,True,-1.265,False,False
SYN-00424,Norderstedt,Kr. Segeberg,suburban,53.71502,9.99066,Lab & R&D,False,Day (08:00),False,5,19.5,59,False,True,0.612,False,False
SYN-00425,Hamburg-Wandsbek,Hamburg,urban,53.58733,10.06748,Office & Commercial,False,Day (08:00),False,3,11.7,60,False,True,0.314,False,False
SYN-00426,Hamburg-Harburg,Hamburg,urban,53.4584,9.94097,Field & Sales,False,Day (08:00),False,1,3.9,53,False,True,-0.42,True,True
SYN-00427,Hamburg-Poppenbüttel,Hamburg,suburban,53.64524,10.08941,Office & Commercial,False,Day (08:00),False,5,19.5,55,False,True,-0.298,False,False
SYN-00428,Quickborn,Kr. Pinneberg,suburban,53.73046,9.91696,Office & Commercial,False,Day (08:00),False,5,19.5,43,False,True,-0.559,False,False
SYN-00429,Norderstedt,Kr. Segeberg,suburban,53.71132,9.9733,Office & Commercial,False,Day (08:00),False,2,7.8,20,False,True,0.205,False,False
SYN-00430,Hamburg-Harburg,Hamburg,urban,53.45852,9.95112,Lab & R&D,False,Day (08:00),False,5,19.5,42,False,True,-0.612,False,False
SYN-00431,Uetersen,Kr. Pinneberg,rural,53.68864,9.67951,Office & Commercial,False,Day (08:00),False,3,11.7,49,False,True,-0.997,False,False
SYN-00432,Hamburg-Wilhelmsburg,Hamburg,urban,53.48512,10.02058,Production & Technical,False,Day (08:00),False,5,19.5,41,True,False,-0.444,True,False
SYN-00433,Hamburg-Stellingen/Eidelstedt,Hamburg,urban,53.58599,9.91562,Office & Commercial,False,Day (08:00),False,5,19.5,40,True,True,-0.543,False,False
SYN-00434,Kaltenkirchen,Kr. Segeberg,suburban,53.84489,9.93756,Office & Commercial,False,Day (08:00),False,3,11.7,31,False,True,1.127,False,False
SYN-00435,Norderstedt,Kr. Segeberg,suburban,53.69341,9.94682,Production & Technical,False,Day (08:00),False,5,19.5,31,False,True,0.853,False,False
SYN-00436,Hamburg-Niendorf,Hamburg,urban,53.61211,9.93326,Production & Technical,False,Day (08:00),False,5,19.5,62,False,True,-1.116,True,False
SYN-00437,Hamburg-Langenhorn,Hamburg,urban,53.66528,10.00243,Production & Technical,True,Late (14:00),True,5,19.5,63,True,False,-1.394,False,False
SYN-00438,Hamburg-Rotherbaum,Hamburg,urban_core,53.57056,10.00374,Lab & R&D,False,Day (08:00),False,5,19.5,42,True,True,0.193,False,False
SYN-00439,Hamburg-Bahrenfeld/Lurup,Hamburg,urban,53.56729,9.91353,Production & Technical,True,Night (22:00),True,5,19.5,45,True,True,2.255,False,False
SYN-00440,Hamburg-Rahlstedt,Hamburg,suburban,53.62561,10.16525,Lab & R&D,False,Day (08:00),False,5,19.5,31,False,True,-0.944,False,False
SYN-00441,Quickborn,Kr. Pinneberg,suburban,53.73259,9.87833,Office & Commercial,False,Day (08:00),False,2,7.8,49,False,False,-0.378,False,False
SYN-00442,Hamburg-Fuhlsbüttel,Hamburg,urban,53.63115,10.0259,Office & Commercial,False,Day (08:00),False,5,19.5,61,False,True,-0.078,False,False
SYN-00443,Hamburg-Bahrenfeld/Lurup,Hamburg,urban,53.56078,9.90979,Production & Technical,True,Late (14:00),True,5,19.5,25,True,True,0.325,False,False
SYN-00444,Hamburg-Niendorf,Hamburg,urban,53.62026,9.96492,Lab & R&D,False,Day (08:00),False,5,19.5,47,False,True,-0.392,False,False
SYN-00445,Hamburg-Sasel/Wellingsbüttel,Hamburg,suburban,53.66244,10.12579,Office & Commercial,False,Day (08:00),False,4,15.6,48,False,False,0.955,False,False
SYN-00446,Hamburg-Stellingen/Eidelstedt,Hamburg,urban,53.58958,9.89919,Production & Technical,False,Day (08:00),False,5,19.5,48,False,True,0.504,False,False
SYN-00447,Reinbek/Glinde,Kr. Stormarn,suburban,53.52632,10.2502,Production & Technical,True,Late (14:00),True,5,19.5,60,False,True,0.446,False,False
SYN-00448,Hamburg-Rahlstedt,Hamburg,suburban,53.62564,10.16985,Production & Technical,True,Early (06:00),True,5,19.5,64,False,True,0.123,False,False
SYN-00449,Norderstedt,Kr. Segeberg,suburban,53.70929,9.9447,Production & Technical,True,Late (14:00),True,5,19.5,39,False,True,0.844,False,False
SYN-00450,Hamburg-Rahlstedt,Hamburg,suburban,53.58892,10.18161,Office & Commercial,False,Day (08:00),False,4,15.6,49,False,True,1.368,False,False
SYN-00451,Norderstedt,Kr. Segeberg,suburban,53.69416,10.01372,Field & Sales,False,Day (08:00),False,1,3.9,43,False,True,1.214,False,True
SYN-00452,Pinneberg,Kr. Pinneberg,suburban,53.64946,9.80724,Office & Commercial,False,Day (08:00),False,2,7.8,35,True,True,2.341,False,False
SYN-00453,Hamburg-Stellingen/Eidelstedt,Hamburg,urban,53.6036,9.89598,Office & Commercial,False,Day (08:00),False,3,11.7,45,False,False,1.317,True,False
SYN-00454,Hamburg-Ohlsdorf,Hamburg,urban,53.62287,10.03754,Office & Commercial,False,Day (08:00),False,2,7.8,49,False,True,-0.636,False,False
SYN-00455,Hamburg-Langenhorn,Hamburg,urban,53.67288,9.98857,Lab & R&D,False,Day (08:00),False,4,15.6,44,False,True,0.964,True,False
SYN-00456,Hamburg-Niendorf,Hamburg,urban,53.63164,9.94217,Lab & R&D,False,Day (08:00),False,3,11.7,32,True,True,1.027,False,False
SYN-00457,Reinbek/Glinde,Kr. Stormarn,suburban,53.51935,10.21483,Production & Technical,False,Day (08:00),False,5,19.5,37,False,True,1.904,False,False
SYN-00458,Hamburg-Eppendorf,Hamburg,urban_core,53.57873,9.99369,Field & Sales,False,Day (08:00),False,1,3.9,37,False,True,-0.534,False,True
SYN-00459,Hamburg-Wilhelmsburg,Hamburg,urban,53.5048,9.98614,Production & Technical,True,Late (14:00),True,5,19.5,33,True,True,0.858,False,False
SYN-00460,Hamburg-Rahlstedt,Hamburg,suburban,53.60045,10.15708,Office & Commercial,False,Day (08:00),False,3,11.7,45,True,True,-0.831,False,False
SYN-00461,Hamburg-Wandsbek,Hamburg,urban,53.56817,10.07686,Field & Sales,False,Day (08:00),False,3,11.7,47,True,True,0.579,True,True
SYN-00462,Hamburg-Langenhorn,Hamburg,urban,53.65782,10.01416,Office & Commercial,False,Day (08:00),False,5,19.5,53,False,True,-0.248,True,False
SYN-00463,Ahrensburg,Kr. Stormarn,suburban,53.66544,10.26544,Production & Technical,True,Late (14:00),True,5,19.5,33,False,True,0.529,False,False
SYN-00464,Hamburg-Volksdorf/Duvenstedt,Hamburg,suburban,53.65916,10.17187,Office & Commercial,False,Day (08:00),False,5,19.5,36,False,True,-1.41,False,False
SYN-00465,Hamburg-Wandsbek,Hamburg,urban,53.55872,10.08625,Production & Technical,True,Late (14:00),True,5,19.5,59,False,True,0.66,False,False
SYN-00466,Hamburg-Stellingen/Eidelstedt,Hamburg,urban,53.6118,9.92961,Office & Commercial,False,Day (08:00),False,3,11.7,40,False,True,0.389,False,False
SYN-00467,Hamburg-Rahlstedt,Hamburg,suburban,53.5854,10.17583,Production & Technical,True,Early (06:00),True,5,19.5,42,True,True,0.052,False,False
SYN-00468,Ahrensburg,Kr. Stormarn,suburban,53.66397,10.23593,Office & Commercial,False,Day (08:00),False,3,11.7,40,True,True,1.884,False,False
SYN-00469,Hamburg-Langenhorn,Hamburg,urban,53.67566,10.01512,Lab & R&D,False,Day (08:00),False,4,15.6,54,False,True,-0.432,True,False
SYN-00470,Hamburg-Rotherbaum,Hamburg,urban_core,53.5826,9.98913,Production & Technical,True,Night (22:00),True,5,19.5,55,False,False,0.476,False,False
SYN-00471,Hamburg-Barmbek,Hamburg,urban_core,53.57854,10.02959,Production & Technical,False,Day (08:00),False,5,19.5,54,True,True,0.25,False,False
SYN-00472,Hamburg-Eimsbüttel,Hamburg,urban_core,53.56573,9.96062,Office & Commercial,False,Day (08:00),False,2,7.8,42,True,True,0.548,True,False
SYN-00473,Hamburg-Langenhorn,Hamburg,urban,53.68754,10.02136,Production & Technical,False,Day (08:00),False,5,19.5,32,False,True,2.538,False,False
SYN-00474,Hamburg-Langenhorn,Hamburg,urban,53.67202,10.02886,Production & Technical,False,Day (08:00),False,5,19.5,63,False,True,-0.136,False,False
SYN-00475,Hamburg-Sasel/Wellingsbüttel,Hamburg,suburban,53.67459,10.13269,Production & Technical,True,Early (06:00),True,5,19.5,51,True,True,-0.817,False,False
SYN-00476,Hamburg-Volksdorf/Duvenstedt,Hamburg,suburban,53.65505,10.20022,Production & Technical,False,Day (08:00),False,5,19.5,37,False,True,1.854,False,False
SYN-00477,Hamburg-Barmbek,Hamburg,urban_core,53.58288,10.06297,Office & Commercial,False,Day (08:00),False,2,7.8,58,False,True,-0.224,True,False
SYN-00478,Hamburg-Rahlstedt,Hamburg,suburban,53.5914,10.17136,Office & Commercial,False,Day (08:00),False,5,19.5,36,False,False,-1.605,False,False
SYN-00479,Hamburg-Rahlstedt,Hamburg,suburban,53.58184,10.1478,Production & Technical,True,Early (06:00),True,5,19.5,58,False,True,-1.108,False,False
SYN-00480,Hamburg-Barmbek,Hamburg,urban_core,53.59674,10.04012,Office & Commercial,False,Day (08:00),False,5,19.5,58,True,True,-1.163,False,False
SYN-00481,Hamburg-Barmbek,Hamburg,urban_core,53.59234,10.05999,Production & Technical,False,Day (08:00),False,5,19.5,32,True,True,-1.283,True,False
SYN-00482,Hamburg-Schnelsen,Hamburg,suburban,53.64854,9.93522,Production & Technical,True,Early (06:00),True,5,19.5,48,True,False,-0.563,False,False
SYN-00483,Hamburg-Wandsbek,Hamburg,urban,53.55872,10.06115,Office & Commercial,False,Day (08:00),False,3,11.7,51,False,True,-0.07,False,False
SYN-00484,Hamburg-Bramfeld/Farmsen,Hamburg,urban,53.60495,10.10571,Production & Technical,True,Late (14:00),True,5,19.5,64,False,True,0.964,True,False
SYN-00485,Norderstedt,Kr. Segeberg,suburban,53.6957,9.98954,Office & Commercial,False,Day (08:00),False,2,7.8,34,False,True,0.663,True,False
SYN-00486,Hamburg-Barmbek,Hamburg,urban_core,53.58639,10.05309,Lab & R&D,False,Day (08:00),False,3,11.7,58,False,False,0.667,True,False
SYN-00487,Hamburg-Eimsbüttel,Hamburg,urban_core,53.58933,9.95793,Office & Commercial,False,Day (08:00),False,3,11.7,42,True,True,-0.543,True,False
SYN-00488,Hamburg-Poppenbüttel,Hamburg,suburban,53.67011,10.07646,Office & Commercial,False,Day (08:00),False,4,15.6,28,True,True,1.018,True,False
SYN-00489,Hamburg-Wandsbek,Hamburg,urban,53.58672,10.08599,Production & Technical,True,Early (06:00),True,5,19.5,41,True,True,1.558,True,False
SYN-00490,Hamburg-Altona/Ottensen,Hamburg,urban_core,53.55989,9.9436,Production & Technical,False,Day (08:00),False,5,19.5,42,True,True,0.745,True,False
SYN-00491,Hamburg-Stellingen/Eidelstedt,Hamburg,urban,53.60965,9.93138,Production & Technical,True,Early (06:00),True,5,19.5,30,False,True,0.773,False,False
SYN-00492,Hamburg-Rahlstedt,Hamburg,suburban,53.62887,10.15025,Office & Commercial,False,Day (08:00),False,3,11.7,45,False,True,-1.415,False,False
SYN-00493,Hamburg-Rahlstedt,Hamburg,suburban,53.59577,10.14081,Lab & R&D,False,Day (08:00),False,5,19.5,53,False,True,0.771,False,False
SYN-00494,Hamburg-Bramfeld/Farmsen,Hamburg,urban,53.59695,10.07174,Production & Technical,False,Day (08:00),False,5,19.5,45,False,False,1.881,False,False
SYN-00495,Hamburg-Harburg,Hamburg,urban,53.48211,9.97689,Production & Technical,False,Day (08:00),False,5,19.5,36,True,False,0.573,False,False
SYN-00496,Hamburg-Altona/Ottensen,Hamburg,urban_core,53.56304,9.94154,Production & Technical,False,Day (08:00),False,5,19.5,40,False,True,-0.211,False,False
SYN-00497,Hamburg-Barmbek,Hamburg,urban_core,53.59193,10.03811,Office & Commercial,False,Day (08:00),False,3,11.7,42,True,False,0.188,False,False
SYN-00498,Hamburg-Rahlstedt,Hamburg,suburban,53.61139,10.19124,Office & Commercial,False,Day (08:00),False,4,15.6,44,False,True,-0.554,False,False
SYN-00499,Hamburg-Bramfeld/Farmsen,Hamburg,urban,53.59614,10.0672,Office & Commercial,False,Day (08:00),False,2,7.8,54,False,False,-0.41,True,False
SYN-00500,Hamburg-Uhlenhorst,Hamburg,urban_core,53.5613,10.03304,Lab & R&D,False,Day (08:00),False,3,11.7,45,True,True,0.948,True,False
SYN-00501,Hamburg-Bahrenfeld/Lurup,Hamburg,urban,53.55895,9.92414,Production & Technical,False,Day (08:00),False,5,19.5,27,False,True,0.679,False,False
SYN-00502,Pinneberg,Kr. Pinneberg,suburban,53.67419,9.78801,Office & Commercial,False,Day (08:00),False,3,11.7,36,True,True,1.004,False,False
SYN-00503,Wedel,Kr. Pinneberg,suburban,53.58881,9.71918,Office & Commercial,False,Day (08:00),False,3,11.7,44,False,True,0.238,True,False
SYN-00504,Hamburg-Rotherbaum,Hamburg,urban_core,53.58133,9.98471,Production & Technical,True,Night (22:00),True,5,19.5,54,False,False,-0.714,True,False
SYN-00505,Hamburg-Uhlenhorst,Hamburg,urban_core,53.56417,10.03432,Lab & R&D,False,Day (08:00),False,5,19.5,56,False,False,-0.384,False,False
SYN-00506,Hamburg-Harburg,Hamburg,urban,53.4441,9.94383,Production & Technical,False,Day (08:00),False,5,19.5,62,False,True,-0.746,False,False
SYN-00507,Hamburg-Volksdorf/Duvenstedt,Hamburg,suburban,53.65755,10.1574,Office & Commercial,False,Day (08:00),False,2,7.8,43,False,True,-0.303,False,False
SYN-00508,Henstedt-Ulzburg,Kr. Segeberg,suburban,53.80349,9.98864,Office & Commercial,False,Day (08:00),False,3,11.7,50,False,False,1.561,False,False
SYN-00509,Hamburg-Eimsbüttel,Hamburg,urban_core,53.59139,9.94313,Lab & R&D,False,Day (08:00),False,4,15.6,26,False,False,2.572,False,False
SYN-00510,Hamburg-Langenhorn,Hamburg,urban,53.66328,10.01132,Office & Commercial,False,Day (08:00),False,4,15.6,47,True,True,0.903,True,False
SYN-00511,Norderstedt,Kr. Segeberg,suburban,53.69811,9.94978,Production & Technical,True,Late (14:00),True,5,19.5,30,False,True,0.219,False,False
SYN-00512,Kaltenkirchen,Kr. Segeberg,suburban,53.84458,9.97518,Lab & R&D,False,Day (08:00),False,4,15.6,41,True,True,-1.445,True,False
SYN-00513,Norderstedt,Kr. Segeberg,suburban,53.67556,9.98405,Office & Commercial,False,Day (08:00),False,3,11.7,64,False,True,-0.247,False,False
SYN-00514,Hamburg-Sasel/Wellingsbüttel,Hamburg,suburban,53.65024,10.07841,Office & Commercial,False,Day (08:00),False,2,7.8,45,False,True,-0.94,False,False
SYN-00515,Hamburg-Bramfeld/Farmsen,Hamburg,urban,53.59956,10.09496,Office & Commercial,False,Day (08:00),False,2,7.8,32,False,False,1.947,False,False
SYN-00516,Hamburg-Ohlsdorf,Hamburg,urban,53.63165,10.04649,Production & Technical,True,Early (06:00),True,5,19.5,46,False,False,-1.523,False,False
SYN-00517,Hamburg-Volksdorf/Duvenstedt,Hamburg,suburban,53.65054,10.18461,Office & Commercial,False,Day (08:00),False,3,11.7,36,True,True,0.384,False,False
SYN-00518,Hamburg-Bahrenfeld/Lurup,Hamburg,urban,53.58567,9.87666,Lab & R&D,False,Day (08:00),False,4,15.6,31,True,True,-0.541,False,False
SYN-00519,Norderstedt,Kr. Segeberg,suburban,53.73092,10.00426,Production & Technical,True,Early (06:00),True,5,19.5,64,False,True,-0.476,False,False
SYN-00520,Henstedt-Ulzburg,Kr. Segeberg,suburban,53.78477,9.94652,Office & Commercial,False,Day (08:00),False,3,11.7,54,False,True,0.366,False,False
SYN-00521,Quickborn,Kr. Pinneberg,suburban,53.73181,9.90398,Field & Sales,False,Day (08:00),False,1,3.9,46,True,True,0.855,False,True
SYN-00522,Hamburg-Winterhude,Hamburg,urban_core,53.60258,10.0106,Office & Commercial,False,Day (08:00),False,5,19.5,38,False,False,0.356,True,False
SYN-00523,Hamburg-Fuhlsbüttel,Hamburg,urban,53.64103,10.03926,Lab & R&D,False,Day (08:00),False,3,11.7,39,False,True,0.961,True,False
SYN-00524,Hamburg-Wandsbek,Hamburg,urban,53.56819,10.0478,Production & Technical,True,Early (06:00),True,5,19.5,59,False,True,-0.796,True,False
SYN-00525,Hamburg-Langenhorn,Hamburg,urban,53.68376,10.02586,Field & Sales,False,Day (08:00),False,1,3.9,45,True,True,0.346,False,True
SYN-00526,Hamburg-Bramfeld/Farmsen,Hamburg,urban,53.60608,10.08581,Production & Technical,True,Night (22:00),True,5,19.5,20,True,False,1.519,False,False
SYN-00527,Großhansdorf,Kr. Stormarn,rural,53.6588,10.28322,Office & Commercial,False,Day (08:00),False,2,7.8,64,False,True,-0.335,False,False
SYN-00528,Buxtehude,Kr. Stade,suburban,53.45659,9.68553,Office & Commercial,False,Day (08:00),False,2,7.8,44,False,True,-0.663,False,False
SYN-00529,Hamburg-Wilhelmsburg,Hamburg,urban,53.50239,10.01497,Office & Commercial,False,Day (08:00),False,3,11.7,46,True,True,-0.196,False,False
SYN-00530,Hamburg-Volksdorf/Duvenstedt,Hamburg,suburban,53.64485,10.13473,Lab & R&D,False,Day (08:00),False,4,15.6,54,False,True,0.716,True,False
SYN-00531,Hamburg-Billstedt/Horn,Hamburg,urban,53.52689,10.06948,Office & Commercial,False,Day (08:00),False,4,15.6,47,True,True,-1.025,False,False
SYN-00532,Hamburg-Stellingen/Eidelstedt,Hamburg,urban,53.60107,9.91659,Office & Commercial,False,Day (08:00),False,3,11.7,50,False,True,-0.928,False,False
SYN-00533,Hamburg-Winterhude,Hamburg,urban_core,53.58209,10.00089,Production & Technical,True,Late (14:00),True,5,19.5,37,False,True,1.035,False,False
SYN-00534,Hamburg-Rahlstedt,Hamburg,suburban,53.61441,10.14046,Office & Commercial,False,Day (08:00),False,2,7.8,28,False,True,-0.306,False,False
SYN-00535,Norderstedt,Kr. Segeberg,suburban,53.69139,9.95215,Office & Commercial,False,Day (08:00),False,4,15.6,45,True,True,-1.603,False,False
SYN-00536,Hamburg-Schnelsen,Hamburg,suburban,53.61972,9.92461,Production & Technical,False,Day (08:00),False,5,19.5,58,False,True,0.984,False,False
SYN-00537,Hamburg-Uhlenhorst,Hamburg,urban_core,53.56522,10.04167,Office & Commercial,False,Day (08:00),False,4,15.6,35,True,True,-0.633,True,False
SYN-00538,Hamburg-Ohlsdorf,Hamburg,urban,53.63037,10.03542,Lab & R&D,False,Day (08:00),False,3,11.7,34,False,True,0.084,False,False
SYN-00539,Hamburg-Ohlsdorf,Hamburg,urban,53.62533,10.04655,Office & Commercial,False,Day (08:00),False,2,7.8,55,False,True,-0.686,False,False
SYN-00540,Henstedt-Ulzburg,Kr. Segeberg,suburban,53.80978,9.98236,Office & Commercial,False,Day (08:00),False,3,11.7,37,False,False,-0.314,False,False
SYN-00541,Seevetal/Neu Wulmstorf,Kr. Harburg,rural,53.45331,9.89812,Production & Technical,True,Night (22:00),True,5,19.5,37,False,True,-1.101,False,False
SYN-00542,Hamburg-Altona/Ottensen,Hamburg,urban_core,53.55348,9.94431,Office & Commercial,False,Day (08:00),False,3,11.7,38,False,False,1.131,False,False
SYN-00543,Kaltenkirchen,Kr. Segeberg,suburban,53.83917,9.95539,Production & Technical,False,Day (08:00),False,5,19.5,41,True,True,0.027,False,False
SYN-00544,Seevetal/Neu Wulmstorf,Kr. Harburg,rural,53.45291,9.93863,Production & Technical,False,Day (08:00),False,5,19.5,25,False,True,0.967,False,False
SYN-00545,Hamburg-Langenhorn,Hamburg,urban,53.66883,10.04299,Office & Commercial,False,Day (08:00),False,4,15.6,36,True,True,-0.359,False,False
SYN-00546,Hamburg-Barmbek,Hamburg,urban_core,53.57377,10.05067,Production & Technical,True,Late (14:00),True,5,19.5,45,False,True,2.433,False,False
SYN-00547,Hamburg-Winterhude,Hamburg,urban_core,53.58871,10.03098,Production & Technical,False,Day (08:00),False,5,19.5,44,False,False,-1.588,False,False
SYN-00548,Norderstedt,Kr. Segeberg,suburban,53.71286,9.95805,Office & Commercial,False,Day (08:00),False,4,15.6,55,False,True,-1.902,True,False
SYN-00549,Hamburg-Blankenese/Osdorf,Hamburg,suburban,53.59593,9.7904,Production & Technical,False,Day (08:00),False,5,19.5,62,False,True,1.32,False,False
SYN-00550,Hamburg-Barmbek,Hamburg,urban_core,53.59268,10.02711,Production & Technical,True,Early (06:00),True,5,19.5,59,False,True,0.541,False,False
SYN-00551,Hamburg-Eppendorf,Hamburg,urban_core,53.59614,9.99993,Production & Technical,False,Day (08:00),False,5,19.5,52,False,False,0.525,True,False
SYN-00552,Hamburg-Fuhlsbüttel,Hamburg,urban,53.63601,10.01294,Office & Commercial,False,Day (08:00),False,2,7.8,40,False,False,0.615,True,False
SYN-00553,Hamburg-Niendorf,Hamburg,urban,53.63114,9.97516,Production & Technical,False,Day (08:00),False,5,19.5,35,False,True,0.838,False,False
SYN-00554,Halstenbek/Rellingen,Kr. Pinneberg,suburban,53.64385,9.83587,Office & Commercial,False,Day (08:00),False,4,15.6,42,False,True,0.2,False,False
SYN-00555,Norderstedt,Kr. Segeberg,suburban,53.68753,9.99148,Office & Commercial,False,Day (08:00),False,3,11.7,48,True,True,-1.166,False,False
SYN-00556,Hamburg-Poppenbüttel,Hamburg,suburban,53.64924,10.10672,Production & Technical,False,Day (08:00),False,5,19.5,51,True,True,0.568,False,False
SYN-00557,Hamburg-Volksdorf/Duvenstedt,Hamburg,suburban,53.65521,10.17329,Lab & R&D,False,Day (08:00),False,5,19.5,49,False,True,0.444,False,False
SYN-00558,Hamburg-Eimsbüttel,Hamburg,urban_core,53.5939,9.95699,Production & Technical,True,Early (06:00),True,5,19.5,41,False,True,1.795,False,False
SYN-00559,Hamburg-Wandsbek,Hamburg,urban,53.57524,10.10162,Office & Commercial,False,Day (08:00),False,3,11.7,51,False,True,1.764,True,False
SYN-00560,Hamburg-Eimsbüttel,Hamburg,urban_core,53.59131,9.94155,Production & Technical,False,Day (08:00),False,5,19.5,56,False,True,0.447,False,False
SYN-00561,Norderstedt,Kr. Segeberg,suburban,53.7113,9.96573,Office & Commercial,False,Day (08:00),False,3,11.7,52,False,True,-1.494,False,False
SYN-00562,Hamburg-Poppenbüttel,Hamburg,suburban,53.66498,10.08241,Production & Technical,True,Early (06:00),True,5,19.5,42,False,True,1.673,False,False
SYN-00563,Kaltenkirchen,Kr. Segeberg,suburban,53.84467,9.96829,Lab & R&D,False,Day (08:00),False,5,19.5,33,True,True,-0.968,False,False
SYN-00564,Hamburg-Rahlstedt,Hamburg,suburban,53.59868,10.14804,Production & Technical,False,Day (08:00),False,5,19.5,33,False,True,0.388,False,False
SYN-00565,Hamburg-Rahlstedt,Hamburg,suburban,53.60461,10.16968,Office & Commercial,False,Day (08:00),False,4,15.6,35,False,True,-0.24,False,False
SYN-00566,Hamburg-Billstedt/Horn,Hamburg,urban,53.53922,10.08731,Production & Technical,False,Day (08:00),False,5,19.5,45,False,True,-0.331,False,False
SYN-00567,Hamburg-Blankenese/Osdorf,Hamburg,suburban,53.5616,9.8476,Production & Technical,True,Late (14:00),True,5,19.5,48,False,True,0.564,False,False
SYN-00568,Norderstedt,Kr. Segeberg,suburban,53.70421,10.00914,Production & Technical,False,Day (08:00),False,5,19.5,26,False,True,0.411,False,False
SYN-00569,Hamburg-Bramfeld/Farmsen,Hamburg,urban,53.60357,10.08457,Office & Commercial,False,Day (08:00),False,5,19.5,36,True,True,0.763,True,False
SYN-00570,Hamburg-St. Pauli/Neustadt,Hamburg,urban_core,53.55699,9.98384,Office & Commercial,False,Day (08:00),False,4,15.6,45,False,True,-0.516,False,False
SYN-00571,Hamburg-Bramfeld/Farmsen,Hamburg,urban,53.59523,10.09489,Field & Sales,False,Day (08:00),False,2,7.8,32,False,True,0.143,True,True
SYN-00572,Kaltenkirchen,Kr. Segeberg,suburban,53.82877,9.93824,Office & Commercial,False,Day (08:00),False,2,7.8,47,False,True,-0.953,False,False
SYN-00573,Hamburg-Eimsbüttel,Hamburg,urban_core,53.5869,9.9706,Field & Sales,False,Day (08:00),False,3,11.7,39,True,True,0.201,False,True
SYN-00574,Hamburg-Blankenese/Osdorf,Hamburg,suburban,53.60177,9.77899,Production & Technical,False,Day (08:00),False,5,19.5,34,True,True,-0.085,True,False
SYN-00575,Quickborn,Kr. Pinneberg,suburban,53.71465,9.90313,Office & Commercial,False,Day (08:00),False,4,15.6,43,False,True,1.728,False,False
SYN-00576,Hamburg-Rotherbaum,Hamburg,urban_core,53.57557,9.97212,Office & Commercial,False,Day (08:00),False,3,11.7,46,False,True,0.024,False,False
SYN-00577,Halstenbek/Rellingen,Kr. Pinneberg,suburban,53.62139,9.82894,Office & Commercial,False,Day (08:00),False,2,7.8,33,False,True,-2.076,True,False
SYN-00578,Hamburg-Wandsbek,Hamburg,urban,53.57171,10.04844,Field & Sales,False,Day (08:00),False,2,7.8,39,True,True,1.595,False,True
SYN-00579,Quickborn,Kr. Pinneberg,suburban,53.72677,9.88654,Office & Commercial,False,Day (08:00),False,2,7.8,47,False,False,0.266,False,False
SYN-00580,Hamburg-Bramfeld/Farmsen,Hamburg,urban,53.61956,10.0739,Lab & R&D,False,Day (08:00),False,5,19.5,34,False,True,0.152,False,False
SYN-00581,Hamburg-Eimsbüttel,Hamburg,urban_core,53.57296,9.94765,Office & Commercial,False,Day (08:00),False,4,15.6,24,False,False,0.213,False,False
SYN-00582,Hamburg-St. Pauli/Neustadt,Hamburg,urban_core,53.54988,9.98493,Production & Technical,False,Day (08:00),False,5,19.5,25,True,False,-0.314,True,False
SYN-00583,Hamburg-Langenhorn,Hamburg,urban,53.67944,10.02706,Office & Commercial,False,Day (08:00),False,3,11.7,37,False,True,2.171,False,False
SYN-00584,Hamburg-Winterhude,Hamburg,urban_core,53.59002,10.00339,Office & Commercial,False,Day (08:00),False,2,7.8,27,False,True,0.652,False,False
SYN-00585,Wedel,Kr. Pinneberg,suburban,53.59065,9.71078,Lab & R&D,False,Day (08:00),False,5,19.5,38,False,False,-1.771,False,False
SYN-00586,Hamburg-Rahlstedt,Hamburg,suburban,53.60626,10.19384,Office & Commercial,False,Day (08:00),False,5,19.5,60,False,True,-0.072,True,False
SYN-00587,Hamburg-Niendorf,Hamburg,urban,53.63054,9.95713,Production & Technical,True,Early (06:00),True,5,19.5,27,False,False,1.606,False,False
SYN-00588,Hamburg-Bramfeld/Farmsen,Hamburg,urban,53.5944,10.08166,Production & Technical,True,Night (22:00),True,5,19.5,39,True,True,0.356,False,False
SYN-00589,Hamburg-Niendorf,Hamburg,urban,53.62977,9.97607,Production & Technical,True,Night (22:00),True,5,19.5,64,False,False,-1.118,True,False
SYN-00590,Norderstedt,Kr. Segeberg,suburban,53.69926,9.98553,Office & Commercial,False,Day (08:00),False,2,7.8,46,False,False,-1.158,False,False
SYN-00591,Uetersen,Kr. Pinneberg,rural,53.68999,9.64475,Production & Technical,False,Day (08:00),False,5,19.5,38,False,True,-1.151,False,False
SYN-00592,Hamburg-Barmbek,Hamburg,urban_core,53.58891,10.02641,Office & Commercial,False,Day (08:00),False,3,11.7,40,False,True,1.905,True,False
SYN-00593,Hamburg-Volksdorf/Duvenstedt,Hamburg,suburban,53.64572,10.17838,Office & Commercial,False,Day (08:00),False,2,7.8,47,False,True,-0.255,False,False
SYN-00594,Hamburg-Wandsbek,Hamburg,urban,53.55937,10.06164,Lab & R&D,False,Day (08:00),False,4,15.6,61,False,True,-1.845,True,False
SYN-00595,Norderstedt,Kr. Segeberg,suburban,53.67833,9.97546,Production & Technical,True,Night (22:00),True,5,19.5,36,False,True,0.384,False,False
SYN-00596,Hamburg-Sasel/Wellingsbüttel,Hamburg,suburban,53.64798,10.11349,Office & Commercial,False,Day (08:00),False,4,15.6,34,False,True,0.174,True,False
SYN-00597,Hamburg-Stellingen/Eidelstedt,Hamburg,urban,53.59239,9.8911,Production & Technical,True,Early (06:00),True,5,19.5,27,False,True,-0.049,False,False
SYN-00598,Hamburg-Rahlstedt,Hamburg,suburban,53.60836,10.17711,Lab & R&D,False,Day (08:00),False,4,15.6,43,True,True,-1.137,False,False
SYN-00599,Reinbek/Glinde,Kr. Stormarn,suburban,53.54158,10.22634,Production & Technical,False,Day (08:00),False,5,19.5,27,False,True,-0.914,True,False
SYN-00600,Hamburg-Rahlstedt,Hamburg,suburban,53.62119,10.17432,Production & Technical,True,Early (06:00),True,5,19.5,37,True,True,1.07,False,False
SYN-00601,Hamburg-Eimsbüttel,Hamburg,urban_core,53.58403,9.93631,Production & Technical,False,Day (08:00),False,5,19.5,32,False,True,0.764,False,False
SYN-00602,Hamburg-Blankenese/Osdorf,Hamburg,suburban,53.55439,9.77669,Office & Commercial,False,Day (08:00),False,4,15.6,54,False,True,0.179,True,False
SYN-00603,Halstenbek/Rellingen,Kr. Pinneberg,suburban,53.63021,9.86113,Production & Technical,True,Early (06:00),True,5,19.5,36,False,True,0.245,False,False
SYN-00604,Hamburg-Stellingen/Eidelstedt,Hamburg,urban,53.59959,9.8848,Office & Commercial,False,Day (08:00),False,3,11.7,46,True,True,0.411,False,False
SYN-00605,Bargteheide,Kr. Stormarn,rural,53.73755,10.27447,Office & Commercial,False,Day (08:00),False,2,7.8,24,False,True,-0.468,False,False
SYN-00606,Hamburg-Wilhelmsburg,Hamburg,urban,53.50784,9.97917,Office & Commercial,False,Day (08:00),False,4,15.6,43,True,False,-0.072,True,False
SYN-00607,Tangstedt,Kr. Stormarn,rural,53.71984,10.07947,Production & Technical,True,Night (22:00),True,5,19.5,29,False,True,1.082,False,False
SYN-00608,Hamburg-Langenhorn,Hamburg,urban,53.68122,10.031,Production & Technical,True,Early (06:00),True,5,19.5,37,False,True,1.648,False,False
SYN-00609,Hamburg-Bahrenfeld/Lurup,Hamburg,urban,53.58761,9.91159,Office & Commercial,False,Day (08:00),False,5,19.5,64,False,True,-1.439,False,False
SYN-00610,Hamburg-Barmbek,Hamburg,urban_core,53.58503,10.03198,Production & Technical,False,Day (08:00),False,5,19.5,52,False,True,-0.025,False,False
SYN-00611,Hamburg-Altona/Ottensen,Hamburg,urban_core,53.54974,9.94374,Office & Commercial,False,Day (08:00),False,2,7.8,41,False,False,1.206,True,False
SYN-00612,Hamburg-Rahlstedt,Hamburg,suburban,53.61782,10.13696,Production & Technical,False,Day (08:00),False,5,19.5,64,False,True,1.415,False,False
SYN-00613,Bad Oldesloe,Kr. Stormarn,rural,53.81017,10.34985,Office & Commercial,False,Day (08:00),False,4,15.6,32,True,True,1.649,False,False
SYN-00614,Seevetal/Neu Wulmstorf,Kr. Harburg,rural,53.4358,9.87913,Production & Technical,True,Early (06:00),True,5,19.5,55,False,True,-1.312,False,False
SYN-00615,Hamburg-Sasel/Wellingsbüttel,Hamburg,suburban,53.65634,10.14397,Office & Commercial,False,Day (08:00),False,3,11.7,25,False,True,1.458,False,False
SYN-00616,Hamburg-Bahrenfeld/Lurup,Hamburg,urban,53.57077,9.87298,Production & Technical,True,Early (06:00),True,5,19.5,39,True,True,0.259,False,False
SYN-00617,Hamburg-Bahrenfeld/Lurup,Hamburg,urban,53.59355,9.88944,Office & Commercial,False,Day (08:00),False,3,11.7,27,False,True,1.444,False,False
SYN-00618,Hamburg-Bramfeld/Farmsen,Hamburg,urban,53.6214,10.10246,Production & Technical,False,Day (08:00),False,5,19.5,45,True,False,0.888,True,False
SYN-00619,Hamburg-Langenhorn,Hamburg,urban,53.66615,10.03702,Field & Sales,False,Day (08:00),False,1,3.9,43,False,True,-1.131,False,True
SYN-00620,Norderstedt,Kr. Segeberg,suburban,53.70838,10.03662,Office & Commercial,False,Day (08:00),False,3,11.7,39,True,True,0.5,False,False
SYN-00621,Hamburg-Wilhelmsburg,Hamburg,urban,53.48805,10.03261,Production & Technical,True,Late (14:00),True,5,19.5,54,False,True,0.956,False,False
SYN-00622,Hamburg-Eimsbüttel,Hamburg,urban_core,53.57745,9.93592,Production & Technical,True,Early (06:00),True,5,19.5,36,True,True,0.43,False,False
SYN-00623,Seevetal/Neu Wulmstorf,Kr. Harburg,rural,53.42066,9.9053,Production & Technical,False,Day (08:00),False,5,19.5,46,False,True,-0.613,False,False
SYN-00624,Hamburg-Eppendorf,Hamburg,urban_core,53.58056,9.97743,Production & Technical,True,Early (06:00),True,5,19.5,51,False,True,-1.372,False,False
SYN-00625,Reinbek/Glinde,Kr. Stormarn,suburban,53.51743,10.25984,Production & Technical,False,Day (08:00),False,5,19.5,26,False,True,0.85,False,False
SYN-00626,Hamburg-Barmbek,Hamburg,urban_core,53.58774,10.04566,Lab & R&D,False,Day (08:00),False,4,15.6,34,True,False,0.692,False,False
SYN-00627,Hamburg-Harburg,Hamburg,urban,53.45794,10.01232,Office & Commercial,False,Day (08:00),False,4,15.6,43,False,True,-0.789,True,False
SYN-00628,Norderstedt,Kr. Segeberg,suburban,53.71987,9.96655,Production & Technical,False,Day (08:00),False,5,19.5,49,False,True,-0.543,False,False
SYN-00629,Hamburg-Altona/Ottensen,Hamburg,urban_core,53.5382,9.91258,Office & Commercial,False,Day (08:00),False,4,15.6,58,False,False,0.238,False,False
SYN-00630,Hamburg-Harburg,Hamburg,urban,53.44636,10.00206,Production & Technical,False,Day (08:00),False,5,19.5,40,False,True,-0.375,False,False
SYN-00631,Tornesch,Kr. Pinneberg,rural,53.70429,9.70291,Field & Sales,False,Day (08:00),False,2,7.8,39,True,True,-0.247,False,True
SYN-00632,Henstedt-Ulzburg,Kr. Segeberg,suburban,53.81025,9.99469,Production & Technical,True,Early (06:00),True,5,19.5,32,False,True,-1.683,False,False
SYN-00633,Norderstedt,Kr. Segeberg,suburban,53.70548,10.03064,Office & Commercial,False,Day (08:00),False,2,7.8,46,False,True,1.183,False,False
SYN-00634,Hamburg-Winterhude,Hamburg,urban_core,53.59586,10.0215,Office & Commercial,False,Day (08:00),False,4,15.6,39,True,True,0.416,False,False
SYN-00635,Norderstedt,Kr. Segeberg,suburban,53.72058,9.99273,Production & Technical,False,Day (08:00),False,5,19.5,39,False,True,-1.149,False,False
SYN-00636,Hamburg-Langenhorn,Hamburg,urban,53.67049,10.009,Production & Technical,True,Early (06:00),True,5,19.5,41,True,True,-2.293,False,False
SYN-00637,Hamburg-Billstedt/Horn,Hamburg,urban,53.5446,10.08939,Production & Technical,False,Day (08:00),False,5,19.5,48,False,False,1.079,True,False
SYN-00638,Hamburg-Stellingen/Eidelstedt,Hamburg,urban,53.6118,9.91062,Lab & R&D,False,Day (08:00),False,5,19.5,36,True,True,0.808,False,False
SYN-00639,Hamburg-Wilhelmsburg,Hamburg,urban,53.5129,10.04034,Office & Commercial,False,Day (08:00),False,4,15.6,34,False,False,0.494,True,False
SYN-00640,Tangstedt,Kr. Stormarn,rural,53.71233,10.06054,Office & Commercial,False,Day (08:00),False,3,11.7,47,True,True,0.48,False,False
SYN-00641,Hamburg-Bahrenfeld/Lurup,Hamburg,urban,53.57207,9.90465,Office & Commercial,False,Day (08:00),False,5,19.5,20,False,True,1.378,False,False
SYN-00642,Hamburg-Harburg,Hamburg,urban,53.47809,9.96435,Lab & R&D,False,Day (08:00),False,3,11.7,35,True,False,0.461,False,False
SYN-00643,Norderstedt,Kr. Segeberg,suburban,53.70714,9.97423,Office & Commercial,False,Day (08:00),False,2,7.8,29,False,False,-0.138,False,False
SYN-00644,Hamburg-Poppenbüttel,Hamburg,suburban,53.63887,10.0955,Office & Commercial,False,Day (08:00),False,3,11.7,55,False,True,-0.734,False,False
SYN-00645,Hamburg-Rahlstedt,Hamburg,suburban,53.60497,10.13766,Office & Commercial,False,Day (08:00),False,2,7.8,37,True,True,0.404,False,False
SYN-00646,Quickborn,Kr. Pinneberg,suburban,53.74305,9.9003,Production & Technical,True,Early (06:00),True,5,19.5,36,True,True,1.397,False,False
SYN-00647,Norderstedt,Kr. Segeberg,suburban,53.68858,10.00236,Lab & R&D,False,Day (08:00),False,4,15.6,41,False,True,-0.186,False,False
SYN-00648,Hamburg-Uhlenhorst,Hamburg,urban_core,53.56415,10.01271,Production & Technical,True,Early (06:00),True,5,19.5,35,True,False,1.943,False,False
SYN-00649,Hamburg-Billstedt/Horn,Hamburg,urban,53.55758,10.07813,Production & Technical,True,Night (22:00),True,5,19.5,38,False,True,0.59,False,False
SYN-00650,Norderstedt,Kr. Segeberg,suburban,53.70623,10.04129,Office & Commercial,False,Day (08:00),False,4,15.6,43,False,True,0.264,False,False
SYN-00651,Hamburg-Winterhude,Hamburg,urban_core,53.60088,10.00144,Production & Technical,True,Late (14:00),True,5,19.5,37,True,True,2.838,False,False
SYN-00652,Halstenbek/Rellingen,Kr. Pinneberg,suburban,53.64399,9.86659,Production & Technical,False,Day (08:00),False,5,19.5,37,True,True,1.636,False,False
SYN-00653,Hamburg-Billstedt/Horn,Hamburg,urban,53.53554,10.06853,Production & Technical,False,Day (08:00),False,5,19.5,31,True,True,2.012,True,False
SYN-00654,Hamburg-Poppenbüttel,Hamburg,suburban,53.66052,10.05662,Office & Commercial,False,Day (08:00),False,3,11.7,29,True,True,-0.681,False,False
SYN-00655,Quickborn,Kr. Pinneberg,suburban,53.71655,9.88554,Lab & R&D,False,Day (08:00),False,5,19.5,43,False,True,2.076,False,False
SYN-00656,Hamburg-Bramfeld/Farmsen,Hamburg,urban,53.59026,10.09093,Production & Technical,True,Early (06:00),True,5,19.5,45,False,False,0.018,False,False
SYN-00657,Quickborn,Kr. Pinneberg,suburban,53.72271,9.89434,Production & Technical,True,Late (14:00),True,5,19.5,26,False,False,-0.061,False,False
SYN-00658,Hamburg-Volksdorf/Duvenstedt,Hamburg,suburban,53.6578,10.17853,Office & Commercial,False,Day (08:00),False,2,7.8,50,False,True,-2.393,False,False
SYN-00659,Hamburg-Wandsbek,Hamburg,urban,53.57712,10.08627,Field & Sales,False,Day (08:00),False,1,3.9,50,False,True,0.343,False,True
SYN-00660,Hamburg-Winterhude,Hamburg,urban_core,53.59397,10.02386,Production & Technical,True,Early (06:00),True,5,19.5,53,False,False,-0.917,False,False
SYN-00661,Hamburg-Sasel/Wellingsbüttel,Hamburg,suburban,53.64599,10.09333,Field & Sales,False,Day (08:00),False,3,11.7,45,False,True,0.258,False,True
SYN-00662,Pinneberg,Kr. Pinneberg,suburban,53.64127,9.81139,Lab & R&D,False,Day (08:00),False,5,19.5,49,False,False,-1.378,False,False
SYN-00663,Hamburg-Niendorf,Hamburg,urban,53.62068,9.98314,Production & Technical,True,Early (06:00),True,5,19.5,64,False,True,1.581,True,False
SYN-00664,Norderstedt,Kr. Segeberg,suburban,53.72291,9.96911,Office & Commercial,False,Day (08:00),False,3,11.7,39,False,True,0.502,False,False
SYN-00665,Hamburg-Bramfeld/Farmsen,Hamburg,urban,53.5989,10.10896,Office & Commercial,False,Day (08:00),False,4,15.6,30,False,False,2.63,False,False
SYN-00666,Hamburg-Stellingen/Eidelstedt,Hamburg,urban,53.58429,9.91934,Office & Commercial,False,Day (08:00),False,3,11.7,25,False,True,-0.59,False,False
SYN-00667,Hamburg-Neugraben,Hamburg,suburban,53.45005,9.8835,Production & Technical,False,Day (08:00),False,5,19.5,61,False,True,1.133,False,False
SYN-00668,Winsen (Luhe),Kr. Harburg,rural,53.36336,10.22337,Office & Commercial,False,Day (08:00),False,2,7.8,61,False,True,-2.419,False,False
SYN-00669,Hamburg-Volksdorf/Duvenstedt,Hamburg,suburban,53.64789,10.12935,Office & Commercial,False,Day (08:00),False,3,11.7,32,False,True,0.275,False,False
SYN-00670,Hamburg-Barmbek,Hamburg,urban_core,53.57101,10.04791,Office & Commercial,False,Day (08:00),False,4,15.6,34,False,True,-0.148,False,False
SYN-00671,Hamburg-Langenhorn,Hamburg,urban,53.68184,10.0197,Field & Sales,False,Day (08:00),False,2,7.8,38,False,True,-0.231,False,True
SYN-00672,Hamburg-Wandsbek,Hamburg,urban,53.58777,10.06505,Office & Commercial,False,Day (08:00),False,2,7.8,55,False,True,-0.583,False,False
SYN-00673,Buchholz i.d.N.,Kr. Harburg,rural,53.33416,9.84465,Office & Commercial,False,Day (08:00),False,2,7.8,28,False,True,-0.981,False,False
SYN-00674,Hamburg-Stellingen/Eidelstedt,Hamburg,urban,53.59705,9.88037,Lab & R&D,False,Day (08:00),False,5,19.5,20,False,True,-0.743,False,False
SYN-00675,Hamburg-Wandsbek,Hamburg,urban,53.5878,10.04678,Production & Technical,False,Day (08:00),False,5,19.5,64,False,False,-0.659,True,False
SYN-00676,Hamburg-Winterhude,Hamburg,urban_core,53.60704,9.99655,Production & Technical,True,Early (06:00),True,5,19.5,45,True,True,0.416,False,False
SYN-00677,Schenefeld,Kr. Pinneberg,suburban,53.59635,9.84004,Production & Technical,True,Early (06:00),True,5,19.5,47,True,True,0.98,False,False
SYN-00678,Hamburg-Eimsbüttel,Hamburg,urban_core,53.57098,9.9451,Lab & R&D,False,Day (08:00),False,5,19.5,40,True,True,0.679,True,False
SYN-00679,Hamburg-Langenhorn,Hamburg,urban,53.6617,10.00383,Production & Technical,False,Day (08:00),False,5,19.5,47,True,True,1.233,False,False
SYN-00680,Hamburg-Bramfeld/Farmsen,Hamburg,urban,53.60839,10.1148,Office & Commercial,False,Day (08:00),False,5,19.5,25,False,True,-1.045,False,False
SYN-00681,Norderstedt,Kr. Segeberg,suburban,53.70992,10.03218,Production & Technical,True,Late (14:00),True,5,19.5,33,True,True,-0.383,False,False
SYN-00682,Hamburg-Niendorf,Hamburg,urban,53.6319,9.96744,Production & Technical,True,Night (22:00),True,5,19.5,43,False,False,0.844,True,False
SYN-00683,Norderstedt,Kr. Segeberg,suburban,53.69516,9.96642,Office & Commercial,False,Day (08:00),False,3,11.7,20,False,True,0.61,False,False
SYN-00684,Hamburg-Eppendorf,Hamburg,urban_core,53.59225,9.96572,Production & Technical,True,Late (14:00),True,5,19.5,39,True,False,-0.461,True,False
SYN-00685,Hamburg-Rahlstedt,Hamburg,suburban,53.606,10.13058,Lab & R&D,False,Day (08:00),False,3,11.7,38,True,True,0.901,False,False
SYN-00686,Hamburg-Bramfeld/Farmsen,Hamburg,urban,53.6054,10.10752,Production & Technical,False,Day (08:00),False,5,19.5,39,False,True,-0.331,False,False
SYN-00687,Hamburg-Barmbek,Hamburg,urban_core,53.5866,10.04933,Lab & R&D,False,Day (08:00),False,4,15.6,36,False,True,-0.327,False,False
SYN-00688,Großhansdorf,Kr. Stormarn,rural,53.65639,10.29834,Production & Technical,True,Night (22:00),True,5,19.5,31,True,True,0.37,False,False
SYN-00689,Hamburg-Bahrenfeld/Lurup,Hamburg,urban,53.55518,9.88989,Field & Sales,False,Day (08:00),False,2,7.8,22,False,True,0.49,True,True
SYN-00690,Hamburg-St. Pauli/Neustadt,Hamburg,urban_core,53.55986,9.95762,Office & Commercial,False,Day (08:00),False,4,15.6,44,True,False,-0.206,False,False
SYN-00691,Hamburg-Sasel/Wellingsbüttel,Hamburg,suburban,53.66757,10.09719,Production & Technical,True,Early (06:00),True,5,19.5,39,True,True,-0.607,False,False
SYN-00692,Halstenbek/Rellingen,Kr. Pinneberg,suburban,53.64353,9.83671,Production & Technical,False,Day (08:00),False,5,19.5,27,True,True,-0.92,False,False
SYN-00693,Hamburg-Poppenbüttel,Hamburg,suburban,53.66567,10.06494,Production & Technical,True,Night (22:00),True,5,19.5,43,False,False,-0.512,False,False
SYN-00694,Hamburg-Bramfeld/Farmsen,Hamburg,urban,53.6128,10.08893,Office & Commercial,False,Day (08:00),False,2,7.8,39,True,True,1.3,False,False
SYN-00695,Halstenbek/Rellingen,Kr. Pinneberg,suburban,53.62013,9.85367,Office & Commercial,False,Day (08:00),False,3,11.7,37,True,True,0.228,False,False
SYN-00696,Hamburg-St. Pauli/Neustadt,Hamburg,urban_core,53.55742,9.9678,Production & Technical,True,Early (06:00),True,5,19.5,20,False,True,1.675,False,False
SYN-00697,Hamburg-Bahrenfeld/Lurup,Hamburg,urban,53.59074,9.91535,Office & Commercial,False,Day (08:00),False,3,11.7,50,False,True,0.533,False,False
SYN-00698,Hamburg-Wandsbek,Hamburg,urban,53.567,10.0811,Office & Commercial,False,Day (08:00),False,2,7.8,28,False,True,-0.229,False,False
SYN-00699,Hamburg-Rahlstedt,Hamburg,suburban,53.60469,10.16579,Office & Commercial,False,Day (08:00),False,5,19.5,43,False,True,-1.766,False,False
SYN-00700,Hamburg-Volksdorf/Duvenstedt,Hamburg,suburban,53.65284,10.16871,Office & Commercial,False,Day (08:00),False,3,11.7,33,False,True,-0.877,False,False
SYN-00701,Hamburg-Poppenbüttel,Hamburg,suburban,53.67143,10.07763,Office & Commercial,False,Day (08:00),False,3,11.7,38,True,True,-0.705,False,False
SYN-00702,Hamburg-Bramfeld/Farmsen,Hamburg,urban,53.61098,10.09462,Office & Commercial,False,Day (08:00),False,4,15.6,55,False,True,-0.815,False,False
SYN-00703,Hamburg-Fuhlsbüttel,Hamburg,urban,53.64701,10.01771,Field & Sales,False,Day (08:00),False,2,7.8,48,False,True,1.031,False,True
SYN-00704,Neumünster,Kr. Neumünster,suburban,54.0746,9.96695,Production & Technical,False,Day (08:00),False,5,19.5,54,False,True,0.671,True,False
SYN-00705,Hamburg-Sasel/Wellingsbüttel,Hamburg,suburban,53.64893,10.08715,Production & Technical,False,Day (08:00),False,5,19.5,46,False,True,2.045,False,False
SYN-00706,Hamburg-Altona/Ottensen,Hamburg,urban_core,53.54663,9.91197,Production & Technical,True,Early (06:00),True,5,19.5,46,True,False,-0.48,False,False
SYN-00707,Hamburg-Harburg,Hamburg,urban,53.45122,10.00626,Office & Commercial,False,Day (08:00),False,3,11.7,22,False,True,2.081,False,False
SYN-00708,Hamburg-Wilhelmsburg,Hamburg,urban,53.50135,10.00195,Production & Technical,True,Late (14:00),True,5,19.5,39,True,True,1.791,False,False
SYN-00709,Hamburg-Barmbek,Hamburg,urban_core,53.59061,10.0625,Lab & R&D,False,Day (08:00),False,5,19.5,40,False,False,0.151,False,False
SYN-00710,Hamburg-Eimsbüttel,Hamburg,urban_core,53.59212,9.94518,Office & Commercial,False,Day (08:00),False,3,11.7,55,False,False,0.607,False,False
SYN-00711,Buxtehude,Kr. Stade,suburban,53.4702,9.7033,Office & Commercial,False,Day (08:00),False,5,19.5,36,True,True,1.241,False,False
SYN-00712,Hamburg-Billstedt/Horn,Hamburg,urban,53.54469,10.10596,Office & Commercial,False,Day (08:00),False,2,7.8,45,True,True,0.041,False,False
SYN-00713,Hamburg-Bergedorf,Hamburg,suburban,53.48181,10.16821,Production & Technical,True,Early (06:00),True,5,19.5,44,False,True,-0.27,False,False
SYN-00714,Halstenbek/Rellingen,Kr. Pinneberg,suburban,53.62261,9.83131,Office & Commercial,False,Day (08:00),False,5,19.5,55,False,True,-0.944,False,False
SYN-00715,Hamburg-Harburg,Hamburg,urban,53.45005,9.98528,Production & Technical,True,Late (14:00),True,5,19.5,41,True,False,-2.193,True,False
SYN-00716,Hamburg-Niendorf,Hamburg,urban,53.61401,9.93891,Office & Commercial,False,Day (08:00),False,5,19.5,51,False,False,0.07,False,False
SYN-00717,Hamburg-Altona/Ottensen,Hamburg,urban_core,53.55986,9.9507,Lab & R&D,False,Day (08:00),False,3,11.7,23,False,True,-0.043,True,False
SYN-00718,Hamburg-Langenhorn,Hamburg,urban,53.66491,9.99512,Office & Commercial,False,Day (08:00),False,2,7.8,24,False,False,-0.625,False,False
SYN-00719,Hamburg-Rahlstedt,Hamburg,suburban,53.60249,10.18755,Lab & R&D,False,Day (08:00),False,5,19.5,20,False,True,0.689,False,False
SYN-00720,Ahrensburg,Kr. Stormarn,suburban,53.66949,10.2703,Production & Technical,False,Day (08:00),False,5,19.5,51,False,False,-1.701,False,False
SYN-00721,Hamburg-Uhlenhorst,Hamburg,urban_core,53.5743,10.03677,Lab & R&D,False,Day (08:00),False,5,19.5,49,False,False,1.039,False,False
SYN-00722,Hamburg-Barmbek,Hamburg,urban_core,53.58062,10.05297,Office & Commercial,False,Day (08:00),False,3,11.7,52,False,False,0.667,True,False
SYN-00723,Norderstedt,Kr. Segeberg,suburban,53.69539,10.02701,Office & Commercial,False,Day (08:00),False,4,15.6,35,True,True,-0.384,False,False
SYN-00724,Großhansdorf,Kr. Stormarn,rural,53.65425,10.29937,Production & Technical,False,Day (08:00),False,5,19.5,36,False,False,-0.263,False,False
SYN-00725,Hamburg-Langenhorn,Hamburg,urban,53.67511,10.03137,Production & Technical,True,Early (06:00),True,5,19.5,41,False,True,-1.024,True,False
SYN-00726,Norderstedt,Kr. Segeberg,suburban,53.70836,10.00567,Office & Commercial,False,Day (08:00),False,2,7.8,58,False,True,0.384,False,False
SYN-00727,Hamburg-Poppenbüttel,Hamburg,suburban,53.64567,10.07987,Production & Technical,True,Early (06:00),True,5,19.5,61,False,True,-0.229,False,False
SYN-00728,Norderstedt,Kr. Segeberg,suburban,53.72429,10.02744,Office & Commercial,False,Day (08:00),False,3,11.7,51,False,True,0.012,False,False
SYN-00729,Hamburg-Eppendorf,Hamburg,urban_core,53.58931,9.98214,Lab & R&D,False,Day (08:00),False,4,15.6,46,True,True,0.785,False,False
SYN-00730,Hamburg-Uhlenhorst,Hamburg,urban_core,53.57726,10.0205,Lab & R&D,False,Day (08:00),False,5,19.5,57,False,False,-0.542,False,False
SYN-00731,Hamburg-Volksdorf/Duvenstedt,Hamburg,suburban,53.63191,10.17512,Production & Technical,True,Late (14:00),True,5,19.5,39,False,True,-1.569,False,False
SYN-00732,Norderstedt,Kr. Segeberg,suburban,53.72597,9.97084,Lab & R&D,False,Day (08:00),False,5,19.5,38,False,True,0.924,False,False
SYN-00733,Hamburg-Langenhorn,Hamburg,urban,53.68491,10.03348,Production & Technical,True,Night (22:00),True,5,19.5,41,False,True,0.855,True,False
SYN-00734,Hamburg-Winterhude,Hamburg,urban_core,53.60903,10.01654,Office & Commercial,False,Day (08:00),False,2,7.8,31,False,False,-0.002,True,False
SYN-00735,Norderstedt,Kr. Segeberg,suburban,53.70125,9.95091,Lab & R&D,False,Day (08:00),False,3,11.7,40,True,False,0.342,False,False
SYN-00736,Hamburg-Stellingen/Eidelstedt,Hamburg,urban,53.6004,9.90032,Production & Technical,False,Day (08:00),False,5,19.5,30,True,True,1.608,False,False
SYN-00737,Hamburg-Schnelsen,Hamburg,suburban,53.64183,9.90259,Production & Technical,True,Early (06:00),True,5,19.5,53,False,True,0.855,False,False
SYN-00738,Hamburg-Volksdorf/Duvenstedt,Hamburg,suburban,53.66831,10.17152,Production & Technical,False,Day (08:00),False,5,19.5,48,False,True,-0.765,False,False
SYN-00739,Hamburg-Winterhude,Hamburg,urban_core,53.59635,9.99669,Office & Commercial,False,Day (08:00),False,2,7.8,58,False,False,-1.405,False,False
SYN-00740,Hamburg-Barmbek,Hamburg,urban_core,53.58262,10.04393,Office & Commercial,False,Day (08:00),False,4,15.6,24,False,False,-0.667,True,False
SYN-00741,Norderstedt,Kr. Segeberg,suburban,53.70111,10.01872,Production & Technical,False,Day (08:00),False,5,19.5,63,False,True,-0.762,False,False
SYN-00742,Hamburg-Langenhorn,Hamburg,urban,53.67763,10.03611,Production & Technical,True,Early (06:00),True,5,19.5,25,False,True,1.896,False,False
SYN-00743,Ellerau,Kr. Segeberg,rural,53.75993,9.92071,Office & Commercial,False,Day (08:00),False,4,15.6,29,True,True,-0.812,False,False
SYN-00744,Norderstedt,Kr. Segeberg,suburban,53.71817,10.00369,Production & Technical,False,Day (08:00),False,5,19.5,35,False,True,-0.58,False,False
SYN-00745,Hamburg-Rotherbaum,Hamburg,urban_core,53.57693,9.96919,Office & Commercial,False,Day (08:00),False,3,11.7,56,True,False,-0.5,True,False
SYN-00746,Hamburg-Eimsbüttel,Hamburg,urban_core,53.56805,9.93486,Field & Sales,False,Day (08:00),False,3,11.7,44,True,True,-0.215,False,True
SYN-00747,Hamburg-Bramfeld/Farmsen,Hamburg,urban,53.60917,10.07512,Office & Commercial,False,Day (08:00),False,5,19.5,39,True,False,0.189,False,False
SYN-00748,Hamburg-Barmbek,Hamburg,urban_core,53.58129,10.01449,Lab & R&D,False,Day (08:00),False,4,15.6,33,False,False,-0.78,False,False
SYN-00749,Hamburg-Wilhelmsburg,Hamburg,urban,53.50689,10.00608,Office & Commercial,False,Day (08:00),False,3,11.7,27,False,False,1.484,True,False
SYN-00750,Kaltenkirchen,Kr. Segeberg,suburban,53.84498,9.98679,Lab & R&D,False,Day (08:00),False,3,11.7,54,True,True,-0.445,False,False
SYN-00751,Hamburg-Sasel/Wellingsbüttel,Hamburg,suburban,53.68191,10.11019,Production & Technical,True,Early (06:00),True,5,19.5,51,False,True,2.229,False,False
SYN-00752,Hamburg-Bramfeld/Farmsen,Hamburg,urban,53.60823,10.08788,Production & Technical,True,Early (06:00),True,5,19.5,57,False,False,-1.274,False,False
SYN-00753,Hamburg-Poppenbüttel,Hamburg,suburban,53.64652,10.10814,Office & Commercial,False,Day (08:00),False,5,19.5,46,False,True,1.423,False,False
SYN-00754,Hamburg-Eimsbüttel,Hamburg,urban_core,53.58935,9.97382,Production & Technical,True,Night (22:00),True,5,19.5,20,False,False,2.108,False,False
SYN-00755,Hamburg-Billstedt/Horn,Hamburg,urban,53.55335,10.12312,Lab & R&D,False,Day (08:00),False,4,15.6,28,False,True,-0.028,False,False
SYN-00756,Hamburg-Poppenbüttel,Hamburg,suburban,53.64743,10.11362,Office & Commercial,False,Day (08:00),False,4,15.6,47,False,True,-0.578,False,False
SYN-00757,Hamburg-Bramfeld/Farmsen,Hamburg,urban,53.62326,10.10055,Field & Sales,False,Day (08:00),False,2,7.8,38,False,True,-0.705,False,True
SYN-00758,Elmshorn,Kr. Pinneberg,suburban,53.75818,9.65727,Production & Technical,True,Night (22:00),True,5,19.5,36,False,True,-0.91,True,False
SYN-00759,Norderstedt,Kr. Segeberg,suburban,53.73104,9.97035,Office & Commercial,False,Day (08:00),False,2,7.8,30,True,True,0.099,False,False
SYN-00760,Hamburg-Eppendorf,Hamburg,urban_core,53.58598,10.00145,Office & Commercial,False,Day (08:00),False,5,19.5,52,False,False,0.204,False,False
SYN-00761,Hamburg-Stellingen/Eidelstedt,Hamburg,urban,53.614,9.90736,Production & Technical,False,Day (08:00),False,5,19.5,47,True,True,-1.536,False,False
SYN-00762,Hamburg-Fuhlsbüttel,Hamburg,urban,53.64349,10.01974,Office & Commercial,False,Day (08:00),False,2,7.8,48,False,True,2.344,False,False
SYN-00763,Norderstedt,Kr. Segeberg,suburban,53.72086,10.02636,Office & Commercial,False,Day (08:00),False,4,15.6,35,True,True,-0.243,False,False
SYN-00764,Hamburg-Langenhorn,Hamburg,urban,53.67046,10.0064,Field & Sales,False,Day (08:00),False,2,7.8,44,True,True,0.182,True,True
SYN-00765,Wedel,Kr. Pinneberg,suburban,53.57004,9.68929,Office & Commercial,False,Day (08:00),False,2,7.8,27,False,True,-0.476,False,False
SYN-00766,Norderstedt,Kr. Segeberg,suburban,53.70286,9.98145,Production & Technical,True,Late (14:00),True,5,19.5,41,False,True,-0.35,True,False
SYN-00767,Hamburg-Niendorf,Hamburg,urban,53.63389,9.96617,Office & Commercial,False,Day (08:00),False,3,11.7,20,True,True,0.159,True,False
SYN-00768,Norderstedt,Kr. Segeberg,suburban,53.71691,10.04034,Office & Commercial,False,Day (08:00),False,4,15.6,25,False,True,0.18,True,False
SYN-00769,Hamburg-Langenhorn,Hamburg,urban,53.68295,10.02765,Production & Technical,True,Late (14:00),True,5,19.5,38,False,True,0.202,False,False
SYN-00770,Hamburg-Rahlstedt,Hamburg,suburban,53.59075,10.13658,Production & Technical,False,Day (08:00),False,5,19.5,64,False,True,0.338,False,False
SYN-00771,Hamburg-Poppenbüttel,Hamburg,suburban,53.668,10.08343,Production & Technical,True,Early (06:00),True,5,19.5,22,False,True,0.461,False,False
SYN-00772,Hamburg-Wandsbek,Hamburg,urban,53.56584,10.04109,Production & Technical,True,Late (14:00),True,5,19.5,28,True,True,1.088,False,False
SYN-00773,Hamburg-Wandsbek,Hamburg,urban,53.57087,10.04236,Office & Commercial,False,Day (08:00),False,3,11.7,44,True,True,0.107,True,False
SYN-00774,Quickborn,Kr. Pinneberg,suburban,53.73986,9.90222,Production & Technical,False,Day (08:00),False,5,19.5,61,False,True,-0.185,False,False
SYN-00775,Norderstedt,Kr. Segeberg,suburban,53.70025,9.97503,Office & Commercial,False,Day (08:00),False,4,15.6,44,True,True,-0.375,False,False
SYN-00776,Quickborn,Kr. Pinneberg,suburban,53.73715,9.90755,Production & Technical,True,Early (06:00),True,5,19.5,50,False,True,0.77,False,False
SYN-00777,Hamburg-Rahlstedt,Hamburg,suburban,53.61649,10.13358,Office & Commercial,False,Day (08:00),False,4,15.6,38,False,False,0.289,False,False
SYN-00778,Hamburg-Ohlsdorf,Hamburg,urban,53.61637,10.04658,Production & Technical,False,Day (08:00),False,5,19.5,36,False,False,0.092,False,False
SYN-00779,Hamburg-Wilhelmsburg,Hamburg,urban,53.52424,10.01089,Lab & R&D,False,Day (08:00),False,5,19.5,43,True,True,-0.055,False,False
SYN-00780,Quickborn,Kr. Pinneberg,suburban,53.72067,9.90336,Production & Technical,False,Day (08:00),False,5,19.5,35,False,False,-0.093,False,False
SYN-00781,Hamburg-Sasel/Wellingsbüttel,Hamburg,suburban,53.67921,10.09645,Office & Commercial,False,Day (08:00),False,3,11.7,50,False,True,-0.203,False,False
SYN-00782,Wedel,Kr. Pinneberg,suburban,53.58199,9.72329,Production & Technical,True,Early (06:00),True,5,19.5,24,True,True,0.144,False,False
SYN-00783,Hamburg-Eppendorf,Hamburg,urban_core,53.57758,9.98612,Production & Technical,True,Late (14:00),True,5,19.5,52,False,False,-0.376,True,False
SYN-00784,Hamburg-Wandsbek,Hamburg,urban,53.57948,10.08452,Office & Commercial,False,Day (08:00),False,5,19.5,42,True,False,0.915,False,False
SYN-00785,Seevetal/Neu Wulmstorf,Kr. Harburg,rural,53.45982,9.91262,Lab & R&D,False,Day (08:00),False,5,19.5,40,True,True,0.561,False,False
SYN-00786,Hamburg-Bramfeld/Farmsen,Hamburg,urban,53.62664,10.10554,Lab & R&D,False,Day (08:00),False,5,19.5,24,False,True,2.234,True,False
SYN-00787,Hamburg-Bergedorf,Hamburg,suburban,53.48603,10.18724,Production & Technical,False,Day (08:00),False,5,19.5,31,False,True,-0.52,True,False
SYN-00788,Hamburg-Bramfeld/Farmsen,Hamburg,urban,53.62081,10.06909,Production & Technical,True,Late (14:00),True,5,19.5,55,False,True,0.6,False,False
SYN-00789,Hamburg-Harburg,Hamburg,urban,53.47664,10.01524,Office & Commercial,False,Day (08:00),False,4,15.6,40,False,False,-1.726,False,False
SYN-00790,Hamburg-Wandsbek,Hamburg,urban,53.57317,10.08254,Office & Commercial,False,Day (08:00),False,4,15.6,45,True,True,0.929,False,False
SYN-00791,Hamburg-Schnelsen,Hamburg,suburban,53.63681,9.92848,Production & Technical,True,Early (06:00),True,5,19.5,32,True,True,-1.39,False,False
SYN-00792,Hamburg-Barmbek,Hamburg,urban_core,53.59809,10.04376,Office & Commercial,False,Day (08:00),False,5,19.5,42,True,False,-0.634,False,False
SYN-00793,Hamburg-Bramfeld/Farmsen,Hamburg,urban,53.59912,10.0836,Office & Commercial,False,Day (08:00),False,2,7.8,27,False,True,0.732,True,False
SYN-00794,Norderstedt,Kr. Segeberg,suburban,53.7034,9.98152,Office & Commercial,False,Day (08:00),False,5,19.5,43,False,True,-0.738,False,False
SYN-00795,Norderstedt,Kr. Segeberg,suburban,53.69303,9.96566,Production & Technical,False,Day (08:00),False,5,19.5,46,False,True,-0.925,False,False
SYN-00796,Hamburg-Bramfeld/Farmsen,Hamburg,urban,53.59691,10.10871,Production & Technical,False,Day (08:00),False,5,19.5,46,False,True,-0.401,False,False
SYN-00797,Norderstedt,Kr. Segeberg,suburban,53.6902,9.98539,Production & Technical,False,Day (08:00),False,5,19.5,32,True,True,0.796,False,False
SYN-00798,Hamburg-Ohlsdorf,Hamburg,urban,53.63148,10.03733,Office & Commercial,False,Day (08:00),False,3,11.7,38,False,False,-0.716,False,False
SYN-00799,Hamburg-Bahrenfeld/Lurup,Hamburg,urban,53.58668,9.92868,Production & Technical,False,Day (08:00),False,5,19.5,48,True,True,-0.004,False,False
SYN-00800,Hamburg-Stellingen/Eidelstedt,Hamburg,urban,53.61178,9.90093,Office & Commercial,False,Day (08:00),False,5,19.5,40,True,True,-0.195,False,False
SYN-00801,Hamburg-Bahrenfeld/Lurup,Hamburg,urban,53.57649,9.86537,Office & Commercial,False,Day (08:00),False,3,11.7,39,False,True,1.02,True,False
SYN-00802,Hamburg-Bramfeld/Farmsen,Hamburg,urban,53.62168,10.07962,Office & Commercial,False,Day (08:00),False,5,19.5,63,True,True,0.648,True,False
SYN-00803,Pinneberg,Kr. Pinneberg,suburban,53.67319,9.7858,Production & Technical,False,Day (08:00),False,5,19.5,32,True,True,-1.769,False,False
SYN-00804,Hamburg-Wandsbek,Hamburg,urban,53.56558,10.04834,Production & Technical,False,Day (08:00),False,5,19.5,54,False,True,0.995,False,False
SYN-00805,Hamburg-Langenhorn,Hamburg,urban,53.67751,10.0135,Office & Commercial,False,Day (08:00),False,4,15.6,29,True,True,-0.244,False,False
SYN-00806,Hamburg-Langenhorn,Hamburg,urban,53.65736,10.03226,Office & Commercial,False,Day (08:00),False,4,15.6,49,False,False,0.27,False,False
SYN-00807,Hamburg-Billstedt/Horn,Hamburg,urban,53.5607,10.0906,Lab & R&D,False,Day (08:00),False,5,19.5,50,False,True,-0.922,False,False
SYN-00808,Hamburg-Ohlsdorf,Hamburg,urban,53.62968,10.03328,Production & Technical,False,Day (08:00),False,5,19.5,36,False,False,0.621,False,False
SYN-00809,Hamburg-Rotherbaum,Hamburg,urban_core,53.57553,9.98988,Lab & R&D,False,Day (08:00),False,4,15.6,29,False,True,3.118,False,False
SYN-00810,Seevetal/Neu Wulmstorf,Kr. Harburg,rural,53.45845,9.92115,Production & Technical,False,Day (08:00),False,5,19.5,20,False,True,0.194,False,False
SYN-00811,Norderstedt,Kr. Segeberg,suburban,53.70192,10.00428,Production & Technical,True,Early (06:00),True,5,19.5,35,True,True,-0.443,False,False
SYN-00812,Norderstedt,Kr. Segeberg,suburban,53.70093,9.96789,Production & Technical,False,Day (08:00),False,5,19.5,48,False,True,-0.432,False,False
SYN-00813,Buxtehude,Kr. Stade,suburban,53.4725,9.68938,Office & Commercial,False,Day (08:00),False,4,15.6,30,True,True,-1.369,False,False
SYN-00814,Hamburg-Wandsbek,Hamburg,urban,53.56393,10.05813,Production & Technical,False,Day (08:00),False,5,19.5,43,True,False,1.582,False,False
SYN-00815,Hamburg-Langenhorn,Hamburg,urban,53.67901,10.03353,Production & Technical,False,Day (08:00),False,5,19.5,26,False,True,0.73,False,False
SYN-00816,Halstenbek/Rellingen,Kr. Pinneberg,suburban,53.62983,9.82811,Office & Commercial,False,Day (08:00),False,2,7.8,39,False,False,-1.099,False,False
SYN-00817,Pinneberg,Kr. Pinneberg,suburban,53.65219,9.81328,Office & Commercial,False,Day (08:00),False,4,15.6,29,False,False,-0.9,False,False
SYN-00818,Hamburg-St. Pauli/Neustadt,Hamburg,urban_core,53.5544,9.96533,Production & Technical,False,Day (08:00),False,5,19.5,41,True,True,0.382,False,False
SYN-00819,Hamburg-Rahlstedt,Hamburg,suburban,53.60123,10.18762,Production & Technical,False,Day (08:00),False,5,19.5,36,False,True,0.932,False,False
SYN-00820,Hamburg-Sasel/Wellingsbüttel,Hamburg,suburban,53.65334,10.13026,Office & Commercial,False,Day (08:00),False,4,15.6,29,False,True,-1.034,False,False
SYN-00821,Norderstedt,Kr. Segeberg,suburban,53.70215,10.03737,Production & Technical,True,Late (14:00),True,5,19.5,35,False,True,1.13,False,False
SYN-00822,Hamburg-Wandsbek,Hamburg,urban,53.57747,10.05985,Production & Technical,True,Night (22:00),True,5,19.5,32,True,False,0.225,True,False
SYN-00823,Hamburg-Volksdorf/Duvenstedt,Hamburg,suburban,53.65018,10.15503,Office & Commercial,False,Day (08:00),False,5,19.5,28,False,True,-0.797,False,False
SYN-00824,Hamburg-Billstedt/Horn,Hamburg,urban,53.54125,10.07226,Production & Technical,False,Day (08:00),False,5,19.5,54,False,True,-0.518,False,False
SYN-00825,Henstedt-Ulzburg,Kr. Segeberg,suburban,53.79975,9.99969,Office & Commercial,False,Day (08:00),False,2,7.8,38,False,True,1.715,False,False
SYN-00826,Norderstedt,Kr. Segeberg,suburban,53.71302,9.96383,Production & Technical,False,Day (08:00),False,5,19.5,20,True,True,-1.122,False,False
SYN-00827,Hamburg-Wandsbek,Hamburg,urban,53.56714,10.04312,Production & Technical,False,Day (08:00),False,5,19.5,35,True,True,-0.465,False,False
SYN-00828,Hamburg-Poppenbüttel,Hamburg,suburban,53.66113,10.10428,Production & Technical,False,Day (08:00),False,5,19.5,52,False,True,0.686,False,False
SYN-00829,Bad Segeberg,Kr. Segeberg,rural,53.92718,10.29318,Production & Technical,True,Late (14:00),True,5,19.5,34,False,True,0.05,False,False
SYN-00830,Hamburg-Sasel/Wellingsbüttel,Hamburg,suburban,53.64279,10.11302,Production & Technical,True,Late (14:00),True,5,19.5,58,False,True,-1.158,True,False
SYN-00831,Hamburg-Rahlstedt,Hamburg,suburban,53.60155,10.15733,Production & Technical,True,Early (06:00),True,5,19.5,33,False,True,1.015,False,False
SYN-00832,Hamburg-Altona/Ottensen,Hamburg,urban_core,53.56183,9.94406,Lab & R&D,False,Day (08:00),False,5,19.5,48,True,False,1.262,False,False
SYN-00833,Hamburg-Winterhude,Hamburg,urban_core,53.58557,10.00816,Lab & R&D,False,Day (08:00),False,5,19.5,53,False,True,0.498,True,False
SYN-00834,Hamburg-Billstedt/Horn,Hamburg,urban,53.5568,10.10441,Production & Technical,True,Night (22:00),True,5,19.5,47,False,True,-0.546,False,False
SYN-00835,Hamburg-Bahrenfeld/Lurup,Hamburg,urban,53.57865,9.91028,Office & Commercial,False,Day (08:00),False,2,7.8,27,False,True,-0.058,False,False
SYN-00836,Hamburg-Wandsbek,Hamburg,urban,53.58676,10.09179,Office & Commercial,False,Day (08:00),False,5,19.5,32,True,False,0.601,False,False
SYN-00837,Hamburg-Blankenese/Osdorf,Hamburg,suburban,53.60426,9.78538,Lab & R&D,False,Day (08:00),False,4,15.6,55,False,True,-1.629,False,False
SYN-00838,Reinbek/Glinde,Kr. Stormarn,suburban,53.52427,10.2355,Production & Technical,False,Day (08:00),False,5,19.5,33,True,True,1.378,False,False
SYN-00839,Hamburg-Barmbek,Hamburg,urban_core,53.5773,10.05667,Production & Technical,True,Night (22:00),True,5,19.5,53,False,False,1.867,False,False
SYN-00840,Hamburg-Uhlenhorst,Hamburg,urban_core,53.56553,10.04045,Production & Technical,False,Day (08:00),False,5,19.5,37,False,False,0.197,True,False
SYN-00841,Norderstedt,Kr. Segeberg,suburban,53.71947,9.97809,Production & Technical,True,Late (14:00),True,5,19.5,44,True,True,0.223,True,False
SYN-00842,Hamburg-Harburg,Hamburg,urban,53.43793,9.96452,Production & Technical,False,Day (08:00),False,5,19.5,27,True,True,1.586,False,False
SYN-00843,Hamburg-Uhlenhorst,Hamburg,urban_core,53.57811,10.01739,Lab & R&D,False,Day (08:00),False,3,11.7,35,False,True,2.422,False,False
SYN-00844,Hamburg-Barmbek,Hamburg,urban_core,53.58019,10.06497,Lab & R&D,False,Day (08:00),False,4,15.6,32,True,True,2.074,False,False
SYN-00845,Hamburg-Langenhorn,Hamburg,urban,53.68536,10.03784,Production & Technical,False,Day (08:00),False,5,19.5,44,True,True,-1.619,False,False
SYN-00846,Pinneberg,Kr. Pinneberg,suburban,53.65453,9.79844,Office & Commercial,False,Day (08:00),False,2,7.8,43,False,True,-0.432,False,False
SYN-00847,Hamburg-Winterhude,Hamburg,urban_core,53.58891,10.025,Production & Technical,False,Day (08:00),False,5,19.5,47,True,True,0.767,False,False
SYN-00848,Hamburg-Billstedt/Horn,Hamburg,urban,53.55032,10.06352,Office & Commercial,False,Day (08:00),False,5,19.5,37,False,True,-0.261,True,False
SYN-00849,Hamburg-Fuhlsbüttel,Hamburg,urban,53.63875,10.01702,Office & Commercial,False,Day (08:00),False,3,11.7,32,True,True,2.099,False,False
SYN-00850,Bargteheide,Kr. Stormarn,rural,53.7203,10.26726,Production & Technical,True,Night (22:00),True,5,19.5,44,True,True,1.296,False,False
SYN-00851,Hamburg-Niendorf,Hamburg,urban,53.63932,9.94407,Lab & R&D,False,Day (08:00),False,4,15.6,31,False,True,-0.483,False,False
SYN-00852,Hamburg-Niendorf,Hamburg,urban,53.61762,9.94861,Field & Sales,False,Day (08:00),False,3,11.7,54,False,True,-0.212,False,True
SYN-00853,Quickborn,Kr. Pinneberg,suburban,53.72742,9.92425,Office & Commercial,False,Day (08:00),False,5,19.5,41,False,True,-0.833,True,False
SYN-00854,Schenefeld,Kr. Pinneberg,suburban,53.58766,9.83144,Office & Commercial,False,Day (08:00),False,4,15.6,38,False,True,-0.228,False,False
SYN-00855,Hamburg-Schnelsen,Hamburg,suburban,53.64495,9.92401,Office & Commercial,False,Day (08:00),False,5,19.5,47,False,True,-0.409,False,False
SYN-00856,Hamburg-Eimsbüttel,Hamburg,urban_core,53.58173,9.93721,Production & Technical,True,Early (06:00),True,5,19.5,41,True,True,1.321,False,False
SYN-00857,Hamburg-Bahrenfeld/Lurup,Hamburg,urban,53.59285,9.92226,Production & Technical,False,Day (08:00),False,5,19.5,24,False,True,-0.438,False,False
SYN-00858,Pinneberg,Kr. Pinneberg,suburban,53.65353,9.82008,Office & Commercial,False,Day (08:00),False,3,11.7,30,False,True,-2.517,False,False
SYN-00859,Hamburg-Winterhude,Hamburg,urban_core,53.58964,10.00607,Production & Technical,True,Early (06:00),True,5,19.5,54,False,True,-1.455,False,False
SYN-00860,Hamburg-Uhlenhorst,Hamburg,urban_core,53.57256,10.02619,Lab & R&D,False,Day (08:00),False,4,15.6,43,False,True,-0.695,True,False
SYN-00861,Hamburg-Bahrenfeld/Lurup,Hamburg,urban,53.59418,9.91758,Production & Technical,True,Early (06:00),True,5,19.5,24,False,True,-0.206,False,False
SYN-00862,Hamburg-Bahrenfeld/Lurup,Hamburg,urban,53.57115,9.88161,Production & Technical,True,Night (22:00),True,5,19.5,46,True,False,0.271,True,False
SYN-00863,Hamburg-Wilhelmsburg,Hamburg,urban,53.51935,10.02168,Production & Technical,True,Early (06:00),True,5,19.5,36,True,True,-0.83,False,False
SYN-00864,Hamburg-Wandsbek,Hamburg,urban,53.56911,10.07144,Field & Sales,False,Day (08:00),False,2,7.8,32,False,True,-0.894,False,True
SYN-00865,Hamburg-Langenhorn,Hamburg,urban,53.66582,10.03475,Production & Technical,True,Late (14:00),True,5,19.5,29,False,True,-0.563,True,False
SYN-00866,Halstenbek/Rellingen,Kr. Pinneberg,suburban,53.63238,9.87894,Production & Technical,False,Day (08:00),False,5,19.5,53,False,True,-1.399,True,False
SYN-00867,Tangstedt,Kr. Stormarn,rural,53.73097,10.10994,Production & Technical,True,Late (14:00),True,5,19.5,20,False,True,-0.488,False,False
SYN-00868,Hamburg-Harburg,Hamburg,urban,53.46224,9.93555,Office & Commercial,False,Day (08:00),False,3,11.7,33,False,False,-0.297,True,False
SYN-00869,Hamburg-Langenhorn,Hamburg,urban,53.68072,10.01337,Field & Sales,False,Day (08:00),False,2,7.8,43,True,True,0.822,False,True
SYN-00870,Hamburg-Schnelsen,Hamburg,suburban,53.64312,9.9366,Production & Technical,False,Day (08:00),False,5,19.5,59,False,True,-1.373,False,False
SYN-00871,Hamburg-Bahrenfeld/Lurup,Hamburg,urban,53.59516,9.89121,Lab & R&D,False,Day (08:00),False,3,11.7,48,False,True,-0.308,False,False
SYN-00872,Norderstedt,Kr. Segeberg,suburban,53.68857,9.97506,Production & Technical,False,Day (08:00),False,5,19.5,33,False,False,-0.495,False,False
SYN-00873,Reinbek/Glinde,Kr. Stormarn,suburban,53.51753,10.21448,Office & Commercial,False,Day (08:00),False,2,7.8,59,False,False,0.426,False,False
SYN-00874,Hamburg-Winterhude,Hamburg,urban_core,53.59127,9.9856,Production & Technical,True,Early (06:00),True,5,19.5,27,False,False,0.446,True,False
SYN-00875,Hamburg-Stellingen/Eidelstedt,Hamburg,urban,53.59681,9.89188,Office & Commercial,False,Day (08:00),False,5,19.5,45,False,True,1.151,False,False
SYN-00876,Pinneberg,Kr. Pinneberg,suburban,53.66356,9.7806,Office & Commercial,False,Day (08:00),False,3,11.7,47,False,True,-1.336,False,False
SYN-00877,Hamburg-Winterhude,Hamburg,urban_core,53.57911,10.01279,Office & Commercial,False,Day (08:00),False,2,7.8,32,False,True,0.467,False,False
SYN-00878,Hamburg-Bramfeld/Farmsen,Hamburg,urban,53.60165,10.08701,Production & Technical,False,Day (08:00),False,5,19.5,50,False,True,-0.559,True,False
SYN-00879,Hamburg-Rahlstedt,Hamburg,suburban,53.59882,10.17581,Lab & R&D,False,Day (08:00),False,4,15.6,36,True,True,-1.226,False,False
SYN-00880,Hamburg-Wandsbek,Hamburg,urban,53.57775,10.0736,Field & Sales,False,Day (08:00),False,3,11.7,50,False,True,-0.051,False,True
SYN-00881,Hamburg-Barmbek,Hamburg,urban_core,53.57983,10.02534,Office & Commercial,False,Day (08:00),False,2,7.8,22,False,True,2.416,False,False
SYN-00882,Hamburg-Wandsbek,Hamburg,urban,53.58365,10.07312,Office & Commercial,False,Day (08:00),False,3,11.7,46,True,True,-0.77,False,False
SYN-00883,Elmshorn,Kr. Pinneberg,suburban,53.75039,9.68121,Office & Commercial,False,Day (08:00),False,2,7.8,37,False,True,-0.144,False,False
SYN-00884,Hamburg-Eppendorf,Hamburg,urban_core,53.59476,9.99039,Production & Technical,False,Day (08:00),False,5,19.5,55,False,True,-1.179,False,False
SYN-00885,Hamburg-Niendorf,Hamburg,urban,53.62591,9.97549,Lab & R&D,False,Day (08:00),False,4,15.6,42,False,True,-1.309,False,False
SYN-00886,Hamburg-Winterhude,Hamburg,urban_core,53.58966,9.9993,Production & Technical,True,Night (22:00),True,5,19.5,56,False,False,-0.671,False,False
SYN-00887,Hamburg-Winterhude,Hamburg,urban_core,53.58834,9.99827,Office & Commercial,False,Day (08:00),False,5,19.5,48,False,True,-0.2,True,False
SYN-00888,Hamburg-Langenhorn,Hamburg,urban,53.66267,10.02653,Production & Technical,True,Early (06:00),True,5,19.5,41,True,True,-0.239,False,False
SYN-00889,Hamburg-Ohlsdorf,Hamburg,urban,53.63463,10.04032,Production & Technical,False,Day (08:00),False,5,19.5,51,False,True,-0.226,True,False
SYN-00890,Hamburg-Billstedt/Horn,Hamburg,urban,53.53099,10.10049,Office & Commercial,False,Day (08:00),False,2,7.8,51,False,True,-1.648,False,False
SYN-00891,Hamburg-Bramfeld/Farmsen,Hamburg,urban,53.60285,10.10599,Office & Commercial,False,Day (08:00),False,3,11.7,47,False,True,-0.559,False,False
SYN-00892,Ahrensburg,Kr. Stormarn,suburban,53.66894,10.21348,Lab & R&D,False,Day (08:00),False,5,19.5,20,False,True,0.768,False,False
SYN-00893,Hamburg-Poppenbüttel,Hamburg,suburban,53.64386,10.07299,Field & Sales,False,Day (08:00),False,3,11.7,31,True,True,-1.275,False,True
SYN-00894,Hamburg-Langenhorn,Hamburg,urban,53.6637,10.01874,Production & Technical,False,Day (08:00),False,5,19.5,57,False,True,-0.455,True,False
SYN-00895,Hamburg-Blankenese/Osdorf,Hamburg,suburban,53.54527,9.8041,Production & Technical,False,Day (08:00),False,5,19.5,28,True,False,0.426,False,False
SYN-00896,Pinneberg,Kr. Pinneberg,suburban,53.66828,9.79687,Production & Technical,True,Early (06:00),True,5,19.5,52,False,True,-1.049,False,False
SYN-00897,Hamburg-Sasel/Wellingsbüttel,Hamburg,suburban,53.66018,10.10252,Office & Commercial,False,Day (08:00),False,2,7.8,50,True,True,0.108,False,False
SYN-00898,Hamburg-Niendorf,Hamburg,urban,53.6061,9.95044,Office & Commercial,False,Day (08:00),False,3,11.7,34,True,False,-1.238,True,False
SYN-00899,Hamburg-Niendorf,Hamburg,urban,53.6131,9.95153,Lab & R&D,False,Day (08:00),False,5,19.5,20,False,True,1.405,False,False
SYN-00900,Hamburg-Uhlenhorst,Hamburg,urban_core,53.57562,10.02659,Office & Commercial,False,Day (08:00),False,5,19.5,36,False,False,0.816,False,False
SYN-00901,Hamburg-Eppendorf,Hamburg,urban_core,53.6009,9.97807,Production & Technical,False,Day (08:00),False,5,19.5,64,False,False,0.039,True,False
SYN-00902,Hamburg-Sasel/Wellingsbüttel,Hamburg,suburban,53.65658,10.12243,Office & Commercial,False,Day (08:00),False,2,7.8,33,False,True,1.175,False,False
SYN-00903,Norderstedt,Kr. Segeberg,suburban,53.70495,10.04268,Office & Commercial,False,Day (08:00),False,4,15.6,33,False,True,-0.279,False,False
SYN-00904,Hamburg-Eimsbüttel,Hamburg,urban_core,53.59365,9.9549,Office & Commercial,False,Day (08:00),False,4,15.6,31,False,False,-0.085,False,False
SYN-00905,Großhansdorf,Kr. Stormarn,rural,53.65995,10.27813,Production & Technical,True,Early (06:00),True,5,19.5,55,False,True,0.856,False,False
SYN-00906,Hamburg-Rahlstedt,Hamburg,suburban,53.62527,10.16548,Production & Technical,True,Late (14:00),True,5,19.5,39,True,True,1.791,False,False
SYN-00907,Hamburg-Eimsbüttel,Hamburg,urban_core,53.59064,9.96372,Production & Technical,False,Day (08:00),False,5,19.5,35,True,False,-0.227,False,False
SYN-00908,Hamburg-Langenhorn,Hamburg,urban,53.68967,10.02282,Production & Technical,False,Day (08:00),False,5,19.5,58,False,True,-0.23,True,False
SYN-00909,Hamburg-Sasel/Wellingsbüttel,Hamburg,suburban,53.64936,10.09702,Office & Commercial,False,Day (08:00),False,3,11.7,48,True,True,0.845,False,False
SYN-00910,Hamburg-Volksdorf/Duvenstedt,Hamburg,suburban,53.65914,10.16744,Production & Technical,False,Day (08:00),False,5,19.5,32,False,True,-0.011,False,False
SYN-00911,Hamburg-Blankenese/Osdorf,Hamburg,suburban,53.5957,9.78449,Office & Commercial,False,Day (08:00),False,3,11.7,29,False,True,0.711,False,False
SYN-00912,Neumünster,Kr. Neumünster,suburban,54.08913,9.97121,Office & Commercial,False,Day (08:00),False,2,7.8,55,False,True,0.464,False,False
SYN-00913,Halstenbek/Rellingen,Kr. Pinneberg,suburban,53.62274,9.84635,Lab & R&D,False,Day (08:00),False,4,15.6,42,False,True,-0.662,False,False
SYN-00914,Seevetal/Neu Wulmstorf,Kr. Harburg,rural,53.42432,9.8763,Production & Technical,False,Day (08:00),False,5,19.5,25,False,True,0.403,False,False
SYN-00915,Reinbek/Glinde,Kr. Stormarn,suburban,53.52431,10.23434,Production & Technical,True,Late (14:00),True,5,19.5,22,False,True,0.227,True,False
SYN-00916,Ahrensburg,Kr. Stormarn,suburban,53.68793,10.25243,Production & Technical,True,Night (22:00),True,5,19.5,30,True,True,-1.117,True,False
SYN-00917,Norderstedt,Kr. Segeberg,suburban,53.70473,9.96776,Production & Technical,False,Day (08:00),False,5,19.5,28,False,False,-0.856,False,False
SYN-00918,Hamburg-Langenhorn,Hamburg,urban,53.67487,10.0216,Production & Technical,False,Day (08:00),False,5,19.5,20,False,True,-0.136,True,False
SYN-00919,Hamburg-Volksdorf/Duvenstedt,Hamburg,suburban,53.65711,10.16715,Office & Commercial,False,Day (08:00),False,3,11.7,30,False,True,1.029,False,False
SYN-00920,Hamburg-Altona/Ottensen,Hamburg,urban_core,53.5487,9.94374,Production & Technical,True,Late (14:00),True,5,19.5,32,True,True,1.478,False,False
SYN-00921,Hamburg-Langenhorn,Hamburg,urban,53.68137,10.01924,Production & Technical,False,Day (08:00),False,5,19.5,37,True,True,0.983,True,False
SYN-00922,Kaltenkirchen,Kr. Segeberg,suburban,53.83502,9.96222,Production & Technical,True,Late (14:00),True,5,19.5,61,False,False,0.023,False,False
SYN-00923,Hamburg-Rahlstedt,Hamburg,suburban,53.60151,10.13338,Office & Commercial,False,Day (08:00),False,4,15.6,39,False,True,0.363,False,False
SYN-00924,Hamburg-Altona/Ottensen,Hamburg,urban_core,53.5545,9.9174,Lab & R&D,False,Day (08:00),False,5,19.5,40,False,True,0.661,True,False
SYN-00925,Hamburg-Ohlsdorf,Hamburg,urban,53.61843,10.02148,Office & Commercial,False,Day (08:00),False,5,19.5,48,True,False,0.458,False,False
SYN-00926,Hamburg-Sasel/Wellingsbüttel,Hamburg,suburban,53.66797,10.0907,Office & Commercial,False,Day (08:00),False,3,11.7,39,True,True,0.425,False,False
SYN-00927,Hamburg-Fuhlsbüttel,Hamburg,urban,53.62847,10.03033,Office & Commercial,False,Day (08:00),False,3,11.7,46,True,False,-1.321,False,False
SYN-00928,Quickborn,Kr. Pinneberg,suburban,53.73498,9.88985,Office & Commercial,False,Day (08:00),False,4,15.6,45,False,True,-0.94,False,False
SYN-00929,Hamburg-Wandsbek,Hamburg,urban,53.56908,10.06959,Production & Technical,False,Day (08:00),False,5,19.5,43,False,False,-0.896,False,False
SYN-00930,Hamburg-Bahrenfeld/Lurup,Hamburg,urban,53.5756,9.90592,Office & Commercial,False,Day (08:00),False,3,11.7,64,False,True,0.89,False,False
SYN-00931,Hamburg-Volksdorf/Duvenstedt,Hamburg,suburban,53.66062,10.15344,Office & Commercial,False,Day (08:00),False,4,15.6,52,False,True,1.387,False,False
SYN-00932,Hamburg-Winterhude,Hamburg,urban_core,53.5928,10.03341,Production & Technical,False,Day (08:00),False,5,19.5,30,False,False,-1.619,True,False
SYN-00933,Hamburg-Barmbek,Hamburg,urban_core,53.60088,10.04444,Office & Commercial,False,Day (08:00),False,4,15.6,46,False,False,1.848,False,False
SYN-00934,Hamburg-Blankenese/Osdorf,Hamburg,suburban,53.57639,9.85097,Office & Commercial,False,Day (08:00),False,4,15.6,33,False,True,0.137,False,False
SYN-00935,Hamburg-Wilhelmsburg,Hamburg,urban,53.49433,10.02992,Office & Commercial,False,Day (08:00),False,2,7.8,47,False,True,1.079,False,False
SYN-00936,Hamburg-Schnelsen,Hamburg,suburban,53.62721,9.93777,Production & Technical,False,Day (08:00),False,5,19.5,27,False,True,0.656,False,False
SYN-00937,Ahrensburg,Kr. Stormarn,suburban,53.66204,10.23837,Office & Commercial,False,Day (08:00),False,3,11.7,30,True,True,1.54,False,False
SYN-00938,Hamburg-Langenhorn,Hamburg,urban,53.68373,10.00012,Lab & R&D,False,Day (08:00),False,4,15.6,46,True,True,0.293,False,False
SYN-00939,Halstenbek/Rellingen,Kr. Pinneberg,suburban,53.62587,9.87556,Production & Technical,False,Day (08:00),False,5,19.5,53,False,True,-1.647,False,False
SYN-00940,Hamburg-Langenhorn,Hamburg,urban,53.65563,10.01437,Production & Technical,True,Early (06:00),True,5,19.5,48,True,False,-0.056,True,False
SYN-00941,Hamburg-Sasel/Wellingsbüttel,Hamburg,suburban,53.6486,10.14026,Production & Technical,False,Day (08:00),False,5,19.5,51,False,True,0.266,True,False
SYN-00942,Quickborn,Kr. Pinneberg,suburban,53.73416,9.88599,Production & Technical,False,Day (08:00),False,5,19.5,46,False,True,-0.383,True,False
SYN-00943,Hamburg-Niendorf,Hamburg,urban,53.62949,9.9744,Field & Sales,False,Day (08:00),False,1,3.9,44,False,True,0.774,False,True
SYN-00944,Hamburg-Barmbek,Hamburg,urban_core,53.59656,10.05481,Office & Commercial,False,Day (08:00),False,3,11.7,36,True,True,0.384,True,False
SYN-00945,Hamburg-Eppendorf,Hamburg,urban_core,53.58252,9.98476,Production & Technical,False,Day (08:00),False,5,19.5,51,True,True,-0.396,False,False
SYN-00946,Hamburg-Poppenbüttel,Hamburg,suburban,53.64802,10.05665,Production & Technical,True,Late (14:00),True,5,19.5,53,False,True,-1.369,False,False
SYN-00947,Hamburg-Stellingen/Eidelstedt,Hamburg,urban,53.60156,9.90108,Field & Sales,False,Day (08:00),False,2,7.8,41,False,True,-0.225,True,True
SYN-00948,Quickborn,Kr. Pinneberg,suburban,53.71385,9.88783,Production & Technical,False,Day (08:00),False,5,19.5,41,True,True,0.121,False,False
SYN-00949,Neumünster,Kr. Neumünster,suburban,54.07694,9.94879,Office & Commercial,False,Day (08:00),False,4,15.6,60,False,True,-2.359,False,False
SYN-00950,Hamburg-Bramfeld/Farmsen,Hamburg,urban,53.60528,10.09635,Production & Technical,False,Day (08:00),False,5,19.5,42,True,True,-0.63,False,False
SYN-00951,Hamburg-St. Pauli/Neustadt,Hamburg,urban_core,53.56268,9.96877,Production & Technical,True,Late (14:00),True,5,19.5,43,True,False,-1.663,True,False
SYN-00952,Hamburg-Poppenbüttel,Hamburg,suburban,53.65972,10.08911,Office & Commercial,False,Day (08:00),False,3,11.7,47,False,True,-0.8,False,False
SYN-00953,Hamburg-Poppenbüttel,Hamburg,suburban,53.67383,10.09205,Production & Technical,False,Day (08:00),False,5,19.5,41,False,True,1.114,False,False
SYN-00954,Hamburg-Ohlsdorf,Hamburg,urban,53.61927,10.04786,Office & Commercial,False,Day (08:00),False,5,19.5,33,True,False,-0.886,False,False
SYN-00955,Ahrensburg,Kr. Stormarn,suburban,53.65806,10.24167,Production & Technical,True,Late (14:00),True,5,19.5,46,False,True,0.536,False,False
SYN-00956,Pinneberg,Kr. Pinneberg,suburban,53.6477,9.82263,Office & Commercial,False,Day (08:00),False,5,19.5,42,False,True,2.749,False,False
SYN-00957,Hamburg-Wilhelmsburg,Hamburg,urban,53.49848,10.00561,Office & Commercial,False,Day (08:00),False,5,19.5,62,True,True,1.27,False,False
SYN-00958,Hamburg-Uhlenhorst,Hamburg,urban_core,53.56391,10.02626,Office & Commercial,False,Day (08:00),False,2,7.8,51,False,False,0.334,False,False
SYN-00959,Hamburg-Eimsbüttel,Hamburg,urban_core,53.57345,9.93924,Production & Technical,True,Early (06:00),True,5,19.5,35,True,False,1.325,False,False
SYN-00960,Hamburg-St. Pauli/Neustadt,Hamburg,urban_core,53.55062,9.96095,Office & Commercial,False,Day (08:00),False,3,11.7,50,False,True,-1.153,False,False
SYN-00961,Hamburg-St. Pauli/Neustadt,Hamburg,urban_core,53.54826,9.97882,Field & Sales,False,Day (08:00),False,1,3.9,45,False,True,-1.273,False,True
SYN-00962,Hamburg-Barmbek,Hamburg,urban_core,53.58027,10.05154,Production & Technical,False,Day (08:00),False,5,19.5,56,False,False,0.145,False,False
SYN-00963,Hamburg-Langenhorn,Hamburg,urban,53.66231,10.00831,Production & Technical,False,Day (08:00),False,5,19.5,36,True,False,0.649,True,False
SYN-00964,Hamburg-Langenhorn,Hamburg,urban,53.66237,10.00674,Office & Commercial,False,Day (08:00),False,2,7.8,44,False,False,1.211,False,False
SYN-00965,Ahrensburg,Kr. Stormarn,suburban,53.66534,10.26712,Production & Technical,True,Early (06:00),True,5,19.5,41,True,True,-0.652,False,False
SYN-00966,Hamburg-Eimsbüttel,Hamburg,urban_core,53.57394,9.96739,Office & Commercial,False,Day (08:00),False,4,15.6,43,False,True,0.527,False,False
SYN-00967,Ahrensburg,Kr. Stormarn,suburban,53.66615,10.21408,Office & Commercial,False,Day (08:00),False,4,15.6,32,True,True,0.226,True,False
SYN-00968,Hamburg-Ohlsdorf,Hamburg,urban,53.61972,10.01815,Production & Technical,False,Day (08:00),False,5,19.5,48,False,False,-0.081,True,False
SYN-00969,Hamburg-Altona/Ottensen,Hamburg,urban_core,53.5588,9.94299,Office & Commercial,False,Day (08:00),False,2,7.8,47,False,False,0.194,True,False
SYN-00970,Hamburg-Schnelsen,Hamburg,suburban,53.62313,9.92778,Office & Commercial,False,Day (08:00),False,3,11.7,56,False,True,-1.188,False,False
SYN-00971,Hamburg-Sasel/Wellingsbüttel,Hamburg,suburban,53.67134,10.09471,Production & Technical,False,Day (08:00),False,5,19.5,42,False,False,0.18,True,False
SYN-00972,Norderstedt,Kr. Segeberg,suburban,53.72154,10.00109,Lab & R&D,False,Day (08:00),False,3,11.7,37,False,True,0.178,True,False
SYN-00973,Hamburg-Langenhorn,Hamburg,urban,53.67982,10.00102,Production & Technical,True,Early (06:00),True,5,19.5,51,False,False,-0.44,False,False
SYN-00974,Wedel,Kr. Pinneberg,suburban,53.58613,9.71478,Production & Technical,True,Night (22:00),True,5,19.5,33,False,False,0.716,False,False
SYN-00975,Hamburg-Bramfeld/Farmsen,Hamburg,urban,53.59829,10.0891,Lab & R&D,False,Day (08:00),False,5,19.5,54,False,True,0.978,False,False
SYN-00976,Hamburg-Rahlstedt,Hamburg,suburban,53.58818,10.16959,Production & Technical,True,Early (06:00),True,5,19.5,54,False,True,0.377,False,False
SYN-00977,Hamburg-Eppendorf,Hamburg,urban_core,53.59865,9.98593,Lab & R&D,False,Day (08:00),False,5,19.5,56,False,False,-0.926,True,False
SYN-00978,Hamburg-Winterhude,Hamburg,urban_core,53.60765,9.99746,Production & Technical,True,Early (06:00),True,5,19.5,46,False,True,0.383,False,False
SYN-00979,Hamburg-St. Pauli/Neustadt,Hamburg,urban_core,53.54544,9.96821,Office & Commercial,False,Day (08:00),False,3,11.7,37,True,True,-0.478,False,False
SYN-00980,Hamburg-Niendorf,Hamburg,urban,53.63866,9.9407,Production & Technical,True,Late (14:00),True,5,19.5,43,False,False,0.23,False,False
SYN-00981,Seevetal/Neu Wulmstorf,Kr. Harburg,rural,53.43454,9.93901,Office & Commercial,False,Day (08:00),False,2,7.8,46,False,True,-1.274,False,False
SYN-00982,Hamburg-Bergedorf,Hamburg,suburban,53.50569,10.17682,Office & Commercial,False,Day (08:00),False,4,15.6,36,False,True,1.277,False,False
SYN-00983,Hamburg-Bahrenfeld/Lurup,Hamburg,urban,53.59316,9.88378,Lab & R&D,False,Day (08:00),False,4,15.6,57,False,True,0.683,False,False
SYN-00984,Hamburg-Eppendorf,Hamburg,urban_core,53.58524,9.98201,Field & Sales,False,Day (08:00),False,2,7.8,48,True,True,1.403,False,True
SYN-00985,Hamburg-Fuhlsbüttel,Hamburg,urban,53.63786,10.03877,Office & Commercial,False,Day (08:00),False,3,11.7,32,True,True,1.368,False,False
SYN-00986,Wedel,Kr. Pinneberg,suburban,53.57957,9.69324,Office & Commercial,False,Day (08:00),False,5,19.5,63,False,True,-0.721,False,False
SYN-00987,Hamburg-Bramfeld/Farmsen,Hamburg,urban,53.59296,10.08087,Office & Commercial,False,Day (08:00),False,3,11.7,43,False,True,-0.292,False,False
SYN-00988,Norderstedt,Kr. Segeberg,suburban,53.72859,9.98114,Lab & R&D,False,Day (08:00),False,5,19.5,30,True,True,1.842,False,False
SYN-00989,Hamburg-Bramfeld/Farmsen,Hamburg,urban,53.60059,10.09637,Office & Commercial,False,Day (08:00),False,4,15.6,33,True,True,0.135,False,False
SYN-00990,Hamburg-Harburg,Hamburg,urban,53.45698,10.02335,Lab & R&D,False,Day (08:00),False,3,11.7,58,False,True,-1.471,False,False
SYN-00991,Hamburg-Rahlstedt,Hamburg,suburban,53.61051,10.16599,Production & Technical,False,Day (08:00),False,5,19.5,62,False,True,0.574,False,False
SYN-00992,Hamburg-Bahrenfeld/Lurup,Hamburg,urban,53.56965,9.87307,Office & Commercial,False,Day (08:00),False,4,15.6,53,False,False,0.11,False,False
SYN-00993,Hamburg-Harburg,Hamburg,urban,53.48258,9.97378,Office & Commercial,False,Day (08:00),False,2,7.8,57,True,False,1.406,True,False
SYN-00994,Hamburg-Schnelsen,Hamburg,suburban,53.63929,9.9213,Production & Technical,True,Late (14:00),True,5,19.5,55,True,True,-0.074,False,False
SYN-00995,Tornesch,Kr. Pinneberg,rural,53.70137,9.70043,Production & Technical,False,Day (08:00),False,5,19.5,48,True,True,-0.42,False,False
SYN-00996,Hamburg-Barmbek,Hamburg,urban_core,53.59809,10.0291,Field & Sales,False,Day (08:00),False,2,7.8,46,True,True,1.809,True,True
SYN-00997,Hamburg-Rahlstedt,Hamburg,suburban,53.61083,10.15999,Production & Technical,True,Late (14:00),True,5,19.5,48,False,True,-1.738,False,False
SYN-00998,Norderstedt,Kr. Segeberg,suburban,53.72332,10.01926,Production & Technical,False,Day (08:00),False,5,19.5,50,False,True,-0.819,False,False
SYN-00999,Buxtehude,Kr. Stade,suburban,53.46754,9.68596,Production & Technical,False,Day (08:00),False,5,19.5,34,True,True,-0.854,True,False
SYN-01000,Hamburg-Sasel/Wellingsbüttel,Hamburg,suburban,53.64906,10.08527,Production & Technical,True,Late (14:00),True,5,19.5,50,True,True,-2.428,False,False
SYN-01001,Norderstedt,Kr. Segeberg,suburban,53.71583,10.00267,Office & Commercial,False,Day (08:00),False,2,7.8,58,False,True,0.507,False,False
SYN-01002,Hamburg-Eppendorf,Hamburg,urban_core,53.5966,9.96604,Lab & R&D,False,Day (08:00),False,5,19.5,40,True,False,-0.174,False,False
SYN-01003,Hamburg-Langenhorn,Hamburg,urban,53.65519,10.01379,Field & Sales,False,Day (08:00),False,3,11.7,39,True,True,1.105,False,True
SYN-01004,Hamburg-Fuhlsbüttel,Hamburg,urban,53.63985,10.0176,Office & Commercial,False,Day (08:00),False,3,11.7,47,True,True,0.456,True,False
SYN-01005,Hamburg-Rahlstedt,Hamburg,suburban,53.6153,10.13828,Office & Commercial,False,Day (08:00),False,3,11.7,35,False,True,0.624,False,False
SYN-01006,Hamburg-Winterhude,Hamburg,urban_core,53.59974,9.9907,Production & Technical,False,Day (08:00),False,5,19.5,28,False,False,0.128,False,False
SYN-01007,Tornesch,Kr. Pinneberg,rural,53.69064,9.71608,Lab & R&D,False,Day (08:00),False,4,15.6,55,False,True,-1.281,False,False
SYN-01008,Hamburg-Bramfeld/Farmsen,Hamburg,urban,53.60986,10.11216,Production & Technical,False,Day (08:00),False,5,19.5,37,True,True,0.323,False,False
SYN-01009,Hamburg-Bahrenfeld/Lurup,Hamburg,urban,53.56613,9.89944,Production & Technical,True,Early (06:00),True,5,19.5,42,False,True,1.069,False,False
SYN-01010,Hamburg-Eppendorf,Hamburg,urban_core,53.59351,9.98934,Field & Sales,False,Day (08:00),False,2,7.8,35,False,True,0.416,False,True
SYN-01011,Hamburg-Rahlstedt,Hamburg,suburban,53.59137,10.11938,Lab & R&D,False,Day (08:00),False,4,15.6,56,False,True,-1.035,True,False
SYN-01012,Hamburg-Wandsbek,Hamburg,urban,53.58388,10.08675,Production & Technical,True,Night (22:00),True,5,19.5,51,True,False,-1.199,False,False
SYN-01013,Hamburg-Eimsbüttel,Hamburg,urban_core,53.56293,9.95322,Office & Commercial,False,Day (08:00),False,4,15.6,39,False,True,0.604,False,False
SYN-01014,Ahrensburg,Kr. Stormarn,suburban,53.68376,10.24806,Office & Commercial,False,Day (08:00),False,3,11.7,29,False,True,-0.437,False,False
SYN-01015,Hamburg-Bramfeld/Farmsen,Hamburg,urban,53.60419,10.12046,Production & Technical,True,Early (06:00),True,5,19.5,38,False,True,0.145,False,False
SYN-01016,Hamburg-Niendorf,Hamburg,urban,53.62066,9.95981,Production & Technical,False,Day (08:00),False,5,19.5,48,False,True,-0.189,False,False
SYN-01017,Hamburg-Billstedt/Horn,Hamburg,urban,53.53947,10.08126,Production & Technical,True,Early (06:00),True,5,19.5,44,False,True,-0.328,False,False
SYN-01018,Quickborn,Kr. Pinneberg,suburban,53.73297,9.8755,Office & Commercial,False,Day (08:00),False,3,11.7,43,False,True,0.177,False,False
SYN-01019,Norderstedt,Kr. Segeberg,suburban,53.73464,10.01322,Office & Commercial,False,Day (08:00),False,3,11.7,44,True,True,0.421,False,False
SYN-01020,Hamburg-Eppendorf,Hamburg,urban_core,53.59445,9.97471,Office & Commercial,False,Day (08:00),False,4,15.6,50,False,False,2.182,False,False
SYN-01021,Pinneberg,Kr. Pinneberg,suburban,53.66486,9.78673,Production & Technical,False,Day (08:00),False,5,19.5,42,False,True,0.658,False,False
SYN-01022,Hamburg-Bahrenfeld/Lurup,Hamburg,urban,53.56672,9.92128,Lab & R&D,False,Day (08:00),False,3,11.7,47,True,True,1.66,False,False
SYN-01023,Seevetal/Neu Wulmstorf,Kr. Harburg,rural,53.43059,9.87546,Office & Commercial,False,Day (08:00),False,3,11.7,31,True,True,-0.935,False,False
SYN-01024,Hamburg-St. Pauli/Neustadt,Hamburg,urban_core,53.54719,9.97068,Lab & R&D,False,Day (08:00),False,4,15.6,64,False,False,-1.618,False,False
SYN-01025,Hamburg-Rahlstedt,Hamburg,suburban,53.6185,10.18812,Production & Technical,True,Early (06:00),True,5,19.5,39,True,False,-0.064,False,False
SYN-01026,Hamburg-Volksdorf/Duvenstedt,Hamburg,suburban,53.63755,10.15617,Office & Commercial,False,Day (08:00),False,2,7.8,44,True,True,0.725,False,False
SYN-01027,Ahrensburg,Kr. Stormarn,suburban,53.68492,10.25415,Lab & R&D,False,Day (08:00),False,3,11.7,48,False,True,0.501,False,False
SYN-01028,Hamburg-Bramfeld/Farmsen,Hamburg,urban,53.6137,10.08403,Production & Technical,True,Early (06:00),True,5,19.5,37,True,True,1.445,False,False
SYN-01029,Hamburg-Bahrenfeld/Lurup,Hamburg,urban,53.57893,9.89659,Production & Technical,True,Late (14:00),True,5,19.5,42,False,False,-2.387,True,False
SYN-01030,Hamburg-Winterhude,Hamburg,urban_core,53.60069,9.99016,Production & Technical,False,Day (08:00),False,5,19.5,42,True,True,1.603,False,False
SYN-01031,Hamburg-Altona/Ottensen,Hamburg,urban_core,53.54234,9.92326,Production & Technical,False,Day (08:00),False,5,19.5,32,False,False,0.852,False,False
SYN-01032,Hamburg-Stellingen/Eidelstedt,Hamburg,urban,53.5864,9.90132,Office & Commercial,False,Day (08:00),False,2,7.8,47,False,True,-1.477,True,False
SYN-01033,Hamburg-Rotherbaum,Hamburg,urban_core,53.57556,9.98442,Production & Technical,True,Early (06:00),True,5,19.5,24,False,True,1.374,False,False
SYN-01034,Halstenbek/Rellingen,Kr. Pinneberg,suburban,53.63023,9.87953,Production & Technical,False,Day (08:00),False,5,19.5,61,False,True,-0.247,False,False
SYN-01035,Hamburg-Barmbek,Hamburg,urban_core,53.59743,10.05082,Office & Commercial,False,Day (08:00),False,5,19.5,51,True,True,0.581,True,False
SYN-01036,Hamburg-Rahlstedt,Hamburg,suburban,53.58322,10.13994,Production & Technical,True,Late (14:00),True,5,19.5,49,False,True,0.782,False,False
SYN-01037,Hamburg-Bramfeld/Farmsen,Hamburg,urban,53.60653,10.10083,Production & Technical,False,Day (08:00),False,5,19.5,23,False,False,0.897,False,False
SYN-01038,Hamburg-Barmbek,Hamburg,urban_core,53.58098,10.05385,Office & Commercial,False,Day (08:00),False,3,11.7,33,True,True,-0.973,False,False
SYN-01039,Hamburg-Barmbek,Hamburg,urban_core,53.5948,10.04074,Production & Technical,True,Night (22:00),True,5,19.5,57,False,True,-0.043,False,False
SYN-01040,Hamburg-Langenhorn,Hamburg,urban,53.66117,10.00536,Production & Technical,True,Night (22:00),True,5,19.5,64,False,False,-1.834,True,False
SYN-01041,Hamburg-Langenhorn,Hamburg,urban,53.67114,10.03446,Production & Technical,True,Late (14:00),True,5,19.5,55,False,False,0.582,True,False
SYN-01042,Hamburg-Billstedt/Horn,Hamburg,urban,53.5471,10.09861,Production & Technical,True,Early (06:00),True,5,19.5,53,False,False,1.365,False,False
SYN-01043,Hamburg-Rahlstedt,Hamburg,suburban,53.61979,10.16147,Office & Commercial,False,Day (08:00),False,5,19.5,48,True,False,-1.441,False,False
SYN-01044,Hamburg-Billstedt/Horn,Hamburg,urban,53.53754,10.10435,Production & Technical,False,Day (08:00),False,5,19.5,33,True,True,-0.371,False,False
SYN-01045,Norderstedt,Kr. Segeberg,suburban,53.72015,9.97226,Production & Technical,True,Night (22:00),True,5,19.5,53,False,True,-1.166,False,False
SYN-01046,Hamburg-Bramfeld/Farmsen,Hamburg,urban,53.60546,10.10265,Field & Sales,False,Day (08:00),False,1,3.9,30,False,True,-0.104,False,True
SYN-01047,Hamburg-Niendorf,Hamburg,urban,53.61564,9.93461,Lab & R&D,False,Day (08:00),False,4,15.6,29,False,True,0.779,False,False
SYN-01048,Hamburg-Wilhelmsburg,Hamburg,urban,53.50573,9.98013,Production & Technical,True,Early (06:00),True,5,19.5,28,False,True,-0.06,False,False
SYN-01049,Ellerau,Kr. Segeberg,rural,53.74984,9.93102,Production & Technical,True,Late (14:00),True,5,19.5,53,False,True,0.169,False,False
SYN-01050,Hamburg-Poppenbüttel,Hamburg,suburban,53.66205,10.06735,Office & Commercial,False,Day (08:00),False,2,7.8,41,False,True,0.982,False,False
SYN-01051,Hamburg-Billstedt/Horn,Hamburg,urban,53.53914,10.0642,Lab & R&D,False,Day (08:00),False,5,19.5,43,False,True,1.235,False,False
SYN-01052,Hamburg-Langenhorn,Hamburg,urban,53.6573,10.00831,Office & Commercial,False,Day (08:00),False,2,7.8,42,True,True,-0.968,False,False
SYN-01053,Hamburg-Sasel/Wellingsbüttel,Hamburg,suburban,53.67382,10.11015,Production & Technical,True,Early (06:00),True,5,19.5,30,False,True,1.486,True,False
SYN-01054,Hamburg-Langenhorn,Hamburg,urban,53.68544,10.02308,Production & Technical,True,Early (06:00),True,5,19.5,35,False,True,1.733,True,False
SYN-01055,Hamburg-Sasel/Wellingsbüttel,Hamburg,suburban,53.68204,10.10786,Production & Technical,True,Early (06:00),True,5,19.5,35,False,True,1.569,False,False
SYN-01056,Hamburg-Billstedt/Horn,Hamburg,urban,53.54827,10.06325,Lab & R&D,False,Day (08:00),False,3,11.7,27,False,True,0.242,False,False
SYN-01057,Schenefeld,Kr. Pinneberg,suburban,53.61188,9.82172,Lab & R&D,False,Day (08:00),False,4,15.6,36,True,True,-0.752,False,False
SYN-01058,Hamburg-Niendorf,Hamburg,urban,53.63439,9.9329,Production & Technical,True,Early (06:00),True,5,19.5,30,False,True,-0.634,False,False
SYN-01059,Hamburg-Altona/Ottensen,Hamburg,urban_core,53.55632,9.93094,Office & Commercial,False,Day (08:00),False,4,15.6,48,False,True,-0.852,True,False
SYN-01060,Hamburg-Stellingen/Eidelstedt,Hamburg,urban,53.60306,9.89085,Production & Technical,True,Early (06:00),True,5,19.5,49,False,False,0.045,False,False
SYN-01061,Ahrensburg,Kr. Stormarn,suburban,53.65769,10.24866,Office & Commercial,False,Day (08:00),False,3,11.7,28,False,True,0.981,False,False
SYN-01062,Hamburg-Rahlstedt,Hamburg,suburban,53.61115,10.11419,Lab & R&D,False,Day (08:00),False,3,11.7,39,False,True,1.257,False,False
SYN-01063,Hamburg-Sasel/Wellingsbüttel,Hamburg,suburban,53.67519,10.11108,Office & Commercial,False,Day (08:00),False,4,15.6,62,False,True,-0.919,False,False
SYN-01064,Hamburg-Rahlstedt,Hamburg,suburban,53.60318,10.16754,Production & Technical,False,Day (08:00),False,5,19.5,31,True,True,0.045,False,False
SYN-01065,Hamburg-Bramfeld/Farmsen,Hamburg,urban,53.61012,10.06503,Office & Commercial,False,Day (08:00),False,4,15.6,47,False,False,-0.038,False,False
SYN-01066,Reinbek/Glinde,Kr. Stormarn,suburban,53.52713,10.21705,Production & Technical,True,Late (14:00),True,5,19.5,43,True,True,-0.752,False,False
SYN-01067,Hamburg-Winterhude,Hamburg,urban_core,53.58476,9.99386,Office & Commercial,False,Day (08:00),False,5,19.5,54,False,True,0.886,False,False
SYN-01068,Hamburg-Billstedt/Horn,Hamburg,urban,53.53994,10.11555,Production & Technical,False,Day (08:00),False,5,19.5,45,False,True,0.463,False,False
SYN-01069,Norderstedt,Kr. Segeberg,suburban,53.6961,10.03697,Lab & R&D,False,Day (08:00),False,5,19.5,37,True,True,0.125,True,False
SYN-01070,Hamburg-Winterhude,Hamburg,urban_core,53.60975,10.00473,Production & Technical,True,Late (14:00),True,5,19.5,43,True,False,0.692,False,False
SYN-01071,Neumünster,Kr. Neumünster,suburban,54.05747,9.99331,Production & Technical,False,Day (08:00),False,5,19.5,43,True,True,0.499,False,False
SYN-01072,Hamburg-Rahlstedt,Hamburg,suburban,53.58639,10.16582,Production & Technical,True,Early (06:00),True,5,19.5,41,True,True,0.522,False,False
SYN-01073,Hamburg-Barmbek,Hamburg,urban_core,53.57171,10.03236,Production & Technical,True,Early (06:00),True,5,19.5,27,False,True,-0.238,False,False
SYN-01074,Elmshorn,Kr. Pinneberg,suburban,53.73771,9.67052,Production & Technical,True,Late (14:00),True,5,19.5,56,False,False,0.563,False,False
SYN-01075,Quickborn,Kr. Pinneberg,suburban,53.71316,9.8948,Office & Commercial,False,Day (08:00),False,2,7.8,54,False,True,-0.045,False,False
SYN-01076,Hamburg-Bramfeld/Farmsen,Hamburg,urban,53.60656,10.09262,Production & Technical,True,Early (06:00),True,5,19.5,31,False,True,-0.101,False,False
SYN-01077,Hamburg-Altona/Ottensen,Hamburg,urban_core,53.55821,9.91002,Production & Technical,False,Day (08:00),False,5,19.5,39,True,False,0.634,False,False
SYN-01078,Hamburg-Eimsbüttel,Hamburg,urban_core,53.58432,9.94815,Production & Technical,True,Night (22:00),True,5,19.5,40,False,True,0.728,False,False
SYN-01079,Hamburg-Rahlstedt,Hamburg,suburban,53.62624,10.13873,Production & Technical,False,Day (08:00),False,5,19.5,29,True,True,1.198,False,False
SYN-01080,Hamburg-Bramfeld/Farmsen,Hamburg,urban,53.59537,10.07946,Lab & R&D,False,Day (08:00),False,5,19.5,21,False,True,-0.546,False,False
SYN-01081,Hamburg-Poppenbüttel,Hamburg,suburban,53.64503,10.09269,Field & Sales,False,Day (08:00),False,2,7.8,35,True,True,1.342,False,True
SYN-01082,Schenefeld,Kr. Pinneberg,suburban,53.59838,9.82054,Production & Technical,True,Late (14:00),True,5,19.5,38,True,True,-0.01,False,False
SYN-01083,Tornesch,Kr. Pinneberg,rural,53.70613,9.70674,Office & Commercial,False,Day (08:00),False,3,11.7,26,True,True,-0.539,False,False
SYN-01084,Kaltenkirchen,Kr. Segeberg,suburban,53.82409,9.95015,Office & Commercial,False,Day (08:00),False,3,11.7,44,True,False,-0.67,False,False
SYN-01085,Reinbek/Glinde,Kr. Stormarn,suburban,53.52186,10.21376,Field & Sales,False,Day (08:00),False,2,7.8,55,False,True,-1.318,True,True
SYN-01086,Hamburg-Bahrenfeld/Lurup,Hamburg,urban,53.57499,9.88843,Production & Technical,True,Late (14:00),True,5,19.5,51,False,True,-1.741,False,False
SYN-01087,Hamburg-Blankenese/Osdorf,Hamburg,suburban,53.56178,9.75534,Production & Technical,True,Late (14:00),True,5,19.5,41,False,True,0.594,False,False
SYN-01088,Hamburg-Blankenese/Osdorf,Hamburg,suburban,53.57433,9.75372,Office & Commercial,False,Day (08:00),False,5,19.5,22,False,True,2.214,False,False
SYN-01089,Hamburg-Eimsbüttel,Hamburg,urban_core,53.57986,9.96676,Lab & R&D,False,Day (08:00),False,5,19.5,50,False,True,-1.401,True,False
SYN-01090,Hamburg-Eppendorf,Hamburg,urban_core,53.58272,9.98513,Office & Commercial,False,Day (08:00),False,2,7.8,44,True,True,-0.634,False,False
SYN-01091,Hamburg-Poppenbüttel,Hamburg,suburban,53.64044,10.06769,Office & Commercial,False,Day (08:00),False,4,15.6,47,False,True,0.568,False,False
SYN-01092,Hamburg-Rahlstedt,Hamburg,suburban,53.62616,10.15556,Production & Technical,False,Day (08:00),False,5,19.5,63,False,True,-0.496,False,False
SYN-01093,Hamburg-Volksdorf/Duvenstedt,Hamburg,suburban,53.66214,10.13392,Office & Commercial,False,Day (08:00),False,3,11.7,33,False,True,0.884,False,False
SYN-01094,Hamburg-Sasel/Wellingsbüttel,Hamburg,suburban,53.6504,10.0966,Lab & R&D,False,Day (08:00),False,5,19.5,20,False,True,0.165,False,False
SYN-01095,Hamburg-Wandsbek,Hamburg,urban,53.58244,10.0832,Production & Technical,True,Late (14:00),True,5,19.5,30,True,True,-0.231,False,False
SYN-01096,Hamburg-Barmbek,Hamburg,urban_core,53.5863,10.03505,Office & Commercial,False,Day (08:00),False,3,11.7,47,False,True,0.041,False,False
SYN-01097,Hamburg-Schnelsen,Hamburg,suburban,53.63185,9.89469,Production & Technical,True,Early (06:00),True,5,19.5,42,False,True,-2.482,False,False
SYN-01098,Hamburg-Bergedorf,Hamburg,suburban,53.48829,10.2006,Office & Commercial,False,Day (08:00),False,2,7.8,29,False,False,-1.027,False,False
SYN-01099,Ellerau,Kr. Segeberg,rural,53.75242,9.9218,Office & Commercial,False,Day (08:00),False,2,7.8,26,True,True,0.915,False,False
SYN-01100,Hamburg-Ohlsdorf,Hamburg,urban,53.63201,10.01461,Office & Commercial,False,Day (08:00),False,3,11.7,38,False,True,1.409,False,False
SYN-01101,Norderstedt,Kr. Segeberg,suburban,53.67973,10.02161,Field & Sales,False,Day (08:00),False,2,7.8,28,False,True,1.539,False,True
SYN-01102,Hamburg-Bramfeld/Farmsen,Hamburg,urban,53.59447,10.07758,Office & Commercial,False,Day (08:00),False,3,11.7,48,True,True,0.491,True,False
SYN-01103,Hamburg-Harburg,Hamburg,urban,53.47851,9.98013,Production & Technical,True,Late (14:00),True,5,19.5,37,False,True,-2.023,False,False
SYN-01104,Kaltenkirchen,Kr. Segeberg,suburban,53.83032,9.94324,Production & Technical,False,Day (08:00),False,5,19.5,35,True,True,-0.618,False,False
SYN-01105,Hamburg-Langenhorn,Hamburg,urban,53.66964,9.99837,Production & Technical,True,Early (06:00),True,5,19.5,34,False,True,1.608,True,False
SYN-01106,Hamburg-Wilhelmsburg,Hamburg,urban,53.49332,10.00119,Production & Technical,False,Day (08:00),False,5,19.5,45,True,True,1.723,False,False
SYN-01107,Hamburg-Langenhorn,Hamburg,urban,53.65903,10.01847,Production & Technical,False,Day (08:00),False,5,19.5,42,True,False,1.513,False,False
SYN-01108,Hamburg-Winterhude,Hamburg,urban_core,53.5989,9.99336,Production & Technical,False,Day (08:00),False,5,19.5,44,True,True,0.08,True,False
SYN-01109,Winsen (Luhe),Kr. Harburg,rural,53.35419,10.18985,Production & Technical,True,Early (06:00),True,5,19.5,44,False,True,-1.64,False,False
SYN-01110,Hamburg-Niendorf,Hamburg,urban,53.61671,9.98109,Production & Technical,True,Early (06:00),True,5,19.5,41,False,True,0.126,False,False
SYN-01111,Hamburg-Fuhlsbüttel,Hamburg,urban,53.648,10.01723,Office & Commercial,False,Day (08:00),False,5,19.5,31,True,True,0.348,False,False
SYN-01112,Hamburg-Barmbek,Hamburg,urban_core,53.5838,10.03263,Production & Technical,True,Late (14:00),True,5,19.5,34,True,True,2.049,True,False
SYN-01113,Hamburg-Rahlstedt,Hamburg,suburban,53.62056,10.15301,Office & Commercial,False,Day (08:00),False,2,7.8,38,False,True,0.194,False,False
SYN-01114,Elmshorn,Kr. Pinneberg,suburban,53.76126,9.65145,Lab & R&D,False,Day (08:00),False,5,19.5,64,False,True,-0.45,False,False
SYN-01115,Reinbek/Glinde,Kr. Stormarn,suburban,53.53663,10.21907,Office & Commercial,False,Day (08:00),False,2,7.8,27,True,True,0.223,False,False
SYN-01116,Norderstedt,Kr. Segeberg,suburban,53.70657,9.96654,Production & Technical,False,Day (08:00),False,5,19.5,37,False,True,0.383,False,False
SYN-01117,Hamburg-Langenhorn,Hamburg,urban,53.6662,10.00996,Production & Technical,False,Day (08:00),False,5,19.5,43,True,False,0.76,False,False
SYN-01118,Hamburg-Harburg,Hamburg,urban,53.47107,10.01493,Office & Commercial,False,Day (08:00),False,5,19.5,39,False,False,-0.525,True,False
SYN-01119,Hamburg-Sasel/Wellingsbüttel,Hamburg,suburban,53.64476,10.10282,Office & Commercial,False,Day (08:00),False,3,11.7,54,False,True,-1.358,False,False
SYN-01120,Pinneberg,Kr. Pinneberg,suburban,53.65966,9.77167,Production & Technical,True,Late (14:00),True,5,19.5,39,False,True,1.321,False,False
SYN-01121,Hamburg-Billstedt/Horn,Hamburg,urban,53.54098,10.08911,Office & Commercial,False,Day (08:00),False,2,7.8,39,False,False,-1.441,True,False
SYN-01122,Hamburg-Langenhorn,Hamburg,urban,53.67515,10.01222,Office & Commercial,False,Day (08:00),False,3,11.7,51,False,True,1.638,True,False
SYN-01123,Henstedt-Ulzburg,Kr. Segeberg,suburban,53.80101,9.99535,Production & Technical,False,Day (08:00),False,5,19.5,62,False,True,-2.344,False,False
SYN-01124,Hamburg-Niendorf,Hamburg,urban,53.6159,9.95642,Office & Commercial,False,Day (08:00),False,5,19.5,57,False,False,-0.685,False,False
SYN-01125,Hamburg-Barmbek,Hamburg,urban_core,53.57672,10.03948,Production & Technical,False,Day (08:00),False,5,19.5,40,False,False,1.355,False,False
SYN-01126,Hamburg-Altona/Ottensen,Hamburg,urban_core,53.53575,9.94239,Production & Technical,True,Night (22:00),True,5,19.5,41,True,True,0.367,True,False
SYN-01127,Hamburg-Rotherbaum,Hamburg,urban_core,53.57614,9.99067,Office & Commercial,False,Day (08:00),False,4,15.6,43,False,False,-0.983,False,False
SYN-01128,Hamburg-Billstedt/Horn,Hamburg,urban,53.55069,10.10383,Production & Technical,False,Day (08:00),False,5,19.5,44,False,True,0.543,False,False
SYN-01129,Hamburg-Rahlstedt,Hamburg,suburban,53.61497,10.12764,Office & Commercial,False,Day (08:00),False,4,15.6,33,True,True,0.117,False,False
SYN-01130,Buxtehude,Kr. Stade,suburban,53.45818,9.70239,Production & Technical,True,Early (06:00),True,5,19.5,52,True,True,-0.483,False,False
SYN-01131,Winsen (Luhe),Kr. Harburg,rural,53.37305,10.21791,Production & Technical,False,Day (08:00),False,5,19.5,44,True,True,-0.957,False,False
SYN-01132,Hamburg-Uhlenhorst,Hamburg,urban_core,53.57713,10.02625,Lab & R&D,False,Day (08:00),False,5,19.5,42,False,False,0.315,False,False
SYN-01133,Hamburg-Langenhorn,Hamburg,urban,53.65589,10.02257,Production & Technical,True,Early (06:00),True,5,19.5,28,False,True,-0.199,False,False
SYN-01134,Hamburg-Bahrenfeld/Lurup,Hamburg,urban,53.57928,9.91209,Production & Technical,True,Early (06:00),True,5,19.5,43,True,True,2.568,False,False
SYN-01135,Reinbek/Glinde,Kr. Stormarn,suburban,53.52091,10.20625,Lab & R&D,False,Day (08:00),False,5,19.5,21,False,True,0.01,False,False
SYN-01136,Hamburg-Bramfeld/Farmsen,Hamburg,urban,53.61461,10.06345,Office & Commercial,False,Day (08:00),False,4,15.6,36,True,False,-0.124,False,False
SYN-01137,Hamburg-Eppendorf,Hamburg,urban_core,53.59171,10.00596,Office & Commercial,False,Day (08:00),False,4,15.6,36,True,False,-0.092,False,False
SYN-01138,Hamburg-Barmbek,Hamburg,urban_core,53.57677,10.03094,Production & Technical,True,Early (06:00),True,5,19.5,45,False,False,2.077,False,False
SYN-01139,Norderstedt,Kr. Segeberg,suburban,53.71938,10.02802,Production & Technical,False,Day (08:00),False,5,19.5,63,False,False,-2.089,False,False
SYN-01140,Hamburg-Billstedt/Horn,Hamburg,urban,53.54305,10.09938,Office & Commercial,False,Day (08:00),False,4,15.6,48,False,True,0.409,False,False
SYN-01141,Hamburg-Bramfeld/Farmsen,Hamburg,urban,53.61624,10.08116,Production & Technical,False,Day (08:00),False,5,19.5,58,False,True,-0.356,True,False
SYN-01142,Hamburg-Harburg,Hamburg,urban,53.45318,9.97674,Production & Technical,False,Day (08:00),False,5,19.5,49,False,False,-1.39,False,False
SYN-01143,Henstedt-Ulzburg,Kr. Segeberg,suburban,53.80444,9.95869,Office & Commercial,False,Day (08:00),False,4,15.6,54,False,True,-1.119,True,False
SYN-01144,Hamburg-Bergedorf,Hamburg,suburban,53.49024,10.23402,Production & Technical,False,Day (08:00),False,5,19.5,62,True,True,-0.116,False,False
SYN-01145,Hamburg-Barmbek,Hamburg,urban_core,53.57837,10.0603,Production & Technical,True,Night (22:00),True,5,19.5,34,True,True,-0.381,False,False
SYN-01146,Hamburg-Bramfeld/Farmsen,Hamburg,urban,53.60499,10.09156,Production & Technical,True,Late (14:00),True,5,19.5,33,False,True,0.56,True,False
SYN-01147,Hamburg-Bahrenfeld/Lurup,Hamburg,urban,53.55431,9.90439,Office & Commercial,False,Day (08:00),False,4,15.6,49,False,True,1.762,False,False
SYN-01148,Hamburg-Harburg,Hamburg,urban,53.48463,9.97939,Office & Commercial,False,Day (08:00),False,2,7.8,42,True,False,0.321,False,False
SYN-01149,Hamburg-Eimsbüttel,Hamburg,urban_core,53.58163,9.96035,Lab & R&D,False,Day (08:00),False,4,15.6,44,False,True,-1.137,False,False
SYN-01150,Pinneberg,Kr. Pinneberg,suburban,53.65966,9.79685,Production & Technical,False,Day (08:00),False,5,19.5,39,False,True,-0.897,False,False
SYN-01151,Hamburg-Langenhorn,Hamburg,urban,53.67479,10.01256,Production & Technical,True,Late (14:00),True,5,19.5,35,False,True,-0.019,False,False
SYN-01152,Pinneberg,Kr. Pinneberg,suburban,53.64232,9.79141,Office & Commercial,False,Day (08:00),False,5,19.5,60,False,True,-0.752,False,False
SYN-01153,Hamburg-Langenhorn,Hamburg,urban,53.66715,10.0302,Production & Technical,True,Night (22:00),True,5,19.5,30,True,True,0.502,False,False
SYN-01154,Hamburg-Fuhlsbüttel,Hamburg,urban,53.6251,10.02097,Office & Commercial,False,Day (08:00),False,2,7.8,50,False,True,0.329,False,False
SYN-01155,Hamburg-St. Pauli/Neustadt,Hamburg,urban_core,53.54968,9.97928,Lab & R&D,False,Day (08:00),False,3,11.7,48,True,False,1.981,False,False
SYN-01156,Norderstedt,Kr. Segeberg,suburban,53.71452,9.94986,Office & Commercial,False,Day (08:00),False,4,15.6,25,False,True,0.18,False,False
SYN-01157,Norderstedt,Kr. Segeberg,suburban,53.68402,9.9954,Production & Technical,True,Night (22:00),True,5,19.5,33,True,True,-1.102,False,False
SYN-01158,Norderstedt,Kr. Segeberg,suburban,53.72588,9.97811,Field & Sales,False,Day (08:00),False,2,7.8,35,True,True,1.17,False,True
SYN-01159,Hamburg-Barmbek,Hamburg,urban_core,53.57347,10.02112,Production & Technical,False,Day (08:00),False,5,19.5,48,False,True,1.513,True,False
SYN-01160,Hamburg-Wilhelmsburg,Hamburg,urban,53.49633,10.00869,Lab & R&D,False,Day (08:00),False,5,19.5,38,True,True,0.449,False,False
SYN-01161,Norderstedt,Kr. Segeberg,suburban,53.69906,9.94803,Office & Commercial,False,Day (08:00),False,2,7.8,41,False,True,-0.33,False,False
SYN-01162,Hamburg-Rahlstedt,Hamburg,suburban,53.59928,10.15476,Office & Commercial,False,Day (08:00),False,5,19.5,26,False,True,0.789,False,False
SYN-01163,Henstedt-Ulzburg,Kr. Segeberg,suburban,53.80281,9.96516,Lab & R&D,False,Day (08:00),False,3,11.7,64,False,False,-0.678,True,False
SYN-01164,Hamburg-Ohlsdorf,Hamburg,urban,53.63008,10.0496,Office & Commercial,False,Day (08:00),False,3,11.7,43,True,True,-1.922,False,False
SYN-01165,Hamburg-Langenhorn,Hamburg,urban,53.68645,10.01388,Production & Technical,False,Day (08:00),False,5,19.5,47,False,True,0.63,False,False
SYN-01166,Ellerau,Kr. Segeberg,rural,53.7564,9.90705,Production & Technical,True,Early (06:00),True,5,19.5,36,False,True,0.692,True,False
SYN-01167,Henstedt-Ulzburg,Kr. Segeberg,suburban,53.79739,9.96503,Office & Commercial,False,Day (08:00),False,2,7.8,35,False,True,1.458,False,False
SYN-01168,Hamburg-St. Pauli/Neustadt,Hamburg,urban_core,53.54333,9.96657,Office & Commercial,False,Day (08:00),False,4,15.6,63,True,True,-0.731,False,False
SYN-01169,Hamburg-Bergedorf,Hamburg,suburban,53.4965,10.18659,Production & Technical,False,Day (08:00),False,5,19.5,21,False,True,0.476,False,False
SYN-01170,Hamburg-Langenhorn,Hamburg,urban,53.66747,10.03852,Office & Commercial,False,Day (08:00),False,2,7.8,45,False,True,0.348,False,False
SYN-01171,Hamburg-Winterhude,Hamburg,urban_core,53.59582,9.99153,Office & Commercial,False,Day (08:00),False,3,11.7,29,True,True,0.652,True,False
SYN-01172,Hamburg-Bahrenfeld/Lurup,Hamburg,urban,53.58316,9.9167,Production & Technical,True,Late (14:00),True,5,19.5,38,False,False,0.332,False,False
SYN-01173,Hamburg-Sasel/Wellingsbüttel,Hamburg,suburban,53.65565,10.12962,Production & Technical,True,Late (14:00),True,5,19.5,35,True,True,0.054,False,False
SYN-01174,Hamburg-Bahrenfeld/Lurup,Hamburg,urban,53.5644,9.90633,Office & Commercial,False,Day (08:00),False,3,11.7,31,True,False,0.545,False,False
SYN-01175,Hamburg-Rotherbaum,Hamburg,urban_core,53.5689,9.99568,Production & Technical,False,Day (08:00),False,5,19.5,42,False,False,1.091,False,False
SYN-01176,Hamburg-Bahrenfeld/Lurup,Hamburg,urban,53.5684,9.90955,Production & Technical,True,Early (06:00),True,5,19.5,20,False,True,1.737,False,False
SYN-01177,Hamburg-Eppendorf,Hamburg,urban_core,53.59537,9.96582,Production & Technical,False,Day (08:00),False,5,19.5,39,False,False,-0.356,False,False
SYN-01178,Hamburg-Winterhude,Hamburg,urban_core,53.59447,10.03112,Production & Technical,True,Night (22:00),True,5,19.5,41,False,True,0.194,False,False
SYN-01179,Hamburg-Schnelsen,Hamburg,suburban,53.63481,9.90892,Production & Technical,True,Night (22:00),True,5,19.5,27,False,True,-0.273,False,False
SYN-01180,Hamburg-Schnelsen,Hamburg,suburban,53.64839,9.93128,Office & Commercial,False,Day (08:00),False,3,11.7,59,False,True,-0.949,False,False
SYN-01181,Hamburg-Bahrenfeld/Lurup,Hamburg,urban,53.57704,9.86535,Production & Technical,True,Early (06:00),True,5,19.5,35,True,True,-1.349,False,False
SYN-01182,Hamburg-Langenhorn,Hamburg,urban,53.67429,10.00373,Field & Sales,False,Day (08:00),False,2,7.8,39,False,True,0.224,False,True
SYN-01183,Norderstedt,Kr. Segeberg,suburban,53.69605,10.00694,Lab & R&D,False,Day (08:00),False,4,15.6,35,True,True,0.496,False,False
SYN-01184,Hamburg-Niendorf,Hamburg,urban,53.61968,9.94695,Office & Commercial,False,Day (08:00),False,3,11.7,41,False,True,0.012,True,False
SYN-01185,Hamburg-Niendorf,Hamburg,urban,53.6237,9.94632,Field & Sales,False,Day (08:00),False,3,11.7,56,False,True,-0.092,False,True
SYN-01186,Henstedt-Ulzburg,Kr. Segeberg,suburban,53.79614,9.94848,Lab & R&D,False,Day (08:00),False,5,19.5,64,False,True,-0.048,True,False
SYN-01187,Hamburg-Winterhude,Hamburg,urban_core,53.58259,10.0272,Production & Technical,True,Early (06:00),True,5,19.5,50,False,False,1.628,True,False
SYN-01188,Seevetal/Neu Wulmstorf,Kr. Harburg,rural,53.43432,9.90095,Office & Commercial,False,Day (08:00),False,3,11.7,54,False,True,-0.92,False,False
SYN-01189,Hamburg-Langenhorn,Hamburg,urban,53.67485,9.99221,Production & Technical,False,Day (08:00),False,5,19.5,61,False,True,-1.338,False,False
SYN-01190,Hamburg-Rahlstedt,Hamburg,suburban,53.60322,10.16596,Office & Commercial,False,Day (08:00),False,3,11.7,45,False,False,-0.24,False,False
SYN-01191,Hamburg-Eppendorf,Hamburg,urban_core,53.59344,9.96852,Office & Commercial,False,Day (08:00),False,4,15.6,59,False,True,1.95,True,False
SYN-01192,Hamburg-Winterhude,Hamburg,urban_core,53.58838,10.0309,Production & Technical,False,Day (08:00),False,5,19.5,51,False,True,-0.961,False,False
SYN-01193,Neumünster,Kr. Neumünster,suburban,54.07864,9.96047,Production & Technical,False,Day (08:00),False,5,19.5,44,True,False,0.517,False,False
SYN-01194,Reinbek/Glinde,Kr. Stormarn,suburban,53.52701,10.23205,Field & Sales,False,Day (08:00),False,3,11.7,46,False,True,0.991,False,True
SYN-01195,Bad Segeberg,Kr. Segeberg,rural,53.94832,10.31748,Production & Technical,False,Day (08:00),False,5,19.5,22,False,True,-2.332,False,False
SYN-01196,Hamburg-Niendorf,Hamburg,urban,53.63967,9.94952,Production & Technical,True,Night (22:00),True,5,19.5,45,False,True,0.51,False,False
SYN-01197,Hamburg-Schnelsen,Hamburg,suburban,53.64122,9.90875,Production & Technical,False,Day (08:00),False,5,19.5,25,False,True,0.787,True,False
SYN-01198,Hamburg-Rahlstedt,Hamburg,suburban,53.61311,10.14261,Office & Commercial,False,Day (08:00),False,4,15.6,24,False,True,-0.067,False,False
SYN-01199,Hamburg-Sasel/Wellingsbüttel,Hamburg,suburban,53.66754,10.10598,Lab & R&D,False,Day (08:00),False,5,19.5,44,False,True,-0.78,False,False
SYN-01200,Hamburg-Bahrenfeld/Lurup,Hamburg,urban,53.55951,9.91065,Office & Commercial,False,Day (08:00),False,4,15.6,30,False,True,-0.241,False,False
